# 3ds Max Wavefront OBJ Exporter v0.99 - (c)2007 guruware
# File Created: 14.03.2025 01:08:52

mtllib Nave2.mtl

#
# object Body_Cylinder_002
#

v  12.0099 23.3365 -23.1964
v  13.7236 23.3365 -23.0248
v  13.7729 19.7881 -23.2765
v  12.0283 19.7881 -23.4512
v  16.3540 23.3365 -22.2135
v  16.4506 19.7881 -22.4505
v  18.7782 23.3365 -20.8959
v  18.9184 19.7881 -21.1093
v  20.9030 23.3365 -19.1227
v  21.0815 19.7881 -19.3042
v  22.6468 23.3365 -16.9622
v  22.8566 19.7881 -17.1048
v  23.9425 23.3365 -14.4972
v  24.1757 19.7881 -14.5954
v  24.7405 23.3365 -11.8225
v  24.9880 19.7881 -11.8726
v  24.9845 23.3365 -9.3029
v  24.6344 23.3365 -9.0410
v  24.8867 19.7881 -9.0410
v  25.2364 19.7881 -9.3076
v  24.9241 23.3365 -8.1551
v  24.7405 23.3365 -6.2594
v  24.9880 19.7881 -6.2094
v  25.1749 19.7881 -8.1392
v  23.9425 23.3365 -3.5848
v  24.1757 19.7881 -3.4866
v  22.6468 23.3365 -1.1198
v  22.8566 19.7881 -0.9773
v  20.9030 23.3365 1.0408
v  21.0815 19.7881 1.2222
v  18.7782 23.3365 2.8139
v  18.9184 19.7881 3.0273
v  16.3540 23.3365 4.1315
v  16.4506 19.7881 4.3685
v  13.7236 23.3365 4.9428
v  13.7729 19.7881 5.1945
v  11.1958 23.3365 5.1960
v  10.9881 23.3365 4.3876
v  10.9881 19.7881 4.6442
v  11.1995 19.7881 5.4522
v  9.7490 23.3365 5.0927
v  8.2526 23.3365 4.9428
v  8.2034 19.7881 5.1945
v  9.7267 19.7881 5.3470
v  5.6222 23.3365 4.1315
v  5.5256 19.7881 4.3685
v  3.1980 23.3365 2.8139
v  3.0578 19.7881 3.0273
v  1.0732 23.3365 1.0408
v  0.8948 19.7881 1.2222
v  -0.6706 23.3365 -1.1198
v  -0.8804 19.7881 -0.9772
v  -1.9663 23.3365 -3.5848
v  -2.1995 19.7881 -3.4866
v  -2.7643 23.3365 -6.2594
v  -3.0118 19.7881 -6.2094
v  -3.0096 23.3365 -8.7926
v  -2.5838 23.3365 -9.0410
v  -2.8362 19.7881 -9.0410
v  -3.2615 19.7881 -8.7882
v  -2.9251 23.3365 -10.1620
v  -2.7643 23.3365 -11.8225
v  -3.0118 19.7881 -11.8726
v  -3.1755 19.7881 -10.1822
v  -1.9663 23.3365 -14.4972
v  -2.1995 19.7881 -14.5954
v  -0.6706 23.3365 -16.9622
v  -0.8804 19.7881 -17.1047
v  1.0732 23.3365 -19.1227
v  0.8948 19.7881 -19.3042
v  3.1980 23.3365 -20.8959
v  3.0578 19.7881 -21.1093
v  5.6222 23.3365 -22.2135
v  5.5256 19.7881 -22.4505
v  16.1481 28.0872 -21.7078
v  18.4792 28.0872 -20.4408
v  8.2526 23.3365 -23.0248
v  8.2034 19.7881 -23.2765
v  10.7720 23.3365 -23.2771
v  10.9881 23.3365 -22.6441
v  10.9881 19.7881 -22.9007
v  10.7681 19.7881 -23.5333
v  24.4631 15.5323 -9.0410
v  24.8136 15.5323 -9.2997
v  24.5725 15.5323 -11.7886
v  23.8250 9.5940 -11.6374
v  23.0802 9.5940 -14.1340
v  23.7843 15.5323 -14.4306
v  8.2860 15.5323 4.7720
v  9.7641 15.5323 4.9200
v  -1.8081 15.5323 -14.4306
v  -2.5963 15.5323 -11.7886
v  20.7819 15.5323 -18.9996
v  18.6830 15.5323 -20.7511
v  18.6830 15.5323 2.6691
v  20.7819 15.5323 0.9176
v  -1.8081 15.5323 -3.6514
v  -0.5282 15.5323 -1.2166
v  8.2860 15.5323 -22.8540
v  5.6878 15.5323 -22.0525
v  24.5725 15.5323 -6.2934
v  24.7538 15.5323 -8.1659
v  5.6878 15.5323 3.9706
v  -0.5282 15.5323 -16.8654
v  22.5044 15.5323 -16.8654
v  16.2885 15.5323 3.9706
v  -2.5963 15.5323 -6.2934
v  13.6902 15.5323 -22.8540
v  11.9974 15.5323 -23.0235
v  10.9881 15.5323 -22.4699
v  10.7746 15.5323 -23.1032
v  23.7843 15.5323 -3.6514
v  3.2932 15.5323 2.6691
v  1.1943 15.5323 -18.9996
v  13.6902 15.5323 4.7720
v  -2.4126 15.5323 -9.0410
v  -2.8386 15.5323 -8.7957
v  16.2885 15.5323 -22.0525
v  22.5044 15.5323 -1.2166
v  1.1943 15.5323 0.9176
v  3.2932 15.5323 -20.7511
v  10.9881 15.5323 4.2134
v  11.1932 15.5323 5.0221
v  -2.7551 15.5323 -10.1483
v  23.0802 9.5940 -3.9480
v  22.3346 5.1403 -4.2620
v  23.0335 5.1403 -6.6047
v  23.8250 9.5940 -6.4446
v  0.1055 9.5940 -1.6471
v  1.7332 9.5940 0.3697
v  23.7010 9.5940 -9.0410
v  24.0528 9.5940 -9.2854
v  -1.1040 9.5940 -3.9480
v  23.9964 9.5940 -8.2141
v  -1.8488 9.5940 -6.4446
v  -1.6505 9.5940 -9.0410
v  -2.0778 9.5940 -8.8092
v  21.8707 9.5940 -1.6471
v  -1.8488 9.5940 -11.6374
v  -1.9990 9.5940 -10.0874
v  20.2430 9.5940 0.3697
v  -1.1040 9.5940 -14.1340
v  18.2596 9.5940 2.0248
v  0.1055 9.5940 -16.4349
v  15.9968 9.5940 3.2546
v  13.5415 9.5940 -22.0939
v  11.9419 9.5940 -22.2542
v  1.7332 9.5940 -18.4517
v  13.5415 9.5940 4.0120
v  15.9968 9.5940 -21.3366
v  3.7166 9.5940 -20.1068
v  10.9881 9.5940 3.4385
v  11.1819 9.5940 4.2483
v  18.2596 9.5940 -20.1068
v  5.9794 9.5940 -21.3366
v  8.4347 9.5940 4.0120
v  9.8315 9.5940 4.1519
v  20.2430 9.5940 -18.4517
v  8.4347 9.5940 -22.0939
v  5.9794 9.5940 3.2546
v  21.8707 9.5940 -16.4349
v  10.9881 9.5940 -21.6950
v  10.7864 9.5940 -22.3295
v  3.7166 9.5940 2.0248
v  17.8113 5.1403 1.3425
v  17.3052 2.3690 0.5723
v  19.0282 2.3690 -0.8656
v  19.6724 5.1403 -0.2106
v  -0.8435 5.1403 -9.0410
v  -1.2722 5.1403 -8.8235
v  21.1997 5.1403 -2.1030
v  -1.0573 5.1403 -11.4773
v  -1.1982 5.1403 -10.0229
v  -0.3584 5.1403 -13.8200
v  0.7765 5.1403 -15.9790
v  15.6880 5.1403 2.4965
v  13.3841 5.1403 -21.2891
v  11.8831 5.1403 -21.4394
v  2.3039 5.1403 -17.8714
v  13.3841 5.1403 3.2071
v  15.6880 5.1403 -20.5785
v  4.1649 5.1403 -19.4244
v  10.9881 5.1403 2.6179
v  11.1700 5.1403 3.4289
v  17.8113 5.1403 -19.4244
v  6.2882 5.1403 -20.5785
v  8.5921 5.1403 3.2071
v  9.9028 5.1403 3.3384
v  19.6724 5.1403 -17.8714
v  8.5921 5.1403 -21.2891
v  6.2882 5.1403 2.4965
v  21.1997 5.1403 -15.9790
v  10.9881 5.1403 -20.8744
v  10.7988 5.1403 -21.5101
v  4.1649 5.1403 1.3425
v  22.3346 5.1403 -13.8200
v  2.3039 5.1403 -0.2106
v  23.0335 5.1403 -11.4773
v  0.7765 5.1403 -2.1030
v  22.8940 5.1403 -9.0410
v  23.2473 5.1403 -9.2704
v  -0.3584 5.1403 -4.2620
v  23.1943 5.1403 -8.2651
v  -1.0573 5.1403 -6.6047
v  10.9881 2.3690 1.6916
v  10.9881 0.0927 0.7905
v  11.1434 0.0927 1.6042
v  11.1565 2.3690 2.5039
v  1.5340 2.3690 -15.4644
v  0.4832 2.3690 -13.4655
v  15.3394 2.3690 1.6407
v  13.2064 2.3690 -20.3806
v  11.8167 2.3690 -20.5198
v  2.9480 2.3690 -17.2164
v  13.2064 2.3690 2.2986
v  15.3394 2.3690 -19.7227
v  4.6710 2.3690 -18.6542
v  17.3052 2.3690 -18.6542
v  6.6368 2.3690 -19.7227
v  8.7698 2.3690 2.2986
v  9.9833 2.3690 2.4202
v  19.0282 2.3690 -17.2164
v  8.7698 2.3690 -20.3806
v  6.6368 2.3690 1.6407
v  20.4423 2.3690 -15.4644
v  10.9881 2.3690 -19.9481
v  10.8129 2.3690 -20.5852
v  4.6710 2.3690 0.5723
v  21.4930 2.3690 -13.4655
v  2.9480 2.3690 -0.8656
v  22.1400 2.3690 -11.2966
v  1.5340 2.3690 -2.6176
v  21.9830 2.3690 -9.0410
v  22.3379 2.3690 -9.2533
v  0.4832 2.3690 -4.6165
v  22.1400 2.3690 -6.7854
v  22.2889 2.3690 -8.3226
v  -0.1638 2.3690 -6.7854
v  21.4930 2.3690 -4.6165
v  0.0675 2.3690 -9.0410
v  -0.3628 2.3690 -8.8396
v  20.4423 2.3690 -2.6176
v  -0.1638 2.3690 -11.2966
v  -0.2942 2.3690 -9.9500
v  5.1634 0.0927 -0.1769
v  5.9752 -0.8970 -1.4124
v  7.5351 -0.8970 -0.5645
v  6.9759 0.0927 0.8082
v  16.8129 0.0927 -17.9051
v  15.0003 0.0927 -18.8902
v  6.9759 0.0927 -18.8902
v  5.1634 0.0927 -17.9051
v  8.9427 0.0927 1.4149
v  10.0616 0.0927 1.5270
v  18.4016 0.0927 -16.5793
v  8.9427 0.0927 -19.4969
v  19.7055 0.0927 -14.9638
v  10.9881 0.0927 -19.0470
v  10.8265 0.0927 -19.6856
v  20.6743 0.0927 -13.1207
v  3.5746 0.0927 -1.5027
v  21.2710 0.0927 -11.1208
v  2.2707 0.0927 -3.1182
v  21.0969 0.0927 -9.0410
v  21.4534 0.0927 -9.2368
v  1.3019 0.0927 -4.9613
v  21.2710 0.0927 -6.9612
v  21.4082 0.0927 -8.3786
v  0.7053 0.0927 -6.9612
v  20.6743 0.0927 -4.9613
v  0.9536 0.0927 -9.0410
v  0.5218 0.0927 -8.8553
v  19.7055 0.0927 -3.1182
v  0.7053 0.0927 -11.1208
v  0.5850 0.0927 -9.8792
v  18.4016 0.0927 -1.5027
v  1.3019 0.0927 -13.1207
v  16.8129 0.0927 -0.1769
v  2.2707 0.0927 -14.9638
v  15.0003 0.0927 0.8082
v  13.0335 0.0927 -19.4969
v  11.7521 0.0927 -19.6252
v  3.5746 0.0927 -16.5793
v  13.0335 0.0927 1.4149
v  2.6519 -0.8970 -5.5299
v  6.3040 -1.8868 -7.0681
v  6.7725 -1.8868 -6.1768
v  3.4857 -0.8970 -3.9437
v  19.3243 -0.8970 -12.5521
v  18.4905 -0.8970 -14.1383
v  4.6079 -0.8970 -2.5534
v  19.8377 -0.8970 -10.8309
v  19.6356 -0.8970 -9.0410
v  19.9948 -0.8970 -9.2095
v  19.8377 -0.8970 -7.2511
v  19.9559 -0.8970 -8.4709
v  2.1385 -0.8970 -7.2511
v  19.3243 -0.8970 -5.5299
v  2.4149 -0.8970 -9.0410
v  1.9806 -0.8970 -8.8812
v  18.4905 -0.8970 -3.9437
v  2.1385 -0.8970 -10.8309
v  2.0350 -0.8970 -9.7624
v  17.3684 -0.8970 -2.5534
v  2.6519 -0.8970 -12.5521
v  16.0010 -0.8970 -1.4124
v  3.4857 -0.8970 -14.1383
v  14.4411 -0.8970 -0.5645
v  12.7484 -0.8970 -18.0396
v  11.6457 -0.8970 -18.1500
v  4.6079 -0.8970 -15.5286
v  12.7484 -0.8970 -0.0424
v  14.4411 -0.8970 -17.5175
v  5.9752 -0.8970 -16.6696
v  10.9881 -0.8970 -0.6953
v  11.1217 -0.8970 0.1205
v  16.0010 -0.8970 -16.6696
v  7.5351 -0.8970 -17.5175
v  9.2278 -0.8970 -0.0424
v  10.1907 -0.8970 0.0540
v  17.3684 -0.8970 -15.5286
v  9.2278 -0.8970 -18.0396
v  10.9881 -0.8970 -17.5612
v  10.8490 -0.8970 -18.2019
v  10.9881 -1.8868 -13.5417
v  11.0654 -1.8868 -14.1886
v  11.3576 -1.8868 -14.1593
v  11.9772 -1.8868 -14.0973
v  12.9283 -1.8868 -13.8039
v  13.8049 -1.8868 -13.3275
v  14.5732 -1.8868 -12.6864
v  15.2037 -1.8868 -11.9051
v  15.6722 -1.8868 -11.0139
v  15.9607 -1.8868 -10.0467
v  15.6826 -1.8868 -9.0410
v  16.0461 -1.8868 -8.9165
v  16.0271 -1.8868 -8.7207
v  15.9607 -1.8868 -8.0352
v  15.6722 -1.8868 -7.0681
v  15.2037 -1.8868 -6.1768
v  14.5732 -1.8868 -5.3956
v  13.8049 -1.8868 -4.7545
v  12.9283 -1.8868 -4.2781
v  11.9772 -1.8868 -3.9847
v  10.9881 -1.8868 -4.7148
v  10.9103 -1.8868 -3.8934
v  10.5401 -1.8868 -3.9305
v  9.9990 -1.8868 -3.9847
v  9.0479 -1.8868 -4.2781
v  8.1714 -1.8868 -4.7545
v  7.4031 -1.8868 -5.3956
v  6.0155 -1.8868 -8.0352
v  5.9643 -1.8868 -8.5640
v  5.9268 -1.8868 -8.9512
v  6.3679 -1.8868 -9.0410
v  6.0155 -1.8868 -10.0467
v  6.3040 -1.8868 -11.0139
v  6.7725 -1.8868 -11.9051
v  7.4031 -1.8868 -12.6864
v  8.1714 -1.8868 -13.3275
v  9.0479 -1.8868 -13.8039
v  9.9990 -1.8868 -14.0973
v  5.9573 -1.8868 -9.4463
v  11.0632 -1.8868 -3.8932
v  10.9100 -1.8868 -14.1885
v  16.0490 -1.8868 -9.1357
v  10.9881 28.0872 -22.0968
v  10.9881 33.1348 -20.8483
v  11.1749 33.1348 -21.4842
v  11.1936 28.0872 -22.7309
v  22.1993 28.0872 -1.4238
v  20.5224 28.0872 0.6538
v  1.4538 28.0872 0.6538
v  -0.2231 28.0872 -1.4238
v  3.4970 28.0872 -20.4408
v  5.8282 28.0872 -21.7078
v  24.2126 28.0872 -11.7158
v  24.3946 28.0872 -9.8366
v  24.9298 23.3365 -9.8684
v  10.9881 28.0872 3.8403
v  10.7811 28.0872 4.6488
v  10.7728 23.3365 5.1952
v  -2.2364 28.0872 -11.7158
v  -1.4691 28.0872 -14.2878
v  20.5224 28.0872 -18.7358
v  18.4792 28.0872 2.3589
v  -1.4691 28.0872 -3.7942
v  8.3576 28.0872 -22.4880
v  24.0962 28.0872 -9.0410
v  24.4396 28.0872 -8.7100
v  24.9765 23.3365 -8.6967
v  8.3576 28.0872 4.4061
v  5.8282 28.0872 3.6258
v  -0.2231 28.0872 -16.6581
v  22.1993 28.0872 -16.6581
v  16.1481 28.0872 3.6258
v  -2.2364 28.0872 -6.3662
v  11.2018 23.3365 -23.2774
v  9.8278 28.0872 -22.6353
v  9.7815 23.3365 -23.1779
v  24.2126 28.0872 -6.3662
v  23.4453 28.0872 -3.7942
v  3.4970 28.0872 2.3589
v  1.4538 28.0872 -18.7358
v  23.4453 28.0872 -14.2878
v  13.6186 28.0872 4.4061
v  -2.3726 28.0872 -7.7726
v  -2.9059 23.3365 -7.7220
v  13.6186 28.0872 -22.4880
v  12.1853 28.0872 4.5496
v  12.2331 23.3365 5.0921
v  -2.0456 28.0872 -9.0410
v  -2.4715 28.0872 -9.2887
v  -3.0087 23.3365 -9.2985
v  17.7970 33.1348 -19.4027
v  17.0847 37.4895 -18.3187
v  18.7476 37.4895 -16.9311
v  19.6542 33.1348 -17.8529
v  0.7979 33.1348 -15.9645
v  2.3220 33.1348 -17.8529
v  15.6782 33.1348 2.4724
v  13.3791 33.1348 3.1815
v  13.3791 33.1348 -21.2635
v  15.6782 33.1348 -20.5543
v  4.1792 33.1348 -19.4027
v  12.0763 33.1348 3.3120
v  6.2981 33.1348 -20.5543
v  10.9881 33.1348 2.5918
v  10.8000 33.1348 3.4021
v  8.5971 33.1348 -21.2635
v  8.5971 33.1348 3.1815
v  6.2981 33.1348 2.4724
v  21.1784 33.1348 -15.9645
v  9.9335 33.1348 -21.3973
v  4.1792 33.1348 1.3208
v  22.3109 33.1348 -13.8100
v  2.3220 33.1348 -0.2291
v  23.0083 33.1348 -11.4722
v  0.7979 33.1348 -2.1175
v  23.1738 33.1348 -9.7642
v  -0.3347 33.1348 -4.2720
v  22.8683 33.1348 -9.0410
v  23.2147 33.1348 -8.7401
v  -1.0321 33.1348 -6.6098
v  23.0083 33.1348 -6.6098
v  22.3109 33.1348 -4.2720
v  -1.1559 33.1348 -7.8881
v  21.1784 33.1348 -2.1175
v  -0.8178 33.1348 -9.0410
v  -1.2458 33.1348 -9.2661
v  19.6542 33.1348 -0.2291
v  -1.0321 33.1348 -11.4722
v  -0.3347 33.1348 -13.8100
v  17.7970 33.1348 1.3208
v  21.1264 37.4895 -13.3111
v  19.9342 41.4484 -12.8089
v  20.4852 41.4484 -10.9619
v  21.7508 37.4895 -11.2179
v  6.7887 37.4895 -19.3499
v  8.8473 37.4895 -19.9848
v  8.8473 37.4895 1.9029
v  6.7887 37.4895 1.2679
v  20.1123 37.4895 -15.2402
v  10.0438 37.4895 -20.1047
v  4.8915 37.4895 0.2368
v  3.2286 37.4895 -1.1509
v  1.8639 37.4895 -2.8418
v  21.8989 37.4895 -9.6885
v  0.8499 37.4895 -4.7709
v  21.5862 37.4895 -9.0410
v  21.9356 37.4895 -8.7716
v  0.2254 37.4895 -6.8641
v  21.7508 37.4895 -6.8641
v  21.1264 37.4895 -4.7709
v  0.1145 37.4895 -8.0087
v  20.1123 37.4895 -2.8418
v  0.4644 37.4895 -9.0410
v  0.0341 37.4895 -9.2426
v  18.7476 37.4895 -1.1509
v  0.2254 37.4895 -11.2179
v  0.8499 37.4895 -13.3111
v  17.0847 37.4895 0.2368
v  1.8639 37.4895 -15.2402
v  15.1875 37.4895 1.2679
v  10.9881 37.4895 -19.5445
v  11.1554 37.4895 -20.1825
v  3.2286 37.4895 -16.9311
v  13.1290 37.4895 1.9029
v  13.1290 37.4895 -19.9848
v  15.1875 37.4895 -19.3499
v  4.8915 37.4895 -18.3187
v  11.9624 37.4895 2.0197
v  10.9881 37.4895 1.2881
v  10.8196 37.4895 2.1004
v  4.1411 41.4484 -2.0787
v  2.9369 41.4484 -3.5708
v  20.6159 41.4484 -9.6124
v  2.0420 41.4484 -5.2731
v  20.2958 41.4484 -9.0410
v  20.6482 41.4484 -8.8033
v  1.4910 41.4484 -7.1201
v  20.4852 41.4484 -7.1201
v  19.9342 41.4484 -5.2731
v  1.3932 41.4484 -8.1301
v  19.0393 41.4484 -3.5708
v  1.7548 41.4484 -9.0410
v  1.3222 41.4484 -9.2189
v  17.8351 41.4484 -2.0787
v  1.4910 41.4484 -10.9619
v  2.0420 41.4484 -12.8089
v  16.3678 41.4484 -0.8542
v  2.9369 41.4484 -14.5112
v  14.6937 41.4484 0.0556
v  10.9881 41.4484 -18.2324
v  11.1357 41.4484 -18.8723
v  4.1411 41.4484 -16.0032
v  12.8772 41.4484 0.6159
v  12.8772 41.4484 -18.6979
v  14.6937 41.4484 -18.1376
v  5.6084 41.4484 -17.2277
v  11.8478 41.4484 0.7190
v  16.3678 41.4484 -17.2277
v  7.2825 41.4484 -18.1376
v  10.9881 41.4484 -0.0241
v  10.8394 41.4484 0.7902
v  17.8351 41.4484 -16.0032
v  9.0990 41.4484 -18.6979
v  9.0990 41.4484 0.6159
v  7.2825 41.4484 0.0556
v  19.0393 41.4484 -14.5112
v  10.1549 41.4484 -18.8037
v  5.6084 41.4484 -0.8542
v  10.0183 37.4895 2.0201
v  10.1324 41.4484 0.7194
v  9.9050 33.1348 3.3125
v  9.7966 28.0872 4.5502
v  10.8496 -0.8970 0.1200
v  10.8271 0.0927 1.6036
v  10.8135 2.3690 2.5033
v  10.7995 5.1403 3.4282
v  10.7872 9.5940 4.2476
v  10.7755 15.5323 5.0213
v  10.7690 19.7881 5.4514
v  11.1506 37.4895 2.1010
v  11.1315 41.4484 0.7908
v  11.1696 33.1348 3.4028
v  11.1878 28.0872 4.6495
v  11.7892 -0.8970 0.0537
v  11.4383 -1.8868 -3.9307
v  11.9190 0.0927 1.5265
v  12.0785 5.1403 3.3379
v  11.9976 2.3690 2.4197
v  12.1502 9.5940 4.1513
v  12.2179 15.5323 4.9194
v  12.2555 19.7881 5.3465
v  0.0334 37.4895 -8.8466
v  1.3216 41.4484 -8.8695
v  -1.2466 33.1348 -8.8239
v  -2.4723 28.0872 -8.8022
v  2.0473 -0.8970 -8.1922
v  0.5993 0.0927 -8.0547
v  -0.2787 2.3690 -7.9714
v  -1.1814 5.1403 -7.8857
v  -1.9810 9.5940 -7.8098
v  -2.7362 15.5323 -7.7381
v  -3.1560 19.7881 -7.6982
v  0.0995 37.4895 -9.9183
v  1.3800 41.4484 -9.8151
v  -1.1727 33.1348 -10.0208
v  -2.3910 28.0872 -10.1190
v  1.9811 -0.8970 -9.2067
v  5.9271 -1.8868 -9.1341
v  0.5225 0.0927 -9.2336
v  -0.3621 2.3690 -9.2498
v  -1.2714 5.1403 -9.2666
v  -2.0770 9.5940 -9.2814
v  -2.8377 15.5323 -9.2954
v  -3.2606 19.7881 -9.3032
v  10.8190 37.4895 -20.1823
v  10.8389 41.4484 -18.8722
v  10.7992 33.1348 -21.4840
v  10.7803 28.0872 -22.7307
v  10.2117 -0.8970 -18.1381
v  10.5518 -1.8868 -14.1527
v  10.0859 0.0927 -19.6114
v  10.0096 2.3690 -20.5048
v  9.9313 5.1403 -21.4232
v  9.8618 9.5940 -22.2369
v  9.7962 15.5323 -23.0052
v  9.7598 19.7881 -23.4323
v  11.7878 37.4895 -20.1191
v  11.6938 41.4484 -18.8164
v  11.8812 33.1348 -21.4135
v  11.9707 28.0872 -22.6531
v  11.1256 -0.8970 -18.2021
v  11.1479 0.0927 -19.6857
v  11.1614 2.3690 -20.5854
v  11.1753 5.1403 -21.5103
v  11.1876 9.5940 -22.3297
v  11.1992 15.5323 -23.1034
v  11.2057 19.7881 -23.5336
v  21.9418 37.4895 -9.2459
v  20.6537 41.4484 -9.2218
v  23.2217 33.1348 -9.2699
v  24.4473 28.0872 -9.2928
v  19.9596 -0.8970 -9.5734
v  16.0292 -1.8868 -9.3402
v  21.4125 0.0927 -9.6596
v  22.2935 2.3690 -9.7119
v  23.1993 5.1403 -9.7657
v  24.0017 9.5940 -9.8133
v  24.7594 15.5323 -9.8583
v  25.1807 19.7881 -9.8833
v  20.6120 41.4484 -8.4292
v  21.8945 37.4895 -8.3477
v  23.1688 33.1348 -8.2667
v  24.3892 28.0872 -8.1891
v  19.9897 -0.8970 -8.8195
v  21.4475 0.0927 -8.7836
v  22.3315 2.3690 -8.7618
v  23.2403 5.1403 -8.7395
v  24.0454 9.5940 -8.7197
v  24.8057 15.5323 -8.7009
v  25.2283 19.7881 -8.6906
# 624 vertices

vn 0.0976 0.0974 -0.9905
vn 0.1942 0.0978 -0.9761
vn 0.1951 -0.0150 -0.9807
vn 0.0980 -0.0150 -0.9951
vn 0.3809 0.0978 -0.9195
vn 0.3826 -0.0150 -0.9238
vn 0.5529 0.0978 -0.8275
vn 0.5555 -0.0150 -0.8314
vn 0.7037 0.0978 -0.7037
vn 0.7070 -0.0150 -0.7070
vn 0.8275 0.0978 -0.5529
vn 0.8314 -0.0150 -0.5555
vn 0.9195 0.0978 -0.3809
vn 0.9238 -0.0150 -0.3826
vn 0.9761 0.0978 -0.1942
vn 0.9807 -0.0150 -0.1951
vn 0.9102 0.0886 0.4046
vn 0.9925 0.0972 0.0737
vn 0.9970 -0.0153 0.0764
vn 0.9185 -0.0134 0.3951
vn 0.9905 0.0974 0.0976
vn 0.9761 0.0978 0.1942
vn 0.9807 -0.0150 0.1951
vn 0.9951 -0.0150 0.0980
vn 0.9195 0.0978 0.3809
vn 0.9238 -0.0150 0.3826
vn 0.8275 0.0978 0.5529
vn 0.8314 -0.0150 0.5555
vn 0.7037 0.0978 0.7037
vn 0.7070 -0.0150 0.7070
vn 0.5529 0.0978 0.8275
vn 0.5555 -0.0150 0.8314
vn 0.3809 0.0978 0.9195
vn 0.3826 -0.0150 0.9238
vn 0.1942 0.0978 0.9761
vn 0.1951 -0.0150 0.9807
vn -0.5675 0.0798 0.8195
vn -0.0047 0.0961 0.9954
vn -0.0049 -0.0152 0.9999
vn -0.5538 -0.0122 0.8325
vn -0.0976 0.0974 0.9905
vn -0.1942 0.0978 0.9761
vn -0.1951 -0.0150 0.9807
vn -0.0980 -0.0150 0.9951
vn -0.3809 0.0978 0.9195
vn -0.3826 -0.0150 0.9238
vn -0.5529 0.0978 0.8275
vn -0.5555 -0.0150 0.8314
vn -0.7037 0.0978 0.7037
vn -0.7070 -0.0150 0.7070
vn -0.8275 0.0978 0.5529
vn -0.8314 -0.0150 0.5555
vn -0.9195 0.0978 0.3809
vn -0.9238 -0.0150 0.3826
vn -0.9761 0.0978 0.1942
vn -0.9807 -0.0150 0.1951
vn -0.8862 0.0862 -0.4552
vn -0.9952 0.0973 -0.0085
vn -0.9998 -0.0154 -0.0089
vn -0.8958 -0.0131 -0.4443
vn -0.9905 0.0974 -0.0976
vn -0.9761 0.0978 -0.1942
vn -0.9807 -0.0150 -0.1951
vn -0.9951 -0.0150 -0.0980
vn -0.9195 0.0978 -0.3809
vn -0.9238 -0.0150 -0.3826
vn -0.8275 0.0978 -0.5529
vn -0.8314 -0.0150 -0.5555
vn -0.7037 0.0978 -0.7037
vn -0.7070 -0.0150 -0.7070
vn -0.5529 0.0978 -0.8275
vn -0.5555 -0.0150 -0.8314
vn -0.3809 0.0978 -0.9195
vn -0.3826 -0.0150 -0.9238
vn 0.3761 0.1853 -0.9079
vn 0.5459 0.1853 -0.8171
vn -0.1942 0.0978 -0.9761
vn -0.1951 -0.0150 -0.9807
vn 0.5352 0.0818 -0.8408
vn -0.0018 0.0967 -0.9953
vn -0.0019 -0.0153 -0.9999
vn 0.5223 -0.0125 -0.8527
vn 0.9901 -0.1194 0.0732
vn 0.9064 -0.1092 0.4080
vn 0.9736 -0.1206 -0.1937
vn 0.9677 -0.1626 -0.1925
vn 0.9116 -0.1626 -0.3776
vn 0.9171 -0.1206 -0.3799
vn -0.1937 -0.1206 0.9736
vn -0.0973 -0.1201 0.9880
vn -0.9171 -0.1206 -0.3799
vn -0.9736 -0.1206 -0.1937
vn 0.7019 -0.1206 -0.7019
vn 0.5515 -0.1206 -0.8254
vn 0.5515 -0.1206 0.8254
vn 0.7019 -0.1206 0.7019
vn -0.9171 -0.1206 0.3799
vn -0.8254 -0.1206 0.5515
vn -0.1937 -0.1206 -0.9736
vn -0.3799 -0.1206 -0.9171
vn 0.9736 -0.1206 0.1937
vn 0.9880 -0.1201 0.0973
vn -0.3799 -0.1206 0.9171
vn -0.8254 -0.1206 -0.5515
vn 0.8254 -0.1206 -0.5515
vn 0.3799 -0.1206 0.9171
vn -0.9736 -0.1206 0.1937
vn 0.1937 -0.1206 -0.9736
vn 0.0973 -0.1201 -0.9880
vn -0.0018 -0.1187 -0.9929
vn 0.5379 -0.1008 -0.8369
vn 0.9171 -0.1206 0.3799
vn -0.5515 -0.1206 0.8254
vn -0.7019 -0.1206 -0.7019
vn 0.1937 -0.1206 0.9736
vn -0.9928 -0.1195 -0.0084
vn -0.8824 -0.1063 -0.4584
vn 0.3799 -0.1206 -0.9171
vn 0.8254 -0.1206 0.5515
vn -0.7019 -0.1206 0.7019
vn -0.5515 -0.1206 -0.8254
vn -0.0046 -0.1179 0.9930
vn -0.5700 -0.0983 0.8157
vn -0.9880 -0.1201 -0.0973
vn 0.9116 -0.1626 0.3776
vn 0.8921 -0.2600 0.3695
vn 0.9470 -0.2600 0.1884
vn 0.9677 -0.1626 0.1925
vn -0.8204 -0.1626 0.5482
vn -0.6977 -0.1626 0.6977
vn 0.9841 -0.1618 0.0726
vn 0.8971 -0.1462 0.4169
vn -0.9116 -0.1626 0.3776
vn 0.9820 -0.1621 0.0967
vn -0.9677 -0.1626 0.1925
vn -0.9868 -0.1619 -0.0082
vn -0.8735 -0.1423 -0.4656
vn 0.8204 -0.1626 0.5482
vn -0.9677 -0.1626 -0.1925
vn -0.9820 -0.1621 -0.0967
vn 0.6977 -0.1626 0.6977
vn -0.9116 -0.1626 -0.3776
vn 0.5482 -0.1626 0.8204
vn -0.8204 -0.1626 -0.5482
vn 0.3776 -0.1626 0.9116
vn 0.1925 -0.1626 -0.9677
vn 0.0967 -0.1621 -0.9820
vn -0.6977 -0.1626 -0.6977
vn 0.1925 -0.1626 0.9677
vn 0.3776 -0.1626 -0.9116
vn -0.5482 -0.1626 -0.8204
vn -0.0044 -0.1598 0.9871
vn -0.5723 -0.1321 0.8094
vn 0.5482 -0.1626 -0.8204
vn -0.3776 -0.1626 -0.9116
vn -0.1925 -0.1626 0.9677
vn -0.0967 -0.1621 0.9820
vn 0.6977 -0.1626 -0.6977
vn -0.1925 -0.1626 -0.9677
vn -0.3776 -0.1626 0.9116
vn 0.8204 -0.1626 -0.5482
vn -0.0017 -0.1609 -0.9870
vn 0.5417 -0.1353 -0.8296
vn -0.5482 -0.1626 0.8204
vn 0.5365 -0.2600 0.8029
vn 0.5190 -0.3569 0.7767
vn 0.6605 -0.3569 0.6605
vn 0.6828 -0.2600 0.6828
vn -0.9640 -0.2657 -0.0082
vn -0.8543 -0.2258 -0.4682
vn 0.8029 -0.2600 0.5365
vn -0.9470 -0.2600 -0.1884
vn -0.9610 -0.2600 -0.0946
vn -0.8921 -0.2600 -0.3695
vn -0.8029 -0.2600 -0.5365
vn 0.3695 -0.2600 0.8921
vn 0.1884 -0.2600 -0.9470
vn 0.0946 -0.2600 -0.9610
vn -0.6828 -0.2600 -0.6828
vn 0.1884 -0.2600 0.9470
vn 0.3695 -0.2600 -0.8921
vn -0.5365 -0.2600 -0.8029
vn -0.0044 -0.2627 0.9649
vn -0.5685 -0.2111 0.7952
vn 0.5365 -0.2600 -0.8029
vn -0.3695 -0.2600 -0.8921
vn -0.1884 -0.2600 0.9470
vn -0.0946 -0.2600 0.9610
vn 0.6828 -0.2600 -0.6828
vn -0.1884 -0.2600 -0.9470
vn -0.3695 -0.2600 0.8921
vn 0.8029 -0.2600 -0.5365
vn -0.0017 -0.2643 -0.9644
vn 0.5398 -0.2156 -0.8137
vn -0.5365 -0.2600 0.8029
vn 0.8921 -0.2600 -0.3695
vn -0.6828 -0.2600 0.6828
vn 0.9470 -0.2600 -0.1884
vn -0.8029 -0.2600 0.5365
vn 0.9615 -0.2649 0.0732
vn 0.8766 -0.2315 0.4220
vn -0.8921 -0.2600 0.3695
vn 0.9610 -0.2600 0.0946
vn -0.9470 -0.2600 0.1884
vn -0.0041 -0.3512 0.9363
vn -0.0060 -0.7465 0.6654
vn -0.5380 -0.5226 0.6614
vn -0.5821 -0.2878 0.7605
vn -0.7767 -0.3569 -0.5190
vn -0.8630 -0.3569 -0.3575
vn 0.3575 -0.3569 0.8630
vn 0.1822 -0.3569 -0.9162
vn 0.0916 -0.3560 -0.9300
vn -0.6605 -0.3569 -0.6605
vn 0.1822 -0.3569 0.9162
vn 0.3575 -0.3569 -0.8630
vn -0.5190 -0.3569 -0.7767
vn 0.5190 -0.3569 -0.7767
vn -0.3575 -0.3569 -0.8630
vn -0.1822 -0.3569 0.9162
vn -0.0916 -0.3560 0.9300
vn 0.6605 -0.3569 -0.6605
vn -0.1822 -0.3569 -0.9162
vn -0.3575 -0.3569 0.8630
vn 0.7767 -0.3569 -0.5190
vn -0.0016 -0.3535 -0.9354
vn 0.5540 -0.2945 -0.7787
vn -0.5190 -0.3569 0.7767
vn 0.8630 -0.3569 -0.3575
vn -0.6605 -0.3569 0.6605
vn 0.9162 -0.3569 -0.1822
vn -0.7767 -0.3569 0.5190
vn 0.9319 -0.3558 0.0702
vn 0.8411 -0.3177 0.4378
vn -0.8630 -0.3569 0.3575
vn 0.9162 -0.3569 0.1822
vn 0.9300 -0.3560 0.0916
vn -0.9162 -0.3569 0.1822
vn 0.8630 -0.3569 0.3575
vn -0.9345 -0.3560 -0.0077
vn -0.8188 -0.3093 -0.4835
vn 0.7767 -0.3569 0.5190
vn -0.9162 -0.3569 -0.1822
vn -0.9300 -0.3560 -0.0916
vn -0.4293 -0.6348 0.6425
vn -0.2202 -0.9181 0.3295
vn -0.1517 -0.9181 0.3661
vn -0.2957 -0.6348 0.7139
vn 0.4293 -0.6348 -0.6425
vn 0.2957 -0.6348 -0.7139
vn -0.2957 -0.6348 -0.7139
vn -0.4293 -0.6348 -0.6425
vn -0.1507 -0.6348 0.7579
vn -0.0751 -0.6424 0.7627
vn 0.5464 -0.6348 -0.5464
vn -0.1507 -0.6348 -0.7579
vn 0.6425 -0.6348 -0.4293
vn -0.0023 -0.7472 -0.6645
vn 0.5124 -0.5298 -0.6758
vn 0.7139 -0.6348 -0.2957
vn -0.5464 -0.6348 0.5464
vn 0.7579 -0.6348 -0.1507
vn -0.6425 -0.6348 0.4293
vn 0.6794 -0.7293 0.0809
vn 0.7242 -0.5572 0.4063
vn -0.7139 -0.6348 0.2957
vn 0.7579 -0.6348 0.1507
vn 0.7627 -0.6424 0.0751
vn -0.7579 -0.6348 0.1507
vn 0.7139 -0.6348 0.2957
vn -0.6704 -0.7419 -0.0099
vn -0.7073 -0.5468 -0.4481
vn 0.6425 -0.6348 0.4293
vn -0.7579 -0.6348 -0.1507
vn -0.7627 -0.6424 -0.0751
vn 0.5464 -0.6348 0.5464
vn -0.7139 -0.6348 -0.2957
vn 0.4293 -0.6348 0.6425
vn -0.6425 -0.6348 -0.4293
vn 0.2957 -0.6348 0.7139
vn 0.1507 -0.6348 -0.7579
vn 0.0751 -0.6424 -0.7627
vn -0.5464 -0.6348 -0.5464
vn 0.1507 -0.6348 0.7579
vn -0.3661 -0.9181 0.1517
vn -0.1127 -0.9925 0.0467
vn -0.1015 -0.9925 0.0678
vn -0.3295 -0.9181 0.2202
vn 0.3661 -0.9181 -0.1517
vn 0.3295 -0.9181 -0.2202
vn -0.2802 -0.9181 0.2802
vn 0.3887 -0.9181 -0.0773
vn 0.2955 -0.9532 0.0645
vn 0.4044 -0.8429 0.3550
vn 0.3887 -0.9181 0.0773
vn 0.3872 -0.9212 0.0381
vn -0.3887 -0.9181 0.0773
vn 0.3661 -0.9181 0.1517
vn -0.2859 -0.9582 -0.0096
vn -0.3940 -0.8232 -0.4088
vn 0.3295 -0.9181 0.2202
vn -0.3887 -0.9181 -0.0773
vn -0.3872 -0.9212 -0.0381
vn 0.2802 -0.9181 0.2802
vn -0.3661 -0.9181 -0.1517
vn 0.2202 -0.9181 0.3295
vn -0.3295 -0.9181 -0.2202
vn 0.1517 -0.9181 0.3661
vn 0.0773 -0.9181 -0.3887
vn 0.0381 -0.9212 -0.3872
vn -0.2802 -0.9181 -0.2802
vn 0.0773 -0.9181 0.3887
vn 0.1517 -0.9181 -0.3661
vn -0.2202 -0.9181 -0.3295
vn -0.0080 -0.9599 0.2803
vn -0.5385 -0.7637 0.3560
vn 0.2202 -0.9181 -0.3295
vn -0.1517 -0.9181 -0.3661
vn -0.0773 -0.9181 0.3887
vn -0.0381 -0.9212 0.3872
vn 0.2802 -0.9181 -0.2802
vn -0.0773 -0.9181 -0.3887
vn -0.0028 -0.9600 -0.2798
vn 0.4999 -0.7834 -0.3693
vn -0.0002 -0.9988 -0.0487
vn -0.4284 -0.8921 -0.1435
vn 0.0113 -0.9933 -0.1149
vn 0.0238 -0.9925 -0.1197
vn 0.0467 -0.9925 -0.1127
vn 0.0678 -0.9925 -0.1015
vn 0.0863 -0.9925 -0.0863
vn 0.1015 -0.9925 -0.0678
vn 0.1127 -0.9925 -0.0467
vn 0.1272 -0.9916 -0.0253
vn 0.0665 -0.9978 0.0044
vn 0.1592 -0.9672 -0.1978
vn 0.1149 -0.9933 0.0113
vn 0.1197 -0.9925 0.0238
vn 0.1127 -0.9925 0.0467
vn 0.1015 -0.9925 0.0678
vn 0.0863 -0.9925 0.0863
vn 0.0678 -0.9925 0.1015
vn 0.0467 -0.9925 0.1127
vn 0.0269 -0.9904 0.1353
vn -0.0006 -0.9990 0.0453
vn 0.4768 -0.8682 0.1371
vn -0.0113 -0.9933 0.1149
vn -0.0238 -0.9925 0.1197
vn -0.0467 -0.9925 0.1127
vn -0.0678 -0.9925 0.1015
vn -0.0863 -0.9925 0.0863
vn -0.1197 -0.9925 0.0238
vn -0.1149 -0.9933 0.0113
vn -0.1547 -0.9374 -0.3119
vn -0.0587 -0.9983 -0.0007
vn -0.1287 -0.9914 -0.0256
vn -0.1127 -0.9925 -0.0467
vn -0.1015 -0.9925 -0.0678
vn -0.0863 -0.9925 -0.0863
vn -0.0678 -0.9925 -0.1015
vn -0.0467 -0.9925 -0.1127
vn -0.0263 -0.9908 -0.1324
vn -0.2283 -0.9733 -0.0225
vn -0.6400 -0.7469 0.1801
vn 0.5690 -0.7996 -0.1921
vn 0.2170 -0.9102 0.3528
vn -0.0018 0.1874 -0.9823
vn -0.0016 0.2718 -0.9623
vn -0.5491 0.2279 -0.8041
vn -0.5336 0.1544 -0.8316
vn 0.8171 0.1853 0.5459
vn 0.6949 0.1853 0.6949
vn -0.6949 0.1853 0.6949
vn -0.8171 0.1853 0.5459
vn -0.5459 0.1853 -0.8171
vn -0.3761 0.1853 -0.9079
vn 0.9638 0.1853 -0.1917
vn 0.9780 0.1852 -0.0963
vn 0.9905 0.0974 -0.0976
vn -0.0046 0.1863 0.9825
vn 0.5593 0.1515 0.8150
vn 0.5638 0.0800 0.8220
vn -0.9638 0.1853 -0.1917
vn -0.9079 0.1853 -0.3761
vn 0.6949 0.1853 -0.6949
vn 0.5459 0.1853 0.8171
vn -0.9079 0.1853 0.3761
vn -0.1917 0.1853 -0.9638
vn 0.9794 0.1878 0.0746
vn 0.9237 0.1710 -0.3428
vn 0.9369 0.0911 -0.3376
vn -0.1917 0.1853 0.9638
vn -0.3761 0.1853 0.9079
vn -0.8171 0.1853 -0.5459
vn 0.8171 0.1853 -0.5459
vn 0.3761 0.1853 0.9079
vn -0.9638 0.1853 0.1917
vn -0.5366 0.0817 -0.8398
vn -0.0963 0.1852 -0.9780
vn -0.0976 0.0974 -0.9905
vn 0.9638 0.1853 0.1917
vn 0.9079 0.1853 0.3761
vn -0.5459 0.1853 0.8171
vn -0.6949 0.1853 -0.6949
vn 0.9079 0.1853 -0.3761
vn 0.1917 0.1853 0.9638
vn -0.9780 0.1852 0.0963
vn -0.9905 0.0974 0.0976
vn 0.1917 0.1853 -0.9638
vn 0.0963 0.1852 0.9780
vn 0.0976 0.0974 0.9905
vn -0.9821 0.1884 -0.0085
vn -0.8786 0.1627 0.4490
vn -0.8899 0.0866 0.4478
vn 0.5341 0.2752 -0.7994
vn 0.5275 0.3139 -0.7894
vn 0.6714 0.3139 -0.6714
vn 0.6798 0.2752 -0.6798
vn -0.7994 0.2752 -0.5341
vn -0.6798 0.2752 -0.6798
vn 0.3679 0.2752 0.8882
vn 0.1876 0.2752 0.9429
vn 0.1876 0.2752 -0.9429
vn 0.3679 0.2752 -0.8882
vn -0.5341 0.2752 -0.7994
vn 0.0943 0.2744 0.9570
vn -0.3679 0.2752 -0.8882
vn -0.0042 0.2700 0.9628
vn 0.5738 0.2234 0.7879
vn -0.1876 0.2752 -0.9429
vn -0.1876 0.2752 0.9429
vn -0.3679 0.2752 0.8882
vn 0.7994 0.2752 -0.5341
vn -0.0943 0.2744 -0.9570
vn -0.5341 0.2752 0.7994
vn 0.8882 0.2752 -0.3679
vn -0.6798 0.2752 0.6798
vn 0.9429 0.2752 -0.1876
vn -0.7994 0.2752 0.5341
vn 0.9570 0.2744 -0.0943
vn -0.8882 0.2752 0.3679
vn 0.9592 0.2736 0.0714
vn 0.8967 0.2538 -0.3628
vn -0.9429 0.2752 0.1876
vn 0.9429 0.2752 0.1876
vn 0.8882 0.2752 0.3679
vn -0.9570 0.2744 0.0943
vn 0.7994 0.2752 0.5341
vn -0.9618 0.2737 -0.0080
vn -0.8507 0.2408 0.4672
vn 0.6798 0.2752 0.6798
vn -0.9429 0.2752 -0.1876
vn -0.8882 0.2752 -0.3679
vn 0.5341 0.2752 0.7994
vn 0.8772 0.3139 -0.3633
vn 0.8726 0.3286 -0.3614
vn 0.9263 0.3286 -0.1843
vn 0.9312 0.3139 -0.1852
vn -0.3633 0.3139 -0.8772
vn -0.1852 0.3139 -0.9312
vn -0.1852 0.3139 0.9312
vn -0.3633 0.3139 0.8772
vn 0.7894 0.3139 -0.5275
vn -0.0931 0.3128 -0.9452
vn -0.5275 0.3139 0.7894
vn -0.6714 0.3139 0.6714
vn -0.7894 0.3139 0.5275
vn 0.9452 0.3128 -0.0931
vn -0.8772 0.3139 0.3633
vn 0.9482 0.3104 0.0682
vn 0.8760 0.2868 -0.3878
vn -0.9312 0.3139 0.1852
vn 0.9312 0.3139 0.1852
vn 0.8772 0.3139 0.3633
vn -0.9452 0.3128 0.0931
vn 0.7894 0.3139 0.5275
vn -0.9506 0.3103 -0.0074
vn -0.8300 0.2719 0.4869
vn 0.6714 0.3139 0.6714
vn -0.9312 0.3139 -0.1852
vn -0.8772 0.3139 -0.3633
vn 0.5275 0.3139 0.7894
vn -0.7894 0.3139 -0.5275
vn 0.3633 0.3139 0.8772
vn -0.0015 0.3078 -0.9515
vn -0.5624 0.2576 -0.7857
vn -0.6714 0.3139 -0.6714
vn 0.1852 0.3139 0.9312
vn 0.1852 0.3139 -0.9312
vn 0.3633 0.3139 -0.8772
vn -0.5275 0.3139 -0.7894
vn 0.0931 0.3128 0.9452
vn -0.0038 0.3055 0.9522
vn 0.5850 0.2526 0.7707
vn -0.6678 0.3286 0.6678
vn -0.7853 0.3286 0.5247
vn 0.9404 0.3272 -0.0926
vn -0.8726 0.3286 0.3614
vn 0.9450 0.3228 0.0533
vn 0.8476 0.2926 -0.4427
vn -0.9263 0.3286 0.1843
vn 0.9263 0.3286 0.1843
vn 0.8726 0.3286 0.3614
vn -0.9404 0.3272 0.0926
vn 0.7853 0.3286 0.5247
vn -0.9467 0.3222 -0.0056
vn -0.7891 0.2725 0.5505
vn 0.6678 0.3286 0.6678
vn -0.9263 0.3286 -0.1843
vn -0.8726 0.3286 -0.3614
vn 0.5247 0.3286 0.7853
vn -0.7853 0.3286 -0.5247
vn 0.3614 0.3286 0.8726
vn -0.0011 0.3194 -0.9476
vn -0.6305 0.2534 -0.7337
vn -0.6678 0.3286 -0.6678
vn 0.1843 0.3286 0.9263
vn 0.1843 0.3286 -0.9263
vn 0.3614 0.3286 -0.8726
vn -0.5247 0.3286 -0.7853
vn 0.0926 0.3272 0.9404
vn 0.5247 0.3286 -0.7853
vn -0.3614 0.3286 -0.8726
vn -0.0028 0.3169 0.9484
vn 0.6541 0.2468 0.7150
vn 0.6678 0.3286 -0.6678
vn -0.1843 0.3286 -0.9263
vn -0.1843 0.3286 0.9263
vn -0.3614 0.3286 0.8726
vn 0.7853 0.3286 -0.5247
vn -0.0926 0.3272 -0.9404
vn -0.5247 0.3286 0.7853
vn -0.0931 0.3128 0.9452
vn -0.0926 0.3272 0.9404
vn -0.0943 0.2744 0.9570
vn -0.0963 0.1852 0.9780
vn 0.5341 -0.7660 0.3577
vn 0.5351 -0.5234 0.6631
vn 0.5788 -0.2885 0.7627
vn 0.5652 -0.2116 0.7974
vn 0.5687 -0.1324 0.8118
vn 0.5663 -0.0986 0.8183
vn 0.5502 -0.0123 0.8350
vn -0.5881 0.2520 0.7685
vn -0.6573 0.2460 0.7124
vn -0.5772 0.2228 0.7856
vn -0.5628 0.1511 0.8127
vn 0.0381 -0.9212 0.3872
vn 0.0225 -0.9733 0.2283
vn 0.0751 -0.6424 0.7627
vn 0.0946 -0.2600 0.9610
vn 0.0916 -0.3560 0.9300
vn 0.0967 -0.1621 0.9820
vn 0.0973 -0.1201 0.9880
vn 0.0980 -0.0150 0.9951
vn -0.8266 0.2708 -0.4933
vn -0.7848 0.2711 -0.5573
vn -0.8472 0.2399 -0.4741
vn -0.8751 0.1620 -0.4560
vn -0.3872 -0.9212 0.0381
vn -0.7627 -0.6424 0.0751
vn -0.9300 -0.3560 0.0916
vn -0.9610 -0.2600 0.0946
vn -0.9820 -0.1621 0.0967
vn -0.9880 -0.1201 0.0973
vn -0.9951 -0.0150 0.0980
vn -0.9452 0.3128 -0.0931
vn -0.9404 0.3272 -0.0926
vn -0.9570 0.2744 -0.0943
vn -0.9780 0.1852 -0.0963
vn -0.3958 -0.8263 0.4008
vn -0.2117 -0.8856 0.4134
vn -0.7099 -0.5483 0.4421
vn -0.8222 -0.3106 0.4769
vn -0.8577 -0.2266 0.4615
vn -0.8771 -0.1429 0.4585
vn -0.8861 -0.1067 0.4510
vn -0.8993 -0.0131 0.4371
vn 0.5612 0.2578 -0.7865
vn 0.6292 0.2537 -0.7347
vn 0.5477 0.2281 -0.8050
vn 0.5321 0.1545 -0.8324
vn -0.0381 -0.9212 -0.3872
vn -0.0225 -0.9733 -0.2283
vn -0.0751 -0.6424 -0.7627
vn -0.0916 -0.3560 -0.9300
vn -0.0946 -0.2600 -0.9610
vn -0.0967 -0.1621 -0.9820
vn -0.0973 -0.1201 -0.9880
vn -0.0980 -0.0150 -0.9951
vn 0.0931 0.3128 -0.9452
vn 0.0926 0.3272 -0.9404
vn 0.0943 0.2744 -0.9570
vn 0.0963 0.1852 -0.9780
vn -0.5016 -0.7826 -0.3688
vn -0.5136 -0.5295 -0.6752
vn -0.5553 -0.2942 -0.7779
vn -0.5411 -0.2154 -0.8129
vn -0.5431 -0.1352 -0.8287
vn -0.5394 -0.1007 -0.8360
vn -0.5237 -0.0125 -0.8518
vn 0.8491 0.2782 0.4489
vn 0.8133 0.2811 0.5094
vn 0.8702 0.2464 0.4268
vn 0.8979 0.1662 0.4076
vn 0.3872 -0.9212 -0.0381
vn 0.2283 -0.9733 -0.0225
vn 0.7627 -0.6424 -0.0751
vn 0.9300 -0.3560 -0.0916
vn 0.9610 -0.2600 -0.0946
vn 0.9820 -0.1621 -0.0967
vn 0.9880 -0.1201 -0.0973
vn 0.9951 -0.0150 -0.0980
vn 0.9404 0.3272 0.0926
vn 0.9452 0.3128 0.0931
vn 0.9570 0.2744 0.0943
vn 0.9780 0.1852 0.0963
vn 0.4136 -0.8632 -0.2894
vn 0.7434 -0.5705 -0.3490
vn 0.8671 -0.3273 -0.3755
vn 0.9023 -0.2382 -0.3593
vn 0.9240 -0.1505 -0.3517
vn 0.9333 -0.1124 -0.3411
vn 0.9440 -0.0138 -0.3298
# 624 vertex normals

vt 0.1926 0.3199 0.0000
vt 0.2050 0.3207 0.0000
vt 0.2043 0.3442 0.0000
vt 0.1918 0.3441 0.0000
vt 0.2243 0.3215 0.0000
vt 0.2236 0.3445 0.0000
vt 0.2432 0.3222 0.0000
vt 0.2426 0.3448 0.0000
vt 0.2619 0.3226 0.0000
vt 0.2614 0.3451 0.0000
vt 0.2806 0.3228 0.0000
vt 0.2803 0.3454 0.0000
vt 0.2995 0.3228 0.0000
vt 0.2993 0.3458 0.0000
vt 0.3188 0.3226 0.0000
vt 0.3187 0.3462 0.0000
vt 0.3369 0.3221 0.0000
vt 0.3402 0.3217 0.0000
vt 0.3402 0.3467 0.0000
vt 0.3369 0.3466 0.0000
vt 0.0280 0.3196 0.0000
vt 0.0415 0.3204 0.0000
vt 0.0409 0.3441 0.0000
vt 0.0272 0.3440 0.0000
vt 0.0609 0.3213 0.0000
vt 0.0603 0.3443 0.0000
vt 0.0798 0.3218 0.0000
vt 0.0794 0.3445 0.0000
vt 0.0986 0.3222 0.0000
vt 0.0982 0.3447 0.0000
vt 0.1173 0.3223 0.0000
vt 0.1170 0.3449 0.0000
vt 0.1362 0.3223 0.0000
vt 0.1360 0.3452 0.0000
vt 0.1554 0.3221 0.0000
vt 0.1553 0.3455 0.0000
vt 0.1737 0.3215 0.0000
vt 0.1798 0.3207 0.0000
vt 0.1798 0.3460 0.0000
vt 0.1737 0.3458 0.0000
vt 0.1975 0.0416 0.0000
vt 0.1971 0.0524 0.0000
vt 0.1736 0.0521 0.0000
vt 0.1735 0.0412 0.0000
vt 0.1965 0.0717 0.0000
vt 0.1736 0.0714 0.0000
vt 0.1962 0.0906 0.0000
vt 0.1736 0.0904 0.0000
vt 0.1961 0.1093 0.0000
vt 0.1736 0.1092 0.0000
vt 0.1962 0.1280 0.0000
vt 0.1736 0.1280 0.0000
vt 0.1965 0.1469 0.0000
vt 0.1735 0.1470 0.0000
vt 0.1970 0.1662 0.0000
vt 0.1735 0.1664 0.0000
vt 0.1978 0.1844 0.0000
vt 0.1983 0.1880 0.0000
vt 0.1733 0.1883 0.0000
vt 0.1734 0.1847 0.0000
vt 0.3520 0.3195 0.0000
vt 0.3638 0.3202 0.0000
vt 0.3632 0.3438 0.0000
vt 0.3513 0.3437 0.0000
vt 0.3831 0.3210 0.0000
vt 0.3826 0.3440 0.0000
vt 0.4021 0.3215 0.0000
vt 0.4016 0.3442 0.0000
vt 0.4208 0.3219 0.0000
vt 0.4204 0.3444 0.0000
vt 0.4395 0.3221 0.0000
vt 0.4392 0.3447 0.0000
vt 0.4584 0.3220 0.0000
vt 0.4582 0.3449 0.0000
vt 0.2259 0.2905 0.0000
vt 0.2441 0.2915 0.0000
vt 0.4776 0.3218 0.0000
vt 0.4776 0.3453 0.0000
vt 0.4960 0.3212 0.0000
vt 0.5009 0.3206 0.0000
vt 0.5009 0.3458 0.0000
vt 0.4960 0.3456 0.0000
vt 0.3386 0.3765 0.0000
vt 0.3354 0.3759 0.0000
vt 0.3176 0.3746 0.0000
vt 0.3138 0.4144 0.0000
vt 0.2958 0.4125 0.0000
vt 0.2984 0.3735 0.0000
vt 0.1451 0.0527 0.0000
vt 0.1445 0.0419 0.0000
vt 0.3827 0.3717 0.0000
vt 0.3634 0.3723 0.0000
vt 0.2611 0.3723 0.0000
vt 0.2424 0.3721 0.0000
vt 0.1166 0.3722 0.0000
vt 0.0980 0.3719 0.0000
vt 0.1459 0.1466 0.0000
vt 0.1463 0.1279 0.0000
vt 0.4766 0.3736 0.0000
vt 0.4575 0.3726 0.0000
vt 0.0412 0.3727 0.0000
vt 0.0278 0.3734 0.0000
vt 0.1459 0.0719 0.0000
vt 0.4015 0.3715 0.0000
vt 0.2797 0.3727 0.0000
vt 0.1353 0.3728 0.0000
vt 0.1451 0.1658 0.0000
vt 0.2044 0.3727 0.0000
vt 0.1921 0.3732 0.0000
vt 0.4995 0.3758 0.0000
vt 0.4947 0.3748 0.0000
vt 0.0605 0.3721 0.0000
vt 0.1463 0.0907 0.0000
vt 0.4202 0.3716 0.0000
vt 0.1544 0.3737 0.0000
vt 0.1434 0.1873 0.0000
vt 0.1440 0.1837 0.0000
vt 0.2236 0.3722 0.0000
vt 0.0794 0.3718 0.0000
vt 0.1465 0.1093 0.0000
vt 0.4388 0.3719 0.0000
vt 0.1786 0.3761 0.0000
vt 0.1726 0.3749 0.0000
vt 0.3517 0.3728 0.0000
vt 0.0623 0.4115 0.0000
vt 0.0647 0.4410 0.0000
vt 0.0479 0.4430 0.0000
vt 0.0441 0.4130 0.0000
vt 0.1077 0.1269 0.0000
vt 0.1080 0.1093 0.0000
vt 0.3334 0.4177 0.0000
vt 0.3304 0.4168 0.0000
vt 0.1068 0.1447 0.0000
vt 0.0315 0.4144 0.0000
vt 0.1052 0.1626 0.0000
vt 0.1021 0.1828 0.0000
vt 0.1031 0.1794 0.0000
vt 0.0801 0.4106 0.0000
vt 0.3662 0.4125 0.0000
vt 0.3552 0.4137 0.0000
vt 0.0978 0.4104 0.0000
vt 0.3844 0.4110 0.0000
vt 0.1154 0.4108 0.0000
vt 0.4022 0.4103 0.0000
vt 0.1331 0.4118 0.0000
vt 0.2069 0.4128 0.0000
vt 0.1954 0.4140 0.0000
vt 0.4198 0.4101 0.0000
vt 0.1510 0.4134 0.0000
vt 0.2250 0.4114 0.0000
vt 0.4375 0.4105 0.0000
vt 0.1737 0.4175 0.0000
vt 0.1679 0.4157 0.0000
vt 0.2428 0.4108 0.0000
vt 0.4551 0.4116 0.0000
vt 0.1051 0.0558 0.0000
vt 0.1038 0.0458 0.0000
vt 0.2605 0.4108 0.0000
vt 0.4731 0.4133 0.0000
vt 0.1067 0.0739 0.0000
vt 0.2781 0.4113 0.0000
vt 0.4946 0.4171 0.0000
vt 0.4899 0.4156 0.0000
vt 0.1077 0.0917 0.0000
vt 0.1142 0.4398 0.0000
vt 0.1134 0.4586 0.0000
vt 0.0980 0.4583 0.0000
vt 0.0978 0.4394 0.0000
vt 0.0715 0.1772 0.0000
vt 0.0730 0.1741 0.0000
vt 0.0814 0.4398 0.0000
vt 0.3699 0.4425 0.0000
vt 0.3597 0.4442 0.0000
vt 0.3867 0.4405 0.0000
vt 0.4033 0.4394 0.0000
vt 0.1306 0.4409 0.0000
vt 0.2104 0.4426 0.0000
vt 0.1998 0.4444 0.0000
vt 0.4198 0.4391 0.0000
vt 0.1470 0.4429 0.0000
vt 0.2271 0.4409 0.0000
vt 0.4362 0.4395 0.0000
vt 0.1678 0.4484 0.0000
vt 0.1624 0.4457 0.0000
vt 0.2437 0.4399 0.0000
vt 0.4525 0.4407 0.0000
vt 0.0753 0.0599 0.0000
vt 0.0736 0.0506 0.0000
vt 0.2602 0.4398 0.0000
vt 0.4690 0.4428 0.0000
vt 0.0773 0.0765 0.0000
vt 0.2766 0.4404 0.0000
vt 0.4886 0.4478 0.0000
vt 0.4844 0.4456 0.0000
vt 0.0785 0.0931 0.0000
vt 0.2930 0.4417 0.0000
vt 0.0790 0.1095 0.0000
vt 0.3095 0.4440 0.0000
vt 0.0787 0.1259 0.0000
vt 0.3274 0.4482 0.0000
vt 0.3246 0.4469 0.0000
vt 0.0776 0.1423 0.0000
vt 0.0362 0.4451 0.0000
vt 0.0756 0.1588 0.0000
vt 0.1629 0.4685 0.0000
vt 0.1566 0.4835 0.0000
vt 0.1536 0.4790 0.0000
vt 0.1580 0.4648 0.0000
vt 0.4042 0.4585 0.0000
vt 0.3886 0.4597 0.0000
vt 0.1287 0.4597 0.0000
vt 0.2133 0.4619 0.0000
vt 0.2036 0.4639 0.0000
vt 0.4198 0.4581 0.0000
vt 0.1439 0.4617 0.0000
vt 0.2289 0.4600 0.0000
vt 0.4353 0.4584 0.0000
vt 0.2445 0.4590 0.0000
vt 0.4506 0.4596 0.0000
vt 0.0561 0.0631 0.0000
vt 0.0542 0.0547 0.0000
vt 0.2600 0.4587 0.0000
vt 0.4658 0.4617 0.0000
vt 0.0583 0.0786 0.0000
vt 0.2754 0.4592 0.0000
vt 0.4838 0.4677 0.0000
vt 0.4799 0.4649 0.0000
vt 0.0596 0.0942 0.0000
vt 0.2908 0.4606 0.0000
vt 0.0601 0.1097 0.0000
vt 0.3061 0.4629 0.0000
vt 0.0598 0.1251 0.0000
vt 0.3225 0.4679 0.0000
vt 0.3200 0.4662 0.0000
vt 0.0588 0.1405 0.0000
vt 0.0511 0.4625 0.0000
vt 0.0404 0.4649 0.0000
vt 0.0567 0.1557 0.0000
vt 0.0668 0.4602 0.0000
vt 0.0517 0.1727 0.0000
vt 0.0536 0.1698 0.0000
vt 0.0824 0.4589 0.0000
vt 0.3730 0.4618 0.0000
vt 0.3636 0.4638 0.0000
vt 0.0433 0.0952 0.0000
vt 0.0301 0.0960 0.0000
vt 0.0289 0.0818 0.0000
vt 0.0421 0.0805 0.0000
vt 0.2452 0.4753 0.0000
vt 0.2305 0.4762 0.0000
vt 0.4491 0.4755 0.0000
vt 0.4346 0.4745 0.0000
vt 0.0403 0.0660 0.0000
vt 0.0387 0.0584 0.0000
vt 0.2599 0.4750 0.0000
vt 0.4632 0.4771 0.0000
vt 0.2745 0.4754 0.0000
vt 0.4779 0.4827 0.0000
vt 0.4754 0.4791 0.0000
vt 0.2890 0.4766 0.0000
vt 0.0438 0.1099 0.0000
vt 0.3032 0.4785 0.0000
vt 0.0437 0.1245 0.0000
vt 0.3172 0.4830 0.0000
vt 0.3155 0.4808 0.0000
vt 0.0428 0.1390 0.0000
vt 0.0541 0.4785 0.0000
vt 0.0444 0.4806 0.0000
vt 0.0412 0.1531 0.0000
vt 0.0688 0.4765 0.0000
vt 0.0367 0.1674 0.0000
vt 0.0392 0.1654 0.0000
vt 0.0835 0.4752 0.0000
vt 0.3758 0.4778 0.0000
vt 0.3674 0.4794 0.0000
vt 0.0982 0.4746 0.0000
vt 0.3904 0.4760 0.0000
vt 0.1129 0.4747 0.0000
vt 0.4052 0.4748 0.0000
vt 0.1273 0.4755 0.0000
vt 0.2159 0.4778 0.0000
vt 0.2071 0.4793 0.0000
vt 0.4199 0.4743 0.0000
vt 0.1413 0.4771 0.0000
vt 0.7564 0.8008 0.0000
vt 0.7336 0.7836 0.0000
vt 0.7375 0.7779 0.0000
vt 0.7629 0.7902 0.0000
vt 0.2877 0.4894 0.0000
vt 0.2738 0.4884 0.0000
vt 0.0307 0.1100 0.0000
vt 0.3014 0.4911 0.0000
vt 0.0307 0.1240 0.0000
vt 0.3150 0.4955 0.0000
vt 0.3136 0.4930 0.0000
vt 0.0299 0.1379 0.0000
vt 0.0561 0.4919 0.0000
vt 0.0465 0.4935 0.0000
vt 0.0286 0.1517 0.0000
vt 0.0703 0.4898 0.0000
vt 0.0239 0.1656 0.0000
vt 0.0269 0.1639 0.0000
vt 0.0844 0.4884 0.0000
vt 0.3775 0.4912 0.0000
vt 0.3690 0.4924 0.0000
vt 0.0985 0.4877 0.0000
vt 0.3918 0.4893 0.0000
vt 0.1124 0.4877 0.0000
vt 0.4060 0.4880 0.0000
vt 0.1263 0.4884 0.0000
vt 0.2173 0.4912 0.0000
vt 0.2084 0.4922 0.0000
vt 0.4201 0.4874 0.0000
vt 0.1400 0.4896 0.0000
vt 0.2316 0.4895 0.0000
vt 0.4341 0.4876 0.0000
vt 0.1551 0.4966 0.0000
vt 0.1523 0.4911 0.0000
vt 0.2458 0.4884 0.0000
vt 0.4480 0.4883 0.0000
vt 0.0270 0.0676 0.0000
vt 0.0259 0.0599 0.0000
vt 0.2599 0.4881 0.0000
vt 0.4617 0.4897 0.0000
vt 0.4763 0.4956 0.0000
vt 0.4741 0.4913 0.0000
vt 0.6784 0.7733 0.0000
vt 0.6773 0.7726 0.0000
vt 0.6760 0.7718 0.0000
vt 0.6739 0.7684 0.0000
vt 0.6724 0.7619 0.0000
vt 0.6723 0.7550 0.0000
vt 0.6736 0.7482 0.0000
vt 0.6763 0.7417 0.0000
vt 0.6803 0.7359 0.0000
vt 0.6854 0.7309 0.0000
vt 0.6928 0.7298 0.0000
vt 0.6925 0.7269 0.0000
vt 0.6937 0.7265 0.0000
vt 0.6982 0.7249 0.0000
vt 0.7053 0.7237 0.0000
vt 0.7125 0.7240 0.0000
vt 0.7195 0.7256 0.0000
vt 0.7260 0.7286 0.0000
vt 0.7319 0.7330 0.0000
vt 0.7370 0.7385 0.0000
vt 0.7346 0.7473 0.0000
vt 0.7364 0.7479 0.0000
vt 0.7378 0.7491 0.0000
vt 0.7395 0.7519 0.0000
vt 0.7411 0.7581 0.0000
vt 0.7412 0.7648 0.0000
vt 0.7400 0.7715 0.0000
vt 0.7286 0.7885 0.0000
vt 0.7255 0.7905 0.0000
vt 0.7233 0.7920 0.0000
vt 0.7210 0.7895 0.0000
vt 0.7158 0.7949 0.0000
vt 0.7088 0.7959 0.0000
vt 0.7017 0.7955 0.0000
vt 0.6948 0.7938 0.0000
vt 0.6884 0.7908 0.0000
vt 0.6827 0.7866 0.0000
vt 0.6779 0.7814 0.0000
vt 0.6822 0.6997 0.0000
vt 0.6903 0.6965 0.0000
vt 0.7479 0.8101 0.0000
vt 0.7029 0.6942 0.0000
vt 0.7357 0.8151 0.0000
vt 0.7384 0.8170 0.0000
vt 0.7158 0.6944 0.0000
vt 0.7296 0.8206 0.0000
vt 0.7225 0.8230 0.0000
vt 0.7198 0.7935 0.0000
vt 0.7286 0.6970 0.0000
vt 0.7100 0.8248 0.0000
vt 0.7407 0.7020 0.0000
vt 0.6974 0.8241 0.0000
vt 0.7518 0.7093 0.0000
vt 0.6504 0.7851 0.0000
vt 0.6470 0.7778 0.0000
vt 0.6852 0.8211 0.0000
vt 0.7614 0.7188 0.0000
vt 0.6441 0.7656 0.0000
vt 0.6737 0.8157 0.0000
vt 0.7643 0.7336 0.0000
vt 0.7363 0.7489 0.0000
vt 0.7410 0.7446 0.0000
vt 0.7689 0.7291 0.0000
vt 0.6437 0.7529 0.0000
vt 0.6635 0.8083 0.0000
vt 0.7616 0.7364 0.0000
vt 0.7648 0.7423 0.0000
vt 0.6458 0.7404 0.0000
vt 0.6549 0.7991 0.0000
vt 0.7681 0.7539 0.0000
vt 0.6505 0.7286 0.0000
vt 0.6520 0.7860 0.0000
vt 0.6779 0.7728 0.0000
vt 0.6745 0.7759 0.0000
vt 0.6488 0.7892 0.0000
vt 0.7689 0.7662 0.0000
vt 0.6573 0.7179 0.0000
vt 0.7671 0.7784 0.0000
vt 0.6662 0.7086 0.0000
vt 0.6780 0.7035 0.0000
vt 0.6928 0.7289 0.0000
vt 0.6907 0.7271 0.0000
vt 0.6756 0.7019 0.0000
vt 0.1854 0.2857 0.0000
vt 0.1908 0.2499 0.0000
vt 0.1952 0.2519 0.0000
vt 0.1900 0.2872 0.0000
vt 0.0808 0.2911 0.0000
vt 0.0990 0.2916 0.0000
vt 0.2267 0.1092 0.0000
vt 0.2270 0.1274 0.0000
vt 0.4393 0.2913 0.0000
vt 0.4576 0.2909 0.0000
vt 0.3174 0.2907 0.0000
vt 0.3308 0.2897 0.0000
vt 0.3328 0.3222 0.0000
vt 0.1988 0.0279 0.0000
vt 0.2320 0.0311 0.0000
vt 0.2303 0.0369 0.0000
vt 0.1979 0.0340 0.0000
vt 0.3662 0.2885 0.0000
vt 0.3847 0.2899 0.0000
vt 0.2623 0.2919 0.0000
vt 0.1171 0.2916 0.0000
vt 0.2276 0.1457 0.0000
vt 0.4762 0.2901 0.0000
vt 0.0204 0.3189 0.0000
vt 0.0240 0.2859 0.0000
vt 0.0273 0.2868 0.0000
vt 0.0240 0.3194 0.0000
vt 0.2287 0.0543 0.0000
vt 0.2275 0.0728 0.0000
vt 0.4030 0.2908 0.0000
vt 0.2805 0.2920 0.0000
vt 0.1354 0.2913 0.0000
vt 0.2288 0.1643 0.0000
vt 0.1817 0.3188 0.0000
vt 0.1866 0.3196 0.0000
vt 0.4867 0.2892 0.0000
vt 0.4887 0.3215 0.0000
vt 0.0439 0.2886 0.0000
vt 0.0625 0.2901 0.0000
vt 0.2269 0.0910 0.0000
vt 0.4211 0.2913 0.0000
vt 0.2988 0.2916 0.0000
vt 0.1539 0.2904 0.0000
vt 0.2297 0.1742 0.0000
vt 0.1975 0.1766 0.0000
vt 0.2074 0.2891 0.0000
vt 0.1642 0.2896 0.0000
vt 0.1661 0.3217 0.0000
vt 0.3420 0.3186 0.0000
vt 0.3456 0.2856 0.0000
vt 0.3490 0.2866 0.0000
vt 0.3457 0.3191 0.0000
vt 0.2456 0.2573 0.0000
vt 0.2471 0.2263 0.0000
vt 0.2630 0.2267 0.0000
vt 0.2627 0.2578 0.0000
vt 0.4044 0.2566 0.0000
vt 0.4216 0.2571 0.0000
vt 0.1338 0.2567 0.0000
vt 0.1511 0.2554 0.0000
vt 0.2112 0.2543 0.0000
vt 0.2284 0.2561 0.0000
vt 0.4387 0.2570 0.0000
vt 0.1607 0.2542 0.0000
vt 0.4559 0.2563 0.0000
vt 0.2681 0.0359 0.0000
vt 0.2656 0.0415 0.0000
vt 0.4733 0.2550 0.0000
vt 0.2635 0.0575 0.0000
vt 0.2620 0.0748 0.0000
vt 0.2799 0.2577 0.0000
vt 0.4831 0.2538 0.0000
vt 0.2611 0.0919 0.0000
vt 0.2971 0.2569 0.0000
vt 0.2609 0.1090 0.0000
vt 0.3145 0.2555 0.0000
vt 0.2613 0.1262 0.0000
vt 0.3269 0.2540 0.0000
vt 0.2623 0.1434 0.0000
vt 0.0296 0.2501 0.0000
vt 0.0327 0.2514 0.0000
vt 0.2639 0.1608 0.0000
vt 0.0479 0.2538 0.0000
vt 0.0652 0.2557 0.0000
vt 0.2652 0.1700 0.0000
vt 0.0823 0.2569 0.0000
vt 0.3510 0.2498 0.0000
vt 0.3542 0.2513 0.0000
vt 0.0994 0.2574 0.0000
vt 0.3700 0.2536 0.0000
vt 0.3873 0.2554 0.0000
vt 0.1166 0.2574 0.0000
vt 0.2949 0.2256 0.0000
vt 0.2925 0.1959 0.0000
vt 0.3071 0.1944 0.0000
vt 0.3109 0.2240 0.0000
vt 0.4538 0.2251 0.0000
vt 0.4698 0.2235 0.0000
vt 0.2946 0.0613 0.0000
vt 0.2930 0.0771 0.0000
vt 0.2789 0.2265 0.0000
vt 0.4787 0.2222 0.0000
vt 0.2921 0.0930 0.0000
vt 0.2919 0.1089 0.0000
vt 0.2924 0.1248 0.0000
vt 0.3221 0.2224 0.0000
vt 0.2935 0.1407 0.0000
vt 0.0356 0.2188 0.0000
vt 0.0386 0.2202 0.0000
vt 0.2954 0.1567 0.0000
vt 0.0524 0.2227 0.0000
vt 0.0682 0.2247 0.0000
vt 0.2968 0.1651 0.0000
vt 0.0840 0.2259 0.0000
vt 0.3569 0.2184 0.0000
vt 0.3600 0.2201 0.0000
vt 0.0999 0.2264 0.0000
vt 0.3744 0.2225 0.0000
vt 0.3902 0.2244 0.0000
vt 0.1158 0.2263 0.0000
vt 0.4060 0.2256 0.0000
vt 0.1317 0.2255 0.0000
vt 0.1967 0.2185 0.0000
vt 0.2009 0.2208 0.0000
vt 0.4219 0.2261 0.0000
vt 0.1477 0.2240 0.0000
vt 0.2155 0.2232 0.0000
vt 0.2313 0.2251 0.0000
vt 0.4378 0.2259 0.0000
vt 0.1564 0.2227 0.0000
vt 0.2997 0.0413 0.0000
vt 0.2969 0.0467 0.0000
vt 0.3216 0.1086 0.0000
vt 0.3221 0.1232 0.0000
vt 0.3172 0.1929 0.0000
vt 0.3232 0.1379 0.0000
vt 0.0417 0.1899 0.0000
vt 0.0445 0.1914 0.0000
vt 0.3250 0.1524 0.0000
vt 0.0569 0.1936 0.0000
vt 0.0712 0.1953 0.0000
vt 0.3263 0.1600 0.0000
vt 0.0857 0.1964 0.0000
vt 0.3628 0.1894 0.0000
vt 0.3659 0.1911 0.0000
vt 0.1002 0.1969 0.0000
vt 0.3787 0.1934 0.0000
vt 0.3931 0.1951 0.0000
vt 0.1148 0.1967 0.0000
vt 0.4076 0.1961 0.0000
vt 0.1294 0.1958 0.0000
vt 0.2025 0.1894 0.0000
vt 0.2067 0.1918 0.0000
vt 0.4222 0.1965 0.0000
vt 0.1440 0.1944 0.0000
vt 0.2197 0.1941 0.0000
vt 0.2341 0.1958 0.0000
vt 0.4368 0.1962 0.0000
vt 0.1519 0.1932 0.0000
vt 0.2486 0.1968 0.0000
vt 0.4514 0.1954 0.0000
vt 0.3289 0.0466 0.0000
vt 0.3259 0.0520 0.0000
vt 0.2632 0.1971 0.0000
vt 0.4660 0.1939 0.0000
vt 0.3239 0.0650 0.0000
vt 0.3225 0.0795 0.0000
vt 0.2778 0.1968 0.0000
vt 0.4741 0.1926 0.0000
vt 0.3217 0.0940 0.0000
vt 0.2960 0.0526 0.0000
vt 0.3251 0.0573 0.0000
vt 0.2648 0.0480 0.0000
vt 0.2297 0.0440 0.0000
vt 0.7536 0.7340 0.0000
vt 0.7592 0.7323 0.0000
vt 0.0333 0.0501 0.0000
vt 0.0381 0.0533 0.0000
vt 0.0254 0.0547 0.0000
vt 0.0196 0.0517 0.0000
vt 0.0490 0.0436 0.0000
vt 0.0528 0.0486 0.0000
vt 0.0697 0.0387 0.0000
vt 0.0724 0.0442 0.0000
vt 0.1011 0.0329 0.0000
vt 0.1029 0.0388 0.0000
vt 0.1430 0.0284 0.0000
vt 0.1441 0.0344 0.0000
vt 0.1734 0.0275 0.0000
vt 0.1735 0.0337 0.0000
vt 0.1679 0.2190 0.0000
vt 0.1624 0.2219 0.0000
vt 0.1573 0.1924 0.0000
vt 0.1628 0.1894 0.0000
vt 0.1730 0.2510 0.0000
vt 0.1674 0.2535 0.0000
vt 0.1773 0.2874 0.0000
vt 0.1714 0.2891 0.0000
vt 0.7657 0.7249 0.0000
vt 0.7393 0.7421 0.0000
vt 0.1487 0.4784 0.0000
vt 0.1473 0.4906 0.0000
vt 0.1560 0.4445 0.0000
vt 0.1521 0.4635 0.0000
vt 0.1609 0.4147 0.0000
vt 0.1650 0.3744 0.0000
vt 0.1661 0.3457 0.0000
vt 0.2994 0.1745 0.0000
vt 0.2978 0.1713 0.0000
vt 0.3272 0.1655 0.0000
vt 0.3289 0.1686 0.0000
vt 0.2675 0.1802 0.0000
vt 0.2661 0.1768 0.0000
vt 0.2314 0.1850 0.0000
vt 0.2304 0.1816 0.0000
vt 0.7425 0.8141 0.0000
vt 0.0399 0.1603 0.0000
vt 0.0275 0.1587 0.0000
vt 0.0550 0.1637 0.0000
vt 0.0741 0.1675 0.0000
vt 0.1040 0.1722 0.0000
vt 0.1445 0.1761 0.0000
vt 0.1734 0.1769 0.0000
vt 0.3650 0.2209 0.0000
vt 0.3703 0.1919 0.0000
vt 0.3597 0.2521 0.0000
vt 0.3550 0.2872 0.0000
vt 0.7333 0.8160 0.0000
vt 0.7333 0.8193 0.0000
vt 0.7218 0.7928 0.0000
vt 0.7215 0.7896 0.0000
vt 0.3610 0.4826 0.0000
vt 0.3630 0.4800 0.0000
vt 0.3646 0.4928 0.0000
vt 0.3628 0.4960 0.0000
vt 0.3556 0.4670 0.0000
vt 0.3586 0.4649 0.0000
vt 0.3511 0.4466 0.0000
vt 0.3543 0.4451 0.0000
vt 0.3458 0.4154 0.0000
vt 0.3493 0.4144 0.0000
vt 0.3418 0.3737 0.0000
vt 0.3455 0.3731 0.0000
vt 0.3412 0.3436 0.0000
vt 0.3449 0.3436 0.0000
vt 0.4889 0.2191 0.0000
vt 0.4845 0.2213 0.0000
vt 0.4793 0.1919 0.0000
vt 0.4836 0.1895 0.0000
vt 0.4940 0.2511 0.0000
vt 0.4895 0.2530 0.0000
vt 0.4983 0.2874 0.0000
vt 0.4937 0.2887 0.0000
vt 0.6512 0.7931 0.0000
vt 0.6758 0.7781 0.0000
vt 0.4707 0.4785 0.0000
vt 0.4692 0.4908 0.0000
vt 0.4742 0.4635 0.0000
vt 0.4783 0.4445 0.0000
vt 0.4832 0.4147 0.0000
vt 0.4875 0.3743 0.0000
vt 0.4887 0.3455 0.0000
vt 0.2056 0.2216 0.0000
vt 0.2109 0.1926 0.0000
vt 0.2004 0.2527 0.0000
vt 0.1956 0.2878 0.0000
vt 0.6571 0.7874 0.0000
vt 0.6522 0.7886 0.0000
vt 0.2004 0.4834 0.0000
vt 0.2031 0.4798 0.0000
vt 0.2043 0.4925 0.0000
vt 0.2019 0.4970 0.0000
vt 0.1947 0.4678 0.0000
vt 0.1988 0.4650 0.0000
vt 0.1903 0.4472 0.0000
vt 0.1947 0.4452 0.0000
vt 0.1851 0.4160 0.0000
vt 0.1898 0.4146 0.0000
vt 0.1813 0.3742 0.0000
vt 0.1862 0.3734 0.0000
vt 0.1809 0.3440 0.0000
vt 0.1858 0.3440 0.0000
vt 0.3282 0.2205 0.0000
vt 0.3254 0.2219 0.0000
vt 0.3201 0.1924 0.0000
vt 0.3228 0.1910 0.0000
vt 0.3334 0.2524 0.0000
vt 0.3305 0.2536 0.0000
vt 0.3378 0.2886 0.0000
vt 0.3347 0.2894 0.0000
vt 0.6735 0.7034 0.0000
vt 0.6895 0.7280 0.0000
vt 0.3127 0.4804 0.0000
vt 0.3109 0.4927 0.0000
vt 0.3168 0.4654 0.0000
vt 0.3212 0.4462 0.0000
vt 0.3266 0.4162 0.0000
vt 0.3314 0.3756 0.0000
vt 0.3328 0.3465 0.0000
vt 0.0472 0.1918 0.0000
vt 0.0417 0.2208 0.0000
vt 0.0361 0.2519 0.0000
vt 0.0311 0.2872 0.0000
vt 0.6794 0.7037 0.0000
vt 0.6798 0.7006 0.0000
vt 0.0395 0.4833 0.0000
vt 0.0416 0.4810 0.0000
vt 0.0438 0.4938 0.0000
vt 0.0420 0.4965 0.0000
vt 0.0343 0.4673 0.0000
vt 0.0372 0.4656 0.0000
vt 0.0297 0.4469 0.0000
vt 0.0328 0.4456 0.0000
vt 0.0244 0.4157 0.0000
vt 0.0278 0.4149 0.0000
vt 0.0203 0.3741 0.0000
vt 0.0239 0.3736 0.0000
vt 0.0196 0.3440 0.0000
vt 0.0232 0.3440 0.0000
# 728 texture coords

o Body_Cylinder_002
g Body_Cylinder_002
usemtl Material__25
s 1
f 1/1/1 2/2/2 3/3/3 
f 3/3/3 4/4/4 1/1/1 
f 2/2/2 5/5/5 6/6/6 
f 6/6/6 3/3/3 2/2/2 
f 5/5/5 7/7/7 8/8/8 
f 8/8/8 6/6/6 5/5/5 
f 7/7/7 9/9/9 10/10/10 
f 10/10/10 8/8/8 7/7/7 
f 9/9/9 11/11/11 12/12/12 
f 12/12/12 10/10/10 9/9/9 
f 11/11/11 13/13/13 14/14/14 
f 14/14/14 12/12/12 11/11/11 
f 13/13/13 15/15/15 16/16/16 
f 16/16/16 14/14/14 13/13/13 
f 17/17/17 18/18/18 19/19/19 
f 19/19/19 20/20/20 17/17/17 
f 21/21/21 22/22/22 23/23/23 
f 23/23/23 24/24/24 21/21/21 
f 22/22/22 25/25/25 26/26/26 
f 26/26/26 23/23/23 22/22/22 
f 25/25/25 27/27/27 28/28/28 
f 28/28/28 26/26/26 25/25/25 
f 27/27/27 29/29/29 30/30/30 
f 30/30/30 28/28/28 27/27/27 
f 29/29/29 31/31/31 32/32/32 
f 32/32/32 30/30/30 29/29/29 
f 31/31/31 33/33/33 34/34/34 
f 34/34/34 32/32/32 31/31/31 
f 33/33/33 35/35/35 36/36/36 
f 36/36/36 34/34/34 33/33/33 
f 37/37/37 38/38/38 39/39/39 
f 39/39/39 40/40/40 37/37/37 
f 41/41/41 42/42/42 43/43/43 
f 43/43/43 44/44/44 41/41/41 
f 42/42/42 45/45/45 46/46/46 
f 46/46/46 43/43/43 42/42/42 
f 45/45/45 47/47/47 48/48/48 
f 48/48/48 46/46/46 45/45/45 
f 47/47/47 49/49/49 50/50/50 
f 50/50/50 48/48/48 47/47/47 
f 49/49/49 51/51/51 52/52/52 
f 52/52/52 50/50/50 49/49/49 
f 51/51/51 53/53/53 54/54/54 
f 54/54/54 52/52/52 51/51/51 
f 53/53/53 55/55/55 56/56/56 
f 56/56/56 54/54/54 53/53/53 
f 57/57/57 58/58/58 59/59/59 
f 59/59/59 60/60/60 57/57/57 
f 61/61/61 62/62/62 63/63/63 
f 63/63/63 64/64/64 61/61/61 
f 62/62/62 65/65/65 66/66/66 
f 66/66/66 63/63/63 62/62/62 
f 65/65/65 67/67/67 68/68/68 
f 68/68/68 66/66/66 65/65/65 
f 67/67/67 69/69/69 70/70/70 
f 70/70/70 68/68/68 67/67/67 
f 69/69/69 71/71/71 72/72/72 
f 72/72/72 70/70/70 69/69/69 
f 71/71/71 73/73/73 74/74/74 
f 74/74/74 72/72/72 71/71/71 
f 5/5/5 75/75/75 76/76/76 
f 76/76/76 7/7/7 5/5/5 
f 73/73/73 77/77/77 78/78/78 
f 78/78/78 74/74/74 73/73/73 
f 79/79/79 80/80/80 81/81/81 
f 81/81/81 82/82/82 79/79/79 
f 19/19/19 83/83/83 84/84/84 
f 84/84/84 20/20/20 19/19/19 
f 85/85/85 86/86/86 87/87/87 
f 87/87/87 88/88/88 85/85/85 
f 43/43/43 89/89/89 90/90/90 
f 90/90/90 44/44/44 43/43/43 
f 66/66/66 91/91/91 92/92/92 
f 92/92/92 63/63/63 66/66/66 
f 10/10/10 93/93/93 94/94/94 
f 94/94/94 8/8/8 10/10/10 
f 32/32/32 95/95/95 96/96/96 
f 96/96/96 30/30/30 32/32/32 
f 54/54/54 97/97/97 98/98/98 
f 98/98/98 52/52/52 54/54/54 
f 78/78/78 99/99/99 100/100/100 
f 100/100/100 74/74/74 78/78/78 
f 23/23/23 101/101/101 102/102/102 
f 102/102/102 24/24/24 23/23/23 
f 46/46/46 103/103/103 89/89/89 
f 89/89/89 43/43/43 46/46/46 
f 68/68/68 104/104/104 91/91/91 
f 91/91/91 66/66/66 68/68/68 
f 12/12/12 105/105/105 93/93/93 
f 93/93/93 10/10/10 12/12/12 
f 34/34/34 106/106/106 95/95/95 
f 95/95/95 32/32/32 34/34/34 
f 56/56/56 107/107/107 97/97/97 
f 97/97/97 54/54/54 56/56/56 
f 3/3/3 108/108/108 109/109/109 
f 109/109/109 4/4/4 3/3/3 
f 81/81/81 110/110/110 111/111/111 
f 111/111/111 82/82/82 81/81/81 
f 26/26/26 112/112/112 101/101/101 
f 101/101/101 23/23/23 26/26/26 
f 48/48/48 113/113/113 103/103/103 
f 103/103/103 46/46/46 48/48/48 
f 70/70/70 114/114/114 104/104/104 
f 104/104/104 68/68/68 70/70/70 
f 14/14/14 88/88/88 105/105/105 
f 105/105/105 12/12/12 14/14/14 
f 36/36/36 115/115/115 106/106/106 
f 106/106/106 34/34/34 36/36/36 
f 59/59/59 116/116/116 117/117/117 
f 117/117/117 60/60/60 59/59/59 
f 6/6/6 118/118/118 108/108/108 
f 108/108/108 3/3/3 6/6/6 
f 28/28/28 119/119/119 112/112/112 
f 112/112/112 26/26/26 28/28/28 
f 50/50/50 120/120/120 113/113/113 
f 113/113/113 48/48/48 50/50/50 
f 72/72/72 121/121/121 114/114/114 
f 114/114/114 70/70/70 72/72/72 
f 16/16/16 85/85/85 88/88/88 
f 88/88/88 14/14/14 16/16/16 
f 39/39/39 122/122/122 123/123/123 
f 123/123/123 40/40/40 39/39/39 
f 63/63/63 92/92/92 124/124/124 
f 124/124/124 64/64/64 63/63/63 
f 8/8/8 94/94/94 118/118/118 
f 118/118/118 6/6/6 8/8/8 
f 30/30/30 96/96/96 119/119/119 
f 119/119/119 28/28/28 30/30/30 
f 52/52/52 98/98/98 120/120/120 
f 120/120/120 50/50/50 52/52/52 
f 74/74/74 100/100/100 121/121/121 
f 121/121/121 72/72/72 74/74/74 
f 125/125/125 126/126/126 127/127/127 
f 127/127/127 128/128/128 125/125/125 
f 98/98/98 129/129/129 130/130/130 
f 130/130/130 120/120/120 98/98/98 
f 83/83/83 131/131/131 132/132/132 
f 132/132/132 84/84/84 83/83/83 
f 97/97/97 133/133/133 129/129/129 
f 129/129/129 98/98/98 97/97/97 
f 101/101/101 128/128/128 134/134/134 
f 134/134/134 102/102/102 101/101/101 
f 107/107/107 135/135/135 133/133/133 
f 133/133/133 97/97/97 107/107/107 
f 112/112/112 125/125/125 128/128/128 
f 128/128/128 101/101/101 112/112/112 
f 116/116/116 136/136/136 137/137/137 
f 137/137/137 117/117/117 116/116/116 
f 119/119/119 138/138/138 125/125/125 
f 125/125/125 112/112/112 119/119/119 
f 92/92/92 139/139/139 140/140/140 
f 140/140/140 124/124/124 92/92/92 
f 96/96/96 141/141/141 138/138/138 
f 138/138/138 119/119/119 96/96/96 
f 91/91/91 142/142/142 139/139/139 
f 139/139/139 92/92/92 91/91/91 
f 95/95/95 143/143/143 141/141/141 
f 141/141/141 96/96/96 95/95/95 
f 104/104/104 144/144/144 142/142/142 
f 142/142/142 91/91/91 104/104/104 
f 106/106/106 145/145/145 143/143/143 
f 143/143/143 95/95/95 106/106/106 
f 108/108/108 146/146/146 147/147/147 
f 147/147/147 109/109/109 108/108/108 
f 114/114/114 148/148/148 144/144/144 
f 144/144/144 104/104/104 114/114/114 
f 115/115/115 149/149/149 145/145/145 
f 145/145/145 106/106/106 115/115/115 
f 118/118/118 150/150/150 146/146/146 
f 146/146/146 108/108/108 118/118/118 
f 121/121/121 151/151/151 148/148/148 
f 148/148/148 114/114/114 121/121/121 
f 122/122/122 152/152/152 153/153/153 
f 153/153/153 123/123/123 122/122/122 
f 94/94/94 154/154/154 150/150/150 
f 150/150/150 118/118/118 94/94/94 
f 100/100/100 155/155/155 151/151/151 
f 151/151/151 121/121/121 100/100/100 
f 89/89/89 156/156/156 157/157/157 
f 157/157/157 90/90/90 89/89/89 
f 93/93/93 158/158/158 154/154/154 
f 154/154/154 94/94/94 93/93/93 
f 99/99/99 159/159/159 155/155/155 
f 155/155/155 100/100/100 99/99/99 
f 103/103/103 160/160/160 156/156/156 
f 156/156/156 89/89/89 103/103/103 
f 105/105/105 161/161/161 158/158/158 
f 158/158/158 93/93/93 105/105/105 
f 110/110/110 162/162/162 163/163/163 
f 163/163/163 111/111/111 110/110/110 
f 113/113/113 164/164/164 160/160/160 
f 160/160/160 103/103/103 113/113/113 
f 88/88/88 87/87/87 161/161/161 
f 161/161/161 105/105/105 88/88/88 
f 120/120/120 130/130/130 164/164/164 
f 164/164/164 113/113/113 120/120/120 
f 165/165/165 166/166/166 167/167/167 
f 167/167/167 168/168/168 165/165/165 
f 136/136/136 169/169/169 170/170/170 
f 170/170/170 137/137/137 136/136/136 
f 138/138/138 171/171/171 126/126/126 
f 126/126/126 125/125/125 138/138/138 
f 139/139/139 172/172/172 173/173/173 
f 173/173/173 140/140/140 139/139/139 
f 141/141/141 168/168/168 171/171/171 
f 171/171/171 138/138/138 141/141/141 
f 142/142/142 174/174/174 172/172/172 
f 172/172/172 139/139/139 142/142/142 
f 143/143/143 165/165/165 168/168/168 
f 168/168/168 141/141/141 143/143/143 
f 144/144/144 175/175/175 174/174/174 
f 174/174/174 142/142/142 144/144/144 
f 145/145/145 176/176/176 165/165/165 
f 165/165/165 143/143/143 145/145/145 
f 146/146/146 177/177/177 178/178/178 
f 178/178/178 147/147/147 146/146/146 
f 148/148/148 179/179/179 175/175/175 
f 175/175/175 144/144/144 148/148/148 
f 149/149/149 180/180/180 176/176/176 
f 176/176/176 145/145/145 149/149/149 
f 150/150/150 181/181/181 177/177/177 
f 177/177/177 146/146/146 150/150/150 
f 151/151/151 182/182/182 179/179/179 
f 179/179/179 148/148/148 151/151/151 
f 152/152/152 183/183/183 184/184/184 
f 184/184/184 153/153/153 152/152/152 
f 154/154/154 185/185/185 181/181/181 
f 181/181/181 150/150/150 154/154/154 
f 155/155/155 186/186/186 182/182/182 
f 182/182/182 151/151/151 155/155/155 
f 156/156/156 187/187/187 188/188/188 
f 188/188/188 157/157/157 156/156/156 
f 158/158/158 189/189/189 185/185/185 
f 185/185/185 154/154/154 158/158/158 
f 159/159/159 190/190/190 186/186/186 
f 186/186/186 155/155/155 159/159/159 
f 160/160/160 191/191/191 187/187/187 
f 187/187/187 156/156/156 160/160/160 
f 161/161/161 192/192/192 189/189/189 
f 189/189/189 158/158/158 161/161/161 
f 162/162/162 193/193/193 194/194/194 
f 194/194/194 163/163/163 162/162/162 
f 164/164/164 195/195/195 191/191/191 
f 191/191/191 160/160/160 164/164/164 
f 87/87/87 196/196/196 192/192/192 
f 192/192/192 161/161/161 87/87/87 
f 130/130/130 197/197/197 195/195/195 
f 195/195/195 164/164/164 130/130/130 
f 86/86/86 198/198/198 196/196/196 
f 196/196/196 87/87/87 86/86/86 
f 129/129/129 199/199/199 197/197/197 
f 197/197/197 130/130/130 129/129/129 
f 131/131/131 200/200/200 201/201/201 
f 201/201/201 132/132/132 131/131/131 
f 133/133/133 202/202/202 199/199/199 
f 199/199/199 129/129/129 133/133/133 
f 128/128/128 127/127/127 203/203/203 
f 203/203/203 134/134/134 128/128/128 
f 135/135/135 204/204/204 202/202/202 
f 202/202/202 133/133/133 135/135/135 
f 205/205/205 206/206/206 207/207/207 
f 207/207/207 208/208/208 205/205/205 
f 175/175/175 209/209/209 210/210/210 
f 210/210/210 174/174/174 175/175/175 
f 176/176/176 211/211/211 166/166/166 
f 166/166/166 165/165/165 176/176/176 
f 178/178/178 177/177/177 212/212/212 
f 212/212/212 213/213/213 178/178/178 
f 179/179/179 214/214/214 209/209/209 
f 209/209/209 175/175/175 179/179/179 
f 180/180/180 215/215/215 211/211/211 
f 211/211/211 176/176/176 180/180/180 
f 181/181/181 216/216/216 212/212/212 
f 212/212/212 177/177/177 181/181/181 
f 182/182/182 217/217/217 214/214/214 
f 214/214/214 179/179/179 182/182/182 
f 183/183/183 205/205/205 208/208/208 
f 208/208/208 184/184/184 183/183/183 
f 185/185/185 218/218/218 216/216/216 
f 216/216/216 181/181/181 185/185/185 
f 186/186/186 219/219/219 217/217/217 
f 217/217/217 182/182/182 186/186/186 
f 188/188/188 187/187/187 220/220/220 
f 220/220/220 221/221/221 188/188/188 
f 189/189/189 222/222/222 218/218/218 
f 218/218/218 185/185/185 189/189/189 
f 190/190/190 223/223/223 219/219/219 
f 219/219/219 186/186/186 190/190/190 
f 191/191/191 224/224/224 220/220/220 
f 220/220/220 187/187/187 191/191/191 
f 192/192/192 225/225/225 222/222/222 
f 222/222/222 189/189/189 192/192/192 
f 193/193/193 226/226/226 227/227/227 
f 227/227/227 194/194/194 193/193/193 
f 195/195/195 228/228/228 224/224/224 
f 224/224/224 191/191/191 195/195/195 
f 196/196/196 229/229/229 225/225/225 
f 225/225/225 192/192/192 196/196/196 
f 197/197/197 230/230/230 228/228/228 
f 228/228/228 195/195/195 197/197/197 
f 198/198/198 231/231/231 229/229/229 
f 229/229/229 196/196/196 198/198/198 
f 199/199/199 232/232/232 230/230/230 
f 230/230/230 197/197/197 199/199/199 
f 200/200/200 233/233/233 234/234/234 
f 234/234/234 201/201/201 200/200/200 
f 202/202/202 235/235/235 232/232/232 
f 232/232/232 199/199/199 202/202/202 
f 203/203/203 127/127/127 236/236/236 
f 236/236/236 237/237/237 203/203/203 
f 204/204/204 238/238/238 235/235/235 
f 235/235/235 202/202/202 204/204/204 
f 126/126/126 239/239/239 236/236/236 
f 236/236/236 127/127/127 126/126/126 
f 169/169/169 240/240/240 241/241/241 
f 241/241/241 170/170/170 169/169/169 
f 171/171/171 242/242/242 239/239/239 
f 239/239/239 126/126/126 171/171/171 
f 173/173/173 172/172/172 243/243/243 
f 243/243/243 244/244/244 173/173/173 
f 168/168/168 167/167/167 242/242/242 
f 242/242/242 171/171/171 168/168/168 
f 174/174/174 210/210/210 243/243/243 
f 243/243/243 172/172/172 174/174/174 
f 245/245/245 246/246/246 247/247/247 
f 247/247/247 248/248/248 245/245/245 
f 218/218/218 249/249/249 250/250/250 
f 250/250/250 216/216/216 218/218/218 
f 219/219/219 251/251/251 252/252/252 
f 252/252/252 217/217/217 219/219/219 
f 221/221/221 220/220/220 253/253/253 
f 253/253/253 254/254/254 221/221/221 
f 222/222/222 255/255/255 249/249/249 
f 249/249/249 218/218/218 222/222/222 
f 223/223/223 256/256/256 251/251/251 
f 251/251/251 219/219/219 223/223/223 
f 224/224/224 248/248/248 253/253/253 
f 253/253/253 220/220/220 224/224/224 
f 225/225/225 257/257/257 255/255/255 
f 255/255/255 222/222/222 225/225/225 
f 226/226/226 258/258/258 259/259/259 
f 259/259/259 227/227/227 226/226/226 
f 228/228/228 245/245/245 248/248/248 
f 248/248/248 224/224/224 228/228/228 
f 229/229/229 260/260/260 257/257/257 
f 257/257/257 225/225/225 229/229/229 
f 230/230/230 261/261/261 245/245/245 
f 245/245/245 228/228/228 230/230/230 
f 231/231/231 262/262/262 260/260/260 
f 260/260/260 229/229/229 231/231/231 
f 232/232/232 263/263/263 261/261/261 
f 261/261/261 230/230/230 232/232/232 
f 233/233/233 264/264/264 265/265/265 
f 265/265/265 234/234/234 233/233/233 
f 235/235/235 266/266/266 263/263/263 
f 263/263/263 232/232/232 235/235/235 
f 237/237/237 236/236/236 267/267/267 
f 267/267/267 268/268/268 237/237/237 
f 238/238/238 269/269/269 266/266/266 
f 266/266/266 235/235/235 238/238/238 
f 239/239/239 270/270/270 267/267/267 
f 267/267/267 236/236/236 239/239/239 
f 240/240/240 271/271/271 272/272/272 
f 272/272/272 241/241/241 240/240/240 
f 242/242/242 273/273/273 270/270/270 
f 270/270/270 239/239/239 242/242/242 
f 244/244/244 243/243/243 274/274/274 
f 274/274/274 275/275/275 244/244/244 
f 167/167/167 276/276/276 273/273/273 
f 273/273/273 242/242/242 167/167/167 
f 210/210/210 277/277/277 274/274/274 
f 274/274/274 243/243/243 210/210/210 
f 166/166/166 278/278/278 276/276/276 
f 276/276/276 167/167/167 166/166/166 
f 209/209/209 279/279/279 277/277/277 
f 277/277/277 210/210/210 209/209/209 
f 211/211/211 280/280/280 278/278/278 
f 278/278/278 166/166/166 211/211/211 
f 213/213/213 212/212/212 281/281/281 
f 281/281/281 282/282/282 213/213/213 
f 214/214/214 283/283/283 279/279/279 
f 279/279/279 209/209/209 214/214/214 
f 215/215/215 284/284/284 280/280/280 
f 280/280/280 211/211/211 215/215/215 
f 216/216/216 250/250/250 281/281/281 
f 281/281/281 212/212/212 216/216/216 
f 217/217/217 252/252/252 283/283/283 
f 283/283/283 214/214/214 217/217/217 
f 285/285/285 286/286/286 287/287/287 
f 287/287/287 288/288/288 285/285/285 
f 260/260/260 289/289/289 290/290/290 
f 290/290/290 257/257/257 260/260/260 
f 261/261/261 291/291/291 246/246/246 
f 246/246/246 245/245/245 261/261/261 
f 262/262/262 292/292/292 289/289/289 
f 289/289/289 260/260/260 262/262/262 
f 263/263/263 288/293/288 291/291/291 
f 291/291/291 261/261/261 263/263/263 
f 264/264/264 293/294/293 294/295/294 
f 294/295/294 265/265/265 264/264/264 
f 266/266/266 285/296/285 288/293/288 
f 288/293/288 263/263/263 266/266/266 
f 268/268/268 267/267/267 295/297/295 
f 295/297/295 296/298/296 268/268/268 
f 269/269/269 297/299/297 285/296/285 
f 285/296/285 266/266/266 269/269/269 
f 270/270/270 298/300/298 295/297/295 
f 295/297/295 267/267/267 270/270/270 
f 271/271/271 299/301/299 300/302/300 
f 300/302/300 272/272/272 271/271/271 
f 273/273/273 301/303/301 298/300/298 
f 298/300/298 270/270/270 273/273/273 
f 275/275/275 274/274/274 302/304/302 
f 302/304/302 303/305/303 275/275/275 
f 276/276/276 304/306/304 301/303/301 
f 301/303/301 273/273/273 276/276/276 
f 277/277/277 305/307/305 302/304/302 
f 302/304/302 274/274/274 277/277/277 
f 278/278/278 306/308/306 304/306/304 
f 304/306/304 276/276/276 278/278/278 
f 279/279/279 307/309/307 305/307/305 
f 305/307/305 277/277/277 279/279/279 
f 280/280/280 308/310/308 306/308/306 
f 306/308/306 278/278/278 280/280/280 
f 282/282/282 281/281/281 309/311/309 
f 309/311/309 310/312/310 282/282/282 
f 283/283/283 311/313/311 307/309/307 
f 307/309/307 279/279/279 283/283/283 
f 284/284/284 312/314/312 308/310/308 
f 308/310/308 280/280/280 284/284/284 
f 250/250/250 313/315/313 309/311/309 
f 309/311/309 281/281/281 250/250/250 
f 252/252/252 314/316/314 311/313/311 
f 311/313/311 283/283/283 252/252/252 
f 206/206/206 315/317/315 316/318/316 
f 316/318/316 207/207/207 206/206/206 
f 249/249/249 317/319/317 313/315/313 
f 313/315/313 250/250/250 249/249/249 
f 251/251/251 318/320/318 314/316/314 
f 314/316/314 252/252/252 251/251/251 
f 254/254/254 253/253/253 319/321/319 
f 319/321/319 320/322/320 254/254/254 
f 255/255/255 321/323/321 317/319/317 
f 317/319/317 249/249/249 255/255/255 
f 256/256/256 322/324/322 318/320/318 
f 318/320/318 251/251/251 256/256/256 
f 248/248/248 247/247/247 319/321/319 
f 319/321/319 253/253/253 248/248/248 
f 257/257/257 290/290/290 321/323/321 
f 321/323/321 255/255/255 257/257/257 
f 258/258/258 323/325/323 324/326/324 
f 324/326/324 259/259/259 258/258/258 
f 325/327/325 326/328/326 327/329/327 
f 327/329/327 328/330/328 329/331/329 
f 325/327/325 327/329/327 329/331/329 
f 329/331/329 330/332/330 331/333/331 
f 331/333/331 332/334/332 333/335/333 
f 329/331/329 331/333/331 333/335/333 
f 325/327/325 329/331/329 333/335/333 
f 333/335/333 334/336/334 335/337/335 
f 335/337/335 336/338/336 337/339/337 
f 337/339/337 338/340/338 339/341/339 
f 335/337/335 337/339/337 339/341/339 
f 339/341/339 340/342/340 341/343/341 
f 341/343/341 342/344/342 343/345/343 
f 339/341/339 341/343/341 343/345/343 
f 335/337/335 339/341/339 343/345/343 
f 333/335/333 335/337/335 343/345/343 
f 343/345/343 344/346/344 345/347/345 
f 345/347/345 346/348/346 347/349/347 
f 347/349/347 348/350/348 349/351/349 
f 345/347/345 347/349/347 349/351/349 
f 349/351/349 350/352/350 351/353/351 
f 351/353/351 287/287/287 286/286/286 
f 349/351/349 351/353/351 286/286/286 
f 345/347/345 349/351/349 286/286/286 
f 343/345/343 345/347/345 286/286/286 
f 333/335/333 343/345/343 286/286/286 
f 286/286/286 352/354/352 353/355/353 
f 353/355/353 354/356/354 355/357/355 
f 286/286/286 353/355/353 355/357/355 
f 355/357/355 356/358/356 357/359/357 
f 357/359/357 358/360/358 359/361/359 
f 355/357/355 357/359/357 359/361/359 
f 286/286/286 355/357/355 359/361/359 
f 333/335/333 286/286/286 359/361/359 
f 325/327/325 333/335/333 359/361/359 
f 359/361/359 360/362/360 361/363/361 
f 325/327/325 359/361/359 361/363/361 
f 325/327/325 361/363/361 362/364/362 
f 296/365/296 295/366/295 338/340/338 
f 338/340/338 337/339/337 296/365/296 
f 297/367/297 352/354/352 286/286/286 
f 286/286/286 285/285/285 297/367/297 
f 298/368/298 339/341/339 338/340/338 
f 338/340/338 295/366/295 298/368/298 
f 299/369/299 355/357/355 354/356/354 
f 354/356/354 300/370/300 299/369/299 
f 301/371/301 340/342/340 339/341/339 
f 339/341/339 298/368/298 301/371/301 
f 303/372/303 302/373/302 356/358/356 
f 356/358/356 363/374/363 303/372/303 
f 304/375/304 341/343/341 340/342/340 
f 340/342/340 301/371/301 304/375/304 
f 305/376/305 357/359/357 356/358/356 
f 356/358/356 302/373/302 305/376/305 
f 306/377/306 342/344/342 341/343/341 
f 341/343/341 304/375/304 306/377/306 
f 307/378/307 358/360/358 357/359/357 
f 357/359/357 305/376/305 307/378/307 
f 308/379/308 343/345/343 342/344/342 
f 342/344/342 306/377/306 308/379/308 
f 310/380/310 309/381/309 328/330/328 
f 328/330/328 327/329/327 310/380/310 
f 311/382/311 359/361/359 358/360/358 
f 358/360/358 307/378/307 311/382/311 
f 312/383/312 344/346/344 343/345/343 
f 343/345/343 308/379/308 312/383/312 
f 313/384/313 329/331/329 328/330/328 
f 328/330/328 309/381/309 313/384/313 
f 314/385/314 360/362/360 359/361/359 
f 359/361/359 311/382/311 314/385/314 
f 315/386/315 345/387/345 364/388/364 
f 364/388/364 316/389/316 315/386/315 
f 317/390/317 330/332/330 329/331/329 
f 329/331/329 313/384/313 317/390/317 
f 318/391/318 361/363/361 360/362/360 
f 360/362/360 314/385/314 318/391/318 
f 320/392/320 319/393/319 348/350/348 
f 348/350/348 347/349/347 320/392/320 
f 321/394/321 331/333/331 330/332/330 
f 330/332/330 317/390/317 321/394/321 
f 322/395/322 362/364/362 361/363/361 
f 361/363/361 318/391/318 322/395/322 
f 247/396/247 349/351/349 348/350/348 
f 348/350/348 319/393/319 247/396/247 
f 290/397/290 332/334/332 331/333/331 
f 331/333/331 321/394/321 290/397/290 
f 323/398/323 325/399/325 365/400/365 
f 365/400/365 324/401/324 323/398/323 
f 246/402/246 350/352/350 349/351/349 
f 349/351/349 247/396/247 246/402/246 
f 289/403/289 333/335/333 332/334/332 
f 332/334/332 290/397/290 289/403/289 
f 291/404/291 351/353/351 350/352/350 
f 350/352/350 246/402/246 291/404/291 
f 292/405/292 334/336/334 333/335/333 
f 333/335/333 289/403/289 292/405/292 
f 288/288/288 287/287/287 351/353/351 
f 351/353/351 291/404/291 288/288/288 
f 293/406/293 335/407/335 366/408/366 
f 366/408/366 294/409/294 293/406/293 
f 367/410/367 368/411/368 369/412/369 
f 369/412/369 370/413/370 367/410/367 
f 27/27/27 371/414/371 372/415/372 
f 372/415/372 29/29/29 27/27/27 
f 49/49/49 373/416/373 374/417/374 
f 374/417/374 51/51/51 49/49/49 
f 71/71/71 375/418/375 376/419/376 
f 376/419/376 73/73/73 71/71/71 
f 15/15/15 377/420/377 378/421/378 
f 378/421/378 379/422/379 15/15/15 
f 38/423/38 380/424/380 381/425/381 
f 381/425/381 382/426/382 38/423/38 
f 62/62/62 383/427/383 384/428/384 
f 384/428/384 65/65/65 62/62/62 
f 7/7/7 76/76/76 385/429/385 
f 385/429/385 9/9/9 7/7/7 
f 29/29/29 372/415/372 386/430/386 
f 386/430/386 31/31/31 29/29/29 
f 51/51/51 374/417/374 387/431/387 
f 387/431/387 53/53/53 51/51/51 
f 73/73/73 376/419/376 388/432/388 
f 388/432/388 77/77/77 73/73/73 
f 18/433/18 389/434/389 390/435/390 
f 390/435/390 391/436/391 18/433/18 
f 42/42/42 392/437/392 393/438/393 
f 393/438/393 45/45/45 42/42/42 
f 65/65/65 384/428/384 394/439/394 
f 394/439/394 67/67/67 65/65/65 
f 9/9/9 385/429/385 395/440/395 
f 395/440/395 11/11/11 9/9/9 
f 31/31/31 386/430/386 396/441/396 
f 396/441/396 33/33/33 31/31/31 
f 53/53/53 387/431/387 397/442/397 
f 397/442/397 55/55/55 53/53/53 
f 80/443/80 367/410/367 370/413/370 
f 370/413/370 398/444/398 80/443/80 
f 77/77/77 388/432/388 399/445/399 
f 399/445/399 400/446/400 77/77/77 
f 22/22/22 401/447/401 402/448/402 
f 402/448/402 25/25/25 22/22/22 
f 45/45/45 393/438/393 403/449/403 
f 403/449/403 47/47/47 45/45/45 
f 67/67/67 394/439/394 404/450/404 
f 404/450/404 69/69/69 67/67/67 
f 11/11/11 395/440/395 405/451/405 
f 405/451/405 13/13/13 11/11/11 
f 33/33/33 396/441/396 406/452/406 
f 406/452/406 35/35/35 33/33/33 
f 55/55/55 397/442/397 407/453/407 
f 407/453/407 408/454/408 55/55/55 
f 2/2/2 409/455/409 75/75/75 
f 75/75/75 5/5/5 2/2/2 
f 25/25/25 402/448/402 371/414/371 
f 371/414/371 27/27/27 25/25/25 
f 47/47/47 403/449/403 373/416/373 
f 373/416/373 49/49/49 47/47/47 
f 69/69/69 404/450/404 375/418/375 
f 375/418/375 71/71/71 69/69/69 
f 13/13/13 405/451/405 377/420/377 
f 377/420/377 15/15/15 13/13/13 
f 35/35/35 406/452/406 410/456/410 
f 410/456/410 411/457/411 35/35/35 
f 58/458/58 412/459/412 413/460/413 
f 413/460/413 414/461/414 58/458/58 
f 415/462/415 416/463/416 417/464/417 
f 417/464/417 418/465/418 415/462/415 
f 394/439/394 419/466/419 420/467/420 
f 420/467/420 404/450/404 394/439/394 
f 396/441/396 421/468/421 422/469/422 
f 422/469/422 406/452/406 396/441/396 
f 409/455/409 423/470/423 424/471/424 
f 424/471/424 75/75/75 409/455/409 
f 404/450/404 420/467/420 425/472/425 
f 425/472/425 375/418/375 404/450/404 
f 410/456/410 406/452/406 422/469/422 
f 422/469/422 426/473/426 410/456/410 
f 75/75/75 424/471/424 415/462/415 
f 415/462/415 76/76/76 75/75/75 
f 375/418/375 425/472/425 427/474/427 
f 427/474/427 376/419/376 375/418/375 
f 380/424/380 428/475/428 429/476/429 
f 429/476/429 381/425/381 380/424/380 
f 76/76/76 415/462/415 418/465/418 
f 418/465/418 385/429/385 76/76/76 
f 376/419/376 427/474/427 430/477/430 
f 430/477/430 388/432/388 376/419/376 
f 392/437/392 431/478/431 432/479/432 
f 432/479/432 393/438/393 392/437/392 
f 385/429/385 418/465/418 433/480/433 
f 433/480/433 395/440/395 385/429/385 
f 399/445/399 388/432/388 430/477/430 
f 430/477/430 434/481/434 399/445/399 
f 393/438/393 432/479/432 435/482/435 
f 435/482/435 403/449/403 393/438/393 
f 395/440/395 433/480/433 436/483/436 
f 436/483/436 405/451/405 395/440/395 
f 403/449/403 435/482/435 437/484/437 
f 437/484/437 373/416/373 403/449/403 
f 405/451/405 436/483/436 438/485/438 
f 438/485/438 377/420/377 405/451/405 
f 373/416/373 437/484/437 439/486/439 
f 439/486/439 374/417/374 373/416/373 
f 377/420/377 438/485/438 440/487/440 
f 440/487/440 378/421/378 377/420/377 
f 374/417/374 439/486/439 441/488/441 
f 441/488/441 387/431/387 374/417/374 
f 389/434/389 442/489/442 443/490/443 
f 443/490/443 390/435/390 389/434/389 
f 387/431/387 441/488/441 444/491/444 
f 444/491/444 397/442/397 387/431/387 
f 401/447/401 445/492/445 446/493/446 
f 446/493/446 402/448/402 401/447/401 
f 407/453/407 397/442/397 444/491/444 
f 444/491/444 447/494/447 407/453/407 
f 402/448/402 446/493/446 448/495/448 
f 448/495/448 371/414/371 402/448/402 
f 412/459/412 449/496/449 450/497/450 
f 450/497/450 413/460/413 412/459/412 
f 371/414/371 448/495/448 451/498/451 
f 451/498/451 372/415/372 371/414/371 
f 383/427/383 452/499/452 453/500/453 
f 453/500/453 384/428/384 383/427/383 
f 372/415/372 451/498/451 454/501/454 
f 454/501/454 386/430/386 372/415/372 
f 384/428/384 453/500/453 419/466/419 
f 419/466/419 394/439/394 384/428/384 
f 386/430/386 454/501/454 421/468/421 
f 421/468/421 396/441/396 386/430/386 
f 455/502/455 456/503/456 457/504/457 
f 457/504/457 458/505/458 455/502/455 
f 427/474/427 459/506/459 460/507/460 
f 460/507/460 430/477/430 427/474/427 
f 431/478/431 461/508/461 462/509/462 
f 462/509/462 432/479/432 431/478/431 
f 418/465/418 417/464/417 463/510/463 
f 463/510/463 433/480/433 418/465/418 
f 434/481/434 430/477/430 460/507/460 
f 460/507/460 464/511/464 434/481/434 
f 432/479/432 462/509/462 465/512/465 
f 465/512/465 435/482/435 432/479/432 
f 433/480/433 463/510/463 455/502/455 
f 455/502/455 436/483/436 433/480/433 
f 435/482/435 465/512/465 466/513/466 
f 466/513/466 437/484/437 435/482/435 
f 436/483/436 455/502/455 458/505/458 
f 458/505/458 438/485/438 436/483/436 
f 437/484/437 466/513/466 467/514/467 
f 467/514/467 439/486/439 437/484/437 
f 440/487/440 438/485/438 458/505/458 
f 458/505/458 468/515/468 440/487/440 
f 439/486/439 467/514/467 469/516/469 
f 469/516/469 441/488/441 439/486/439 
f 442/489/442 470/517/470 471/518/471 
f 471/518/471 443/490/443 442/489/442 
f 441/488/441 469/516/469 472/519/472 
f 472/519/472 444/491/444 441/488/441 
f 445/492/445 473/520/473 474/521/474 
f 474/521/474 446/493/446 445/492/445 
f 447/494/447 444/491/444 472/519/472 
f 472/519/472 475/522/475 447/494/447 
f 446/493/446 474/521/474 476/523/476 
f 476/523/476 448/495/448 446/493/446 
f 449/496/449 477/524/477 478/525/478 
f 478/525/478 450/497/450 449/496/449 
f 448/495/448 476/523/476 479/526/479 
f 479/526/479 451/498/451 448/495/448 
f 452/499/452 480/527/480 481/528/481 
f 481/528/481 453/500/453 452/499/452 
f 451/498/451 479/526/479 482/529/482 
f 482/529/482 454/501/454 451/498/451 
f 453/500/453 481/528/481 483/530/483 
f 483/530/483 419/466/419 453/500/453 
f 454/501/454 482/529/482 484/531/484 
f 484/531/484 421/468/421 454/501/454 
f 368/411/368 485/532/485 486/533/486 
f 486/533/486 369/412/369 368/411/368 
f 419/466/419 483/530/483 487/534/487 
f 487/534/487 420/467/420 419/466/419 
f 421/468/421 484/531/484 488/535/488 
f 488/535/488 422/469/422 421/468/421 
f 423/470/423 489/536/489 490/537/490 
f 490/537/490 424/471/424 423/470/423 
f 420/467/420 487/534/487 491/538/491 
f 491/538/491 425/472/425 420/467/420 
f 426/473/426 422/469/422 488/535/488 
f 488/535/488 492/539/492 426/473/426 
f 424/471/424 490/537/490 416/463/416 
f 416/463/416 415/462/415 424/471/424 
f 425/472/425 491/538/491 459/506/459 
f 459/506/459 427/474/427 425/472/425 
f 428/475/428 493/540/493 494/541/494 
f 494/541/494 429/476/429 428/475/428 
f 466/513/466 495/542/495 496/543/496 
f 496/543/496 467/514/467 466/513/466 
f 468/515/468 458/505/458 457/504/457 
f 457/504/457 497/544/497 468/515/468 
f 467/514/467 496/543/496 498/545/498 
f 498/545/498 469/516/469 467/514/467 
f 470/517/470 499/546/499 500/547/500 
f 500/547/500 471/518/471 470/517/470 
f 469/516/469 498/545/498 501/548/501 
f 501/548/501 472/519/472 469/516/469 
f 473/520/473 502/549/502 503/550/503 
f 503/550/503 474/521/474 473/520/473 
f 475/522/475 472/519/472 501/548/501 
f 501/548/501 504/551/504 475/522/475 
f 474/521/474 503/550/503 505/552/505 
f 505/552/505 476/523/476 474/521/474 
f 477/524/477 506/553/506 507/554/507 
f 507/554/507 478/525/478 477/524/477 
f 476/523/476 505/552/505 508/555/508 
f 508/555/508 479/526/479 476/523/476 
f 480/527/480 509/556/509 510/557/510 
f 510/557/510 481/528/481 480/527/480 
f 479/526/479 508/555/508 511/558/511 
f 511/558/511 482/529/482 479/526/479 
f 481/528/481 510/557/510 512/559/512 
f 512/559/512 483/530/483 481/528/481 
f 482/529/482 511/558/511 513/560/513 
f 513/560/513 484/531/484 482/529/482 
f 485/532/485 514/561/514 515/562/515 
f 515/562/515 486/533/486 485/532/485 
f 483/530/483 512/559/512 516/563/516 
f 516/563/516 487/534/487 483/530/483 
f 484/531/484 513/560/513 517/564/517 
f 517/564/517 488/535/488 484/531/484 
f 489/536/489 518/565/518 519/566/519 
f 519/566/519 490/537/490 489/536/489 
f 487/534/487 516/563/516 520/567/520 
f 520/567/520 491/538/491 487/534/487 
f 492/539/492 488/535/488 517/564/517 
f 517/564/517 521/568/521 492/539/492 
f 490/537/490 519/566/519 522/569/522 
f 522/569/522 416/463/416 490/537/490 
f 491/538/491 520/567/520 523/570/523 
f 523/570/523 459/506/459 491/538/491 
f 493/540/493 524/571/524 525/572/525 
f 525/572/525 494/541/494 493/540/493 
f 416/463/416 522/569/522 526/573/526 
f 526/573/526 417/464/417 416/463/416 
f 459/506/459 523/570/523 527/574/527 
f 527/574/527 460/507/460 459/506/459 
f 461/508/461 528/575/528 529/576/529 
f 529/576/529 462/509/462 461/508/461 
f 417/464/417 526/573/526 530/577/530 
f 530/577/530 463/510/463 417/464/417 
f 464/511/464 460/507/460 527/574/527 
f 527/574/527 531/578/531 464/511/464 
f 462/509/462 529/576/529 532/579/532 
f 532/579/532 465/512/465 462/509/462 
f 463/510/463 530/577/530 456/503/456 
f 456/503/456 455/502/455 463/510/463 
f 465/512/465 532/579/532 495/542/495 
f 495/542/495 466/513/466 465/512/465 
f 533/580/533 494/541/494 525/572/525 
f 525/572/525 534/581/534 533/580/533 
f 535/582/535 429/476/429 494/541/494 
f 494/541/494 533/580/533 535/582/535 
f 381/425/381 429/476/429 535/582/535 
f 535/582/535 536/583/536 381/425/381 
f 382/426/382 381/425/381 536/583/536 
f 536/583/536 41/41/41 382/426/382 
f 315/584/315 537/585/537 346/348/346 
f 346/348/346 345/347/345 315/584/315 
f 206/586/206 538/587/538 537/588/537 
f 537/588/537 315/589/315 206/586/206 
f 205/590/205 539/591/539 538/587/538 
f 538/587/538 206/586/206 205/590/205 
f 183/592/183 540/593/540 539/591/539 
f 539/591/539 205/590/205 183/592/183 
f 152/594/152 541/595/541 540/593/540 
f 540/593/540 183/592/183 152/594/152 
f 122/596/122 542/597/542 541/595/541 
f 541/595/541 152/594/152 122/596/122 
f 39/598/39 543/599/543 542/597/542 
f 542/597/542 122/596/122 39/598/39 
f 39/598/39 38/423/38 382/426/382 
f 382/426/382 543/599/543 39/598/39 
f 493/600/493 544/601/544 545/602/545 
f 545/602/545 524/603/524 493/600/493 
f 428/604/428 546/605/546 544/601/544 
f 544/601/544 493/600/493 428/604/428 
f 380/606/380 547/607/547 546/605/546 
f 546/605/546 428/604/428 380/606/380 
f 38/38/38 37/37/37 547/607/547 
f 547/607/547 380/606/380 38/38/38 
f 548/608/548 316/389/316 364/388/364 
f 364/388/364 549/609/549 548/608/548 
f 550/610/550 207/207/207 316/318/316 
f 316/318/316 548/611/548 550/610/550 
f 551/612/551 184/184/184 208/208/208 
f 208/208/208 552/613/552 551/612/551 
f 552/613/552 208/208/208 207/207/207 
f 207/207/207 550/610/550 552/613/552 
f 153/153/153 184/184/184 551/612/551 
f 551/612/551 553/614/553 153/153/153 
f 123/123/123 153/153/153 553/614/553 
f 553/614/553 554/615/554 123/123/123 
f 40/40/40 123/123/123 554/615/554 
f 554/615/554 555/616/555 40/40/40 
f 411/457/411 37/37/37 40/40/40 
f 40/40/40 555/616/555 411/457/411 
f 477/617/477 556/618/556 557/619/557 
f 557/619/557 506/620/506 477/617/477 
f 449/621/449 558/622/558 556/618/556 
f 556/618/556 477/617/477 449/621/449 
f 412/623/412 559/624/559 558/622/558 
f 558/622/558 449/621/449 412/623/412 
f 58/58/58 57/57/57 559/624/559 
f 559/624/559 412/623/412 58/58/58 
f 560/625/560 300/370/300 354/356/354 
f 354/356/354 353/355/353 560/625/560 
f 561/626/561 272/272/272 300/302/300 
f 300/302/300 560/627/560 561/626/561 
f 562/628/562 241/241/241 272/272/272 
f 272/272/272 561/626/561 562/628/562 
f 563/629/563 170/170/170 241/241/241 
f 241/241/241 562/628/562 563/629/563 
f 137/137/137 170/170/170 563/629/563 
f 563/629/563 564/630/564 137/137/137 
f 117/117/117 137/137/137 564/630/564 
f 564/630/564 565/631/565 117/117/117 
f 60/60/60 117/117/117 565/631/565 
f 565/631/565 566/632/566 60/60/60 
f 408/454/408 57/57/57 60/60/60 
f 60/60/60 566/632/566 408/454/408 
f 567/633/567 478/525/478 507/554/507 
f 507/554/507 568/634/568 567/633/567 
f 450/497/450 478/525/478 567/633/567 
f 567/633/567 569/635/569 450/497/450 
f 413/460/413 450/497/450 569/635/569 
f 569/635/569 570/636/570 413/460/413 
f 414/461/414 413/460/413 570/636/570 
f 570/636/570 61/61/61 414/461/414 
f 299/637/299 571/638/571 572/639/572 
f 572/639/572 355/640/355 299/637/299 
f 271/641/271 573/642/573 571/643/571 
f 571/643/571 299/644/299 271/641/271 
f 240/645/240 574/646/574 573/642/573 
f 573/642/573 271/641/271 240/645/240 
f 169/647/169 575/648/575 574/646/574 
f 574/646/574 240/645/240 169/647/169 
f 136/649/136 576/650/576 575/648/575 
f 575/648/575 169/647/169 136/649/136 
f 116/651/116 577/652/577 576/650/576 
f 576/650/576 136/649/136 116/651/116 
f 59/653/59 578/654/578 577/652/577 
f 577/652/577 116/651/116 59/653/59 
f 59/653/59 58/458/58 414/461/414 
f 414/461/414 578/654/578 59/653/59 
f 485/655/485 579/656/579 580/657/580 
f 580/657/580 514/658/514 485/655/485 
f 368/659/368 581/660/581 579/656/579 
f 579/656/579 485/655/485 368/659/368 
f 367/661/367 582/662/582 581/660/581 
f 581/660/581 368/659/368 367/661/367 
f 80/80/80 79/79/79 582/662/582 
f 582/662/582 367/661/367 80/80/80 
f 583/663/583 324/401/324 365/400/365 
f 365/400/365 584/664/584 583/663/583 
f 585/665/585 259/259/259 324/326/324 
f 324/326/324 583/666/583 585/665/585 
f 586/667/586 227/227/227 259/259/259 
f 259/259/259 585/665/585 586/667/586 
f 587/668/587 194/194/194 227/227/227 
f 227/227/227 586/667/586 587/668/587 
f 163/163/163 194/194/194 587/668/587 
f 587/668/587 588/669/588 163/163/163 
f 111/111/111 163/163/163 588/669/588 
f 588/669/588 589/670/589 111/111/111 
f 82/82/82 111/111/111 589/670/589 
f 589/670/589 590/671/590 82/82/82 
f 400/446/400 79/79/79 82/82/82 
f 82/82/82 590/671/590 400/446/400 
f 591/672/591 486/533/486 515/562/515 
f 515/562/515 592/673/592 591/672/591 
f 369/412/369 486/533/486 591/672/591 
f 591/672/591 593/674/593 369/412/369 
f 398/444/398 370/413/370 594/675/594 
f 594/675/594 1/1/1 398/444/398 
f 370/413/370 369/412/369 593/674/593 
f 593/674/593 594/675/594 370/413/370 
f 323/676/323 595/677/595 326/328/326 
f 326/328/326 325/327/325 323/676/323 
f 258/678/258 596/679/596 595/680/595 
f 595/680/595 323/681/323 258/678/258 
f 226/682/226 597/683/597 596/679/596 
f 596/679/596 258/678/258 226/682/226 
f 193/684/193 598/685/598 597/683/597 
f 597/683/597 226/682/226 193/684/193 
f 162/686/162 599/687/599 598/685/598 
f 598/685/598 193/684/193 162/686/162 
f 110/688/110 600/689/600 599/687/599 
f 599/687/599 162/686/162 110/688/110 
f 81/690/81 601/691/601 600/689/600 
f 600/689/600 110/688/110 81/690/81 
f 81/690/81 80/443/80 398/444/398 
f 398/444/398 601/691/601 81/690/81 
f 470/692/470 602/693/602 603/694/603 
f 603/694/603 499/695/499 470/692/470 
f 442/696/442 604/697/604 602/693/602 
f 602/693/602 470/692/470 442/696/442 
f 389/698/389 605/699/605 604/697/604 
f 604/697/604 442/696/442 389/698/389 
f 18/18/18 17/17/17 605/699/605 
f 605/699/605 389/698/389 18/18/18 
f 606/700/606 294/409/294 366/408/366 
f 366/408/366 607/701/607 606/700/606 
f 608/702/608 265/265/265 294/295/294 
f 294/295/294 606/703/606 608/702/608 
f 609/704/609 234/234/234 265/265/265 
f 265/265/265 608/702/608 609/704/609 
f 610/705/610 201/201/201 234/234/234 
f 234/234/234 609/704/609 610/705/610 
f 132/132/132 201/201/201 610/705/610 
f 610/705/610 611/706/611 132/132/132 
f 84/84/84 132/132/132 611/706/611 
f 611/706/611 612/707/612 84/84/84 
f 20/20/20 84/84/84 612/707/612 
f 612/707/612 613/708/613 20/20/20 
f 379/422/379 17/17/17 20/20/20 
f 20/20/20 613/708/613 379/422/379 
f 471/518/471 500/547/500 614/709/614 
f 614/709/614 615/710/615 471/518/471 
f 443/490/443 471/518/471 615/710/615 
f 615/710/615 616/711/616 443/490/443 
f 390/435/390 443/490/443 616/711/616 
f 616/711/616 617/712/617 390/435/390 
f 391/436/391 390/435/390 617/712/617 
f 617/712/617 21/21/21 391/436/391 
f 293/713/293 618/714/618 336/338/336 
f 336/338/336 335/337/335 293/713/293 
f 264/715/264 619/716/619 618/717/618 
f 618/717/618 293/718/293 264/715/264 
f 233/719/233 620/720/620 619/716/619 
f 619/716/619 264/715/264 233/719/233 
f 200/721/200 621/722/621 620/720/620 
f 620/720/620 233/719/233 200/721/200 
f 131/723/131 622/724/622 621/722/621 
f 621/722/621 200/721/200 131/723/131 
f 83/725/83 623/726/623 622/724/622 
f 622/724/622 131/723/131 83/725/83 
f 19/727/19 624/728/624 623/726/623 
f 623/726/623 83/725/83 19/727/19 
f 19/727/19 18/433/18 391/436/391 
f 391/436/391 624/728/624 19/727/19 
f 15/15/15 379/422/379 613/708/613 
f 613/708/613 16/16/16 15/15/15 
f 613/708/613 612/707/612 85/85/85 
f 85/85/85 16/16/16 613/708/613 
f 612/707/612 611/706/611 86/86/86 
f 86/86/86 85/85/85 612/707/612 
f 611/706/611 610/705/610 198/198/198 
f 198/198/198 86/86/86 611/706/611 
f 610/705/610 609/704/609 231/231/231 
f 231/231/231 198/198/198 610/705/610 
f 609/704/609 608/702/608 262/262/262 
f 262/262/262 231/231/231 609/704/609 
f 608/702/608 606/703/606 292/292/292 
f 292/292/292 262/262/262 608/702/608 
f 606/700/606 607/701/607 334/336/334 
f 334/336/334 292/405/292 606/700/606 
f 468/515/468 497/544/497 603/694/603 
f 603/694/603 602/693/602 468/515/468 
f 440/487/440 468/515/468 602/693/602 
f 602/693/602 604/697/604 440/487/440 
f 378/421/378 440/487/440 604/697/604 
f 604/697/604 605/699/605 378/421/378 
f 379/422/379 378/421/378 605/699/605 
f 605/699/605 17/17/17 379/422/379 
f 21/21/21 617/712/617 401/447/401 
f 401/447/401 22/22/22 21/21/21 
f 617/712/617 616/711/616 445/492/445 
f 445/492/445 401/447/401 617/712/617 
f 616/711/616 615/710/615 473/520/473 
f 473/520/473 445/492/445 616/711/616 
f 615/710/615 614/709/614 502/549/502 
f 502/549/502 473/520/473 615/710/615 
f 296/365/296 337/339/337 336/338/336 
f 336/338/336 618/714/618 296/365/296 
f 268/268/268 296/298/296 618/717/618 
f 618/717/618 619/716/619 268/268/268 
f 237/237/237 268/268/268 619/716/619 
f 619/716/619 620/720/620 237/237/237 
f 203/203/203 237/237/237 620/720/620 
f 620/720/620 621/722/621 203/203/203 
f 134/134/134 203/203/203 621/722/621 
f 621/722/621 622/724/622 134/134/134 
f 102/102/102 134/134/134 622/724/622 
f 622/724/622 623/726/623 102/102/102 
f 24/24/24 102/102/102 623/726/623 
f 623/726/623 624/728/624 24/24/24 
f 391/436/391 21/21/21 24/24/24 
f 24/24/24 624/728/624 391/436/391 
f 35/35/35 411/457/411 555/616/555 
f 555/616/555 36/36/36 35/35/35 
f 555/616/555 554/615/554 115/115/115 
f 115/115/115 36/36/36 555/616/555 
f 554/615/554 553/614/553 149/149/149 
f 149/149/149 115/115/115 554/615/554 
f 553/614/553 551/612/551 180/180/180 
f 180/180/180 149/149/149 553/614/553 
f 552/613/552 550/610/550 284/284/284 
f 284/284/284 215/215/215 552/613/552 
f 551/612/551 552/613/552 215/215/215 
f 215/215/215 180/180/180 551/612/551 
f 550/610/550 548/611/548 312/314/312 
f 312/314/312 284/284/284 550/610/550 
f 548/608/548 549/609/549 344/346/344 
f 344/346/344 312/383/312 548/608/548 
f 492/539/492 521/568/521 545/602/545 
f 545/602/545 544/601/544 492/539/492 
f 426/473/426 492/539/492 544/601/544 
f 544/601/544 546/605/546 426/473/426 
f 410/456/410 426/473/426 546/605/546 
f 546/605/546 547/607/547 410/456/410 
f 411/457/411 410/456/410 547/607/547 
f 547/607/547 37/37/37 411/457/411 
f 41/41/41 536/583/536 392/437/392 
f 392/437/392 42/42/42 41/41/41 
f 536/583/536 535/582/535 431/478/431 
f 431/478/431 392/437/392 536/583/536 
f 535/582/535 533/580/533 461/508/461 
f 461/508/461 431/478/431 535/582/535 
f 533/580/533 534/581/534 528/575/528 
f 528/575/528 461/508/461 533/580/533 
f 320/392/320 347/349/347 346/348/346 
f 346/348/346 537/585/537 320/392/320 
f 254/254/254 320/322/320 537/588/537 
f 537/588/537 538/587/538 254/254/254 
f 221/221/221 254/254/254 538/587/538 
f 538/587/538 539/591/539 221/221/221 
f 188/188/188 221/221/221 539/591/539 
f 539/591/539 540/593/540 188/188/188 
f 157/157/157 188/188/188 540/593/540 
f 540/593/540 541/595/541 157/157/157 
f 90/90/90 157/157/157 541/595/541 
f 541/595/541 542/597/542 90/90/90 
f 44/44/44 90/90/90 542/597/542 
f 542/597/542 543/599/543 44/44/44 
f 382/426/382 41/41/41 44/44/44 
f 44/44/44 543/599/543 382/426/382 
f 55/55/55 408/454/408 566/632/566 
f 566/632/566 56/56/56 55/55/55 
f 566/632/566 565/631/565 107/107/107 
f 107/107/107 56/56/56 566/632/566 
f 565/631/565 564/630/564 135/135/135 
f 135/135/135 107/107/107 565/631/565 
f 564/630/564 563/629/563 204/204/204 
f 204/204/204 135/135/135 564/630/564 
f 563/629/563 562/628/562 238/238/238 
f 238/238/238 204/204/204 563/629/563 
f 562/628/562 561/626/561 269/269/269 
f 269/269/269 238/238/238 562/628/562 
f 561/626/561 560/627/560 297/299/297 
f 297/299/297 269/269/269 561/626/561 
f 560/625/560 353/355/353 352/354/352 
f 352/354/352 297/367/297 560/625/560 
f 475/522/475 504/551/504 557/619/557 
f 557/619/557 556/618/556 475/522/475 
f 447/494/447 475/522/475 556/618/556 
f 556/618/556 558/622/558 447/494/447 
f 407/453/407 447/494/447 558/622/558 
f 558/622/558 559/624/559 407/453/407 
f 408/454/408 407/453/407 559/624/559 
f 559/624/559 57/57/57 408/454/408 
f 61/61/61 570/636/570 383/427/383 
f 383/427/383 62/62/62 61/61/61 
f 570/636/570 569/635/569 452/499/452 
f 452/499/452 383/427/383 570/636/570 
f 569/635/569 567/633/567 480/527/480 
f 480/527/480 452/499/452 569/635/569 
f 567/633/567 568/634/568 509/556/509 
f 509/556/509 480/527/480 567/633/567 
f 303/372/303 363/374/363 572/639/572 
f 572/639/572 571/638/571 303/372/303 
f 275/275/275 303/305/303 571/643/571 
f 571/643/571 573/642/573 275/275/275 
f 244/244/244 275/275/275 573/642/573 
f 573/642/573 574/646/574 244/244/244 
f 173/173/173 244/244/244 574/646/574 
f 574/646/574 575/648/575 173/173/173 
f 140/140/140 173/173/173 575/648/575 
f 575/648/575 576/650/576 140/140/140 
f 124/124/124 140/140/140 576/650/576 
f 576/650/576 577/652/577 124/124/124 
f 64/64/64 124/124/124 577/652/577 
f 577/652/577 578/654/578 64/64/64 
f 414/461/414 61/61/61 64/64/64 
f 64/64/64 578/654/578 414/461/414 
f 77/77/77 400/446/400 590/671/590 
f 590/671/590 78/78/78 77/77/77 
f 590/671/590 589/670/589 99/99/99 
f 99/99/99 78/78/78 590/671/590 
f 589/670/589 588/669/588 159/159/159 
f 159/159/159 99/99/99 589/670/589 
f 588/669/588 587/668/587 190/190/190 
f 190/190/190 159/159/159 588/669/588 
f 587/668/587 586/667/586 223/223/223 
f 223/223/223 190/190/190 587/668/587 
f 586/667/586 585/665/585 256/256/256 
f 256/256/256 223/223/223 586/667/586 
f 585/665/585 583/666/583 322/324/322 
f 322/324/322 256/256/256 585/665/585 
f 583/663/583 584/664/584 362/364/362 
f 362/364/362 322/395/322 583/663/583 
f 464/511/464 531/578/531 580/657/580 
f 580/657/580 579/656/579 464/511/464 
f 434/481/434 464/511/464 579/656/579 
f 579/656/579 581/660/581 434/481/434 
f 399/445/399 434/481/434 581/660/581 
f 581/660/581 582/662/582 399/445/399 
f 400/446/400 399/445/399 582/662/582 
f 582/662/582 79/79/79 400/446/400 
f 594/675/594 593/674/593 423/470/423 
f 423/470/423 409/455/409 594/675/594 
f 1/1/1 594/675/594 409/455/409 
f 409/455/409 2/2/2 1/1/1 
f 593/674/593 591/672/591 489/536/489 
f 489/536/489 423/470/423 593/674/593 
f 591/672/591 592/673/592 518/565/518 
f 518/565/518 489/536/489 591/672/591 
f 310/380/310 327/329/327 326/328/326 
f 326/328/326 595/677/595 310/380/310 
f 282/282/282 310/312/310 595/680/595 
f 595/680/595 596/679/596 282/282/282 
f 213/213/213 282/282/282 596/679/596 
f 596/679/596 597/683/597 213/213/213 
f 178/178/178 213/213/213 597/683/597 
f 597/683/597 598/685/598 178/178/178 
f 147/147/147 178/178/178 598/685/598 
f 598/685/598 599/687/599 147/147/147 
f 109/109/109 147/147/147 599/687/599 
f 599/687/599 600/689/600 109/109/109 
f 4/4/4 109/109/109 600/689/600 
f 600/689/600 601/691/601 4/4/4 
f 398/444/398 1/1/1 4/4/4 
f 4/4/4 601/691/601 398/444/398 
# 1190 faces

#
# object Wings_Cube_003
#

v  10.6424 15.7712 -17.7613
v  10.6424 18.3944 -18.4739
v  10.4393 18.3682 -18.5610
v  10.4389 15.7476 -17.8526
v  10.6424 18.9738 -19.2880
v  10.4404 18.9393 -19.3463
v  10.3807 18.7724 -19.6282
v  10.3707 18.1990 -19.1725
v  10.3687 15.5823 -18.4920
v  10.3506 17.7662 -20.6275
v  10.3477 15.1314 -19.9965
v  10.3707 18.4853 -20.8339
v  10.3687 17.5778 -22.5428
v  10.3477 16.8454 -22.3709
v  10.3447 14.2422 -21.7599
v  11.3976 17.7881 -22.5922
v  11.5937 17.7618 -22.5860
v  11.5937 16.2332 -23.9111
v  11.3976 16.2586 -23.9170
v  11.6565 16.0558 -23.8694
v  11.6565 17.5778 -22.5428
v  11.6565 14.2175 -24.7857
v  11.5937 14.3858 -24.8252
v  11.3976 14.4098 -24.8308
v  11.6718 17.7662 -20.6275
v  11.6743 15.1314 -19.9965
v  11.6768 14.2422 -21.7599
v  11.6743 16.8454 -22.3709
v  11.6548 18.4853 -20.8339
v  11.6464 18.7724 -19.6282
v  11.6548 18.1990 -19.1725
v  11.6565 15.5823 -18.4920
v  11.3976 1.4561 -16.7866
v  11.5934 1.4696 -16.8023
v  11.5924 1.9948 -15.3691
v  11.3976 1.9992 -15.3037
v  11.5937 0.7645 -18.5964
v  11.3976 0.7475 -18.5924
v  11.6565 0.8829 -18.6242
v  11.6548 1.5758 -16.8649
v  11.6464 1.9736 -15.6852
v  11.5934 18.6738 -20.8405
v  11.3976 18.7025 -20.8347
v  11.3976 18.9738 -19.2880
v  11.5924 18.9393 -19.3463
v  11.5937 12.5157 -25.4997
v  11.3976 12.5383 -25.5050
v  11.6565 12.3572 -25.4625
v  11.6565 10.5041 -26.0041
v  11.5937 10.6530 -26.0391
v  11.3976 10.6743 -26.0441
v  10.3477 15.3496 -23.7036
v  10.3447 12.8396 -23.1145
v  10.3687 16.0558 -23.8694
v  10.3687 14.2175 -24.7857
v  10.3477 13.5476 -24.6285
v  10.3447 11.1667 -24.0696
v  11.6768 3.9189 -19.3368
v  11.6743 1.4655 -18.7609
v  11.6743 0.5203 -20.2229
v  11.6768 2.8858 -20.7781
v  11.6565 -0.0415 -20.0911
v  11.6565 -1.0519 -21.2017
v  11.6743 -0.5190 -21.3267
v  11.6768 1.7249 -21.8534
v  10.4389 -0.1557 -20.0643
v  10.6424 -0.1720 -20.0604
v  10.6424 0.7475 -18.5924
v  10.4389 0.7645 -18.5964
v  10.3687 0.8829 -18.6242
v  10.3687 -0.0415 -20.0911
v  10.3687 -1.0519 -21.2017
v  10.4389 -1.1602 -21.1763
v  10.6424 -1.1757 -21.1726
v  11.6768 -0.5479 -23.4100
v  11.6743 -2.5331 -22.9440
v  11.6743 -3.6398 -23.6086
v  11.6768 -1.7749 -24.0463
v  11.6565 -3.0045 -22.8334
v  11.6565 -4.0826 -23.5047
v  11.6743 -4.8657 -24.2310
v  11.6565 -5.2789 -24.1340
v  11.6768 -3.1257 -24.6394
v  10.3477 11.7264 -25.3144
v  10.3447 9.4843 -24.7882
v  10.3687 12.3572 -25.4625
v  10.3687 10.5041 -26.0041
v  10.3477 9.9115 -25.8650
v  10.3447 7.8051 -25.3706
v  11.6743 -1.5201 -22.2052
v  11.6768 0.5930 -22.7012
v  11.6565 -2.0219 -22.0875
v  10.6424 -2.1385 -22.0601
v  10.4389 -2.1239 -22.0635
v  10.3687 -2.0219 -22.0875
v  10.4389 -3.1003 -22.8109
v  10.3687 -3.0045 -22.8334
v  10.6424 -3.1140 -22.8077
v  11.5937 4.4368 -27.3098
v  11.3976 4.4539 -27.3138
v  11.3976 6.7110 -26.9482
v  11.5937 6.6923 -26.9439
v  11.6565 4.3168 -27.2816
v  11.6565 6.5618 -26.9132
v  11.6565 2.0987 -27.5335
v  11.5937 2.2074 -27.5590
v  11.3976 2.2229 -27.5627
v  10.4389 -4.1727 -23.4835
v  10.6424 -4.1855 -23.4805
v  10.3687 -4.0826 -23.5047
v  10.4389 -5.3629 -24.1143
v  10.3687 -5.2789 -24.1340
v  10.6424 -5.3749 -24.1114
v  11.5937 8.7474 -26.5161
v  11.3976 8.7673 -26.5208
v  11.6565 8.6075 -26.4833
v  10.3477 8.0508 -26.3526
v  10.3447 6.0721 -25.8882
v  10.3687 8.6075 -26.4833
v  10.3477 6.0423 -26.7913
v  10.3687 6.5618 -26.9132
v  10.3447 4.1961 -26.3580
v  11.5937 0.2513 -27.6540
v  11.3976 0.2652 -27.6573
v  11.6565 0.1536 -27.6311
v  11.6565 -1.4683 -27.6472
v  11.5937 -1.3801 -27.6679
v  11.3976 -1.3675 -27.6709
v  10.3477 3.8395 -27.1696
v  10.3447 2.1429 -26.7714
v  10.3687 4.3168 -27.2816
v  10.3687 2.0987 -27.5335
v  10.3477 1.6663 -27.4321
v  10.3447 0.1293 -27.0713
v  11.6743 -6.1840 -24.8169
v  11.6768 -4.5851 -25.1922
v  11.6565 -6.5637 -24.7277
v  11.6565 -7.7585 -25.2199
v  11.6743 -7.4146 -25.3006
v  11.6768 -5.9660 -25.6406
v  10.4389 -6.6409 -24.7096
v  10.6424 -6.6520 -24.7071
v  10.3687 -6.5637 -24.7277
v  10.3687 -7.7585 -25.2199
v  10.4389 -7.8285 -25.2034
v  10.6424 -7.8385 -25.2011
v  11.6768 -8.0162 -26.1103
v  11.6743 -9.1924 -25.8342
v  11.6743 -9.9198 -25.9917
v  11.6768 -8.8350 -26.2463
v  11.6565 -9.4716 -25.7687
v  11.6565 -10.1773 -25.9312
v  11.6565 -10.9056 -26.0621
v  11.6743 -10.6639 -26.1188
v  11.6768 -9.6458 -26.3578
v  10.3447 -1.6162 -27.2157
v  10.3477 -0.2350 -27.5399
v  10.3687 0.1536 -27.6311
v  10.3687 -1.4683 -27.6472
v  10.3477 -1.8194 -27.5648
v  10.3447 -3.0673 -27.2719
v  11.6743 -8.3956 -25.6244
v  11.6768 -7.0938 -25.9300
v  11.6565 -8.7047 -25.5519
v  10.4389 -8.7676 -25.5371
v  10.6424 -8.7765 -25.5350
v  10.3687 -8.7047 -25.5519
v  10.3687 -9.4716 -25.7687
v  10.4389 -9.5284 -25.7553
v  10.6424 -9.5365 -25.7534
v  11.5937 -5.1154 -27.7254
v  11.3976 -5.1051 -27.7278
v  11.3976 -3.8906 -27.7086
v  11.5937 -3.9015 -27.7061
v  11.6565 -3.9778 -27.6882
v  11.6565 -5.1873 -27.7085
v  11.5937 -6.5081 -27.7277
v  11.6565 -6.5741 -27.7123
v  11.3976 -6.4987 -27.7299
v  10.6424 -10.2372 -25.9172
v  10.4389 -10.2297 -25.9189
v  10.3687 -10.1773 -25.9312
v  10.3687 -10.9056 -26.0621
v  10.4389 -10.9548 -26.0505
v  10.6424 -10.9618 -26.0489
v  11.5937 -2.7145 -27.6829
v  11.3976 -2.7029 -27.6857
v  11.6565 -2.7958 -27.6638
v  10.3447 -4.2706 -27.3177
v  10.3477 -3.1197 -27.5878
v  10.3687 -2.7958 -27.6638
v  10.3687 -3.9778 -27.6882
v  10.3477 -4.2817 -27.6168
v  10.3447 -5.3620 -27.3633
v  10.3477 -6.8366 -27.6500
v  10.3477 -8.4111 -27.6360
v  10.3447 -9.2225 -27.4326
v  10.3447 -7.7690 -27.4267
v  10.3687 -6.5741 -27.7123
v  10.3687 -8.1824 -27.6915
v  10.3687 -9.6563 -27.6582
v  10.3477 -9.8550 -27.6089
v  10.3447 -10.5592 -27.4250
v  10.3477 -5.4734 -27.6413
v  10.3447 -6.4905 -27.4020
v  10.3687 -5.1873 -27.7085
v  11.6743 -11.4820 -26.2272
v  11.6768 -10.5235 -26.4528
v  11.6565 -11.7096 -26.1737
v  11.6743 -12.3448 -26.3277
v  11.6565 -12.5535 -26.2781
v  11.6768 -11.4661 -26.5384
v  10.4389 -11.7559 -26.1629
v  10.6424 -11.7625 -26.1613
v  10.3687 -11.7096 -26.1737
v  10.3687 -12.5535 -26.2781
v  10.4389 -12.5960 -26.2681
v  10.6424 -12.6021 -26.2667
v  11.6768 -14.1163 -26.7335
v  11.6768 -13.3490 -26.6854
v  11.6743 -14.0124 -26.5112
v  11.6743 -14.7337 -26.5735
v  11.6565 -14.8806 -26.5368
v  11.6565 -14.1704 -26.4714
v  11.6743 -15.3339 -26.6313
v  11.6565 -15.4729 -26.5972
v  11.6768 -14.7499 -26.7786
v  11.6743 -13.2027 -26.4262
v  11.6768 -12.4382 -26.6186
v  11.6565 -13.3846 -26.3817
v  10.4389 -13.4216 -26.3730
v  10.6424 -13.4269 -26.3717
v  10.3687 -13.3846 -26.3817
v  10.4389 -14.2026 -26.4639
v  10.3687 -14.1704 -26.4714
v  10.6424 -14.2072 -26.4628
v  11.5937 -8.1248 -27.7050
v  11.3976 -8.1166 -27.7070
v  11.6565 -8.1824 -27.6915
v  11.6565 -9.6563 -27.6582
v  11.5937 -9.6062 -27.6700
v  11.3976 -9.5990 -27.6716
v  11.5937 -12.3950 -27.5830
v  11.3976 -12.3895 -27.5843
v  11.3976 -11.4483 -27.6120
v  11.5937 -11.4546 -27.6105
v  11.6565 -11.4986 -27.6002
v  11.6565 -12.4338 -27.5739
v  11.5937 -13.5256 -27.5201
v  11.6565 -13.5570 -27.5128
v  11.3976 -13.5211 -27.5212
v  10.4389 -14.9106 -26.5298
v  10.6424 -14.9148 -26.5288
v  10.3687 -14.8806 -26.5368
v  10.4389 -15.5012 -26.5906
v  10.3687 -15.4729 -26.5972
v  10.6424 -15.5052 -26.5896
v  11.5937 -10.6335 -27.6373
v  11.3976 -10.6269 -27.6389
v  11.6565 -10.6801 -27.6264
v  10.3477 -10.8650 -27.5809
v  10.3447 -11.5202 -27.4120
v  10.3687 -10.6801 -27.6264
v  10.3687 -11.4986 -27.6002
v  10.3477 -11.6733 -27.5578
v  10.3447 -12.2932 -27.4020
v  11.6768 -15.8707 -26.8929
v  11.6743 -16.2864 -26.7819
v  11.6718 -16.8360 -26.8540
v  11.6743 -16.5289 -26.9366
v  11.6565 -16.3854 -26.7568
v  11.6548 -16.8989 -26.8342
v  11.6464 -17.2415 -26.8805
v  11.6548 -17.2795 -26.9037
v  11.6565 -17.0681 -26.9630
v  10.3477 -12.5879 -27.5361
v  10.3447 -13.1339 -27.3963
v  10.3687 -12.4338 -27.5739
v  10.3687 -13.5570 -27.5128
v  10.3477 -13.6816 -27.4816
v  10.3447 -14.1229 -27.3646
v  11.6743 -15.8122 -26.7031
v  11.6768 -15.2977 -26.8354
v  11.6565 -15.9347 -26.6727
v  10.4389 -15.9596 -26.6668
v  10.6424 -15.9632 -26.6660
v  10.3687 -15.9347 -26.6727
v  10.4389 -16.4056 -26.7520
v  10.3687 -16.3854 -26.7568
v  10.6424 -16.4085 -26.7514
v  11.5934 -16.2017 -27.2257
v  11.5937 -16.4674 -27.1695
v  11.3976 -16.5199 -27.1644
v  11.3976 -16.2567 -27.2194
v  11.3976 -15.7834 -27.2828
v  11.5924 -15.7449 -27.2872
v  11.6464 -15.5589 -27.3083
v  11.6548 -15.8161 -27.2701
v  11.6565 -16.0999 -27.2049
v  10.4393 -16.9240 -26.8320
v  10.6424 -16.9295 -26.8319
v  10.3707 -16.8989 -26.8342
v  10.3807 -17.2415 -26.8805
v  10.4404 -17.3357 -26.8900
v  10.6424 -17.3552 -26.8920
v  11.5934 -14.7707 -27.4014
v  11.3976 -14.7751 -27.4012
v  11.6548 -14.7706 -27.3988
v  10.3506 -14.8855 -27.3731
v  10.3477 -15.2226 -27.2856
v  10.3707 -14.7706 -27.3988
v  10.3807 -15.5589 -27.3083
v  10.3707 -15.8161 -27.2701
v  10.3687 -16.0999 -27.2049
v  10.3477 -15.8794 -27.1102
v  10.3477 -16.5289 -26.9366
v  10.3447 -15.8707 -26.8929
v  10.3447 -15.0016 -27.1276
v  10.3687 -16.5866 -27.0833
v  10.3687 -17.0681 -26.9630
v  11.5937 -16.8836 -27.0709
v  11.5937 -17.2953 -26.9733
v  11.3976 -17.3278 -26.9748
v  11.3976 -16.9260 -27.0691
v  11.6565 -16.5866 -27.0833
v  11.6743 -11.6733 -27.5578
v  11.6743 -12.5879 -27.5361
v  11.6768 -13.1339 -27.3963
v  11.6768 -12.2932 -27.4020
v  11.6743 -13.6816 -27.4816
v  11.6768 -14.1229 -27.3646
v  10.3447 -14.2218 -27.1145
v  10.3447 -15.2977 -26.8354
v  10.3447 -14.7499 -26.7786
v  10.3447 -13.5282 -27.0887
v  11.6718 -14.8855 -27.3731
v  11.6743 -15.2226 -27.2856
v  10.3447 -12.8254 -27.0711
v  10.3447 -14.1163 -26.7335
v  10.3447 -13.3490 -26.6854
v  10.3447 -11.9618 -27.0535
v  11.6743 -6.8366 -27.6500
v  11.6743 -8.4111 -27.6360
v  11.6768 -7.7690 -27.4267
v  11.6768 -9.2225 -27.4326
v  11.6768 -10.5592 -27.4250
v  11.6743 -9.8550 -27.6089
v  11.6743 -10.8650 -27.5809
v  11.6768 -11.5202 -27.4120
v  11.6743 -5.4734 -27.6413
v  11.6743 -4.2817 -27.6168
v  11.6768 -6.4905 -27.4020
v  11.6768 -5.3620 -27.3633
v  10.3447 -7.5156 -26.8578
v  10.3447 -8.5180 -26.9248
v  10.3447 -10.5235 -26.4528
v  10.3447 -9.6458 -26.3578
v  10.3447 -9.6276 -26.9802
v  10.3447 -11.4661 -26.5384
v  10.3447 -10.8391 -27.0235
v  10.3447 -12.4382 -26.6186
v  10.3447 -5.5553 -26.6879
v  10.3447 -6.5653 -26.7791
v  10.3447 -8.8350 -26.2463
v  10.3447 -8.0162 -26.1103
v  11.6743 -0.2350 -27.5399
v  11.6743 1.6663 -27.4321
v  11.6768 -1.6162 -27.2157
v  11.6768 0.1293 -27.0713
v  11.6743 -1.8194 -27.5648
v  11.6768 -3.0673 -27.2719
v  10.3447 -7.0938 -25.9300
v  10.3447 -5.9660 -25.6406
v  10.3447 -2.9350 -26.3520
v  10.3447 -4.3699 -26.5693
v  11.6743 -3.1197 -27.5878
v  11.6768 -4.2706 -27.3177
v  11.6743 3.8395 -27.1696
v  11.6743 6.0423 -26.7913
v  11.6768 2.1429 -26.7714
v  11.6768 4.1961 -26.3580
v  10.3447 -1.2394 -25.9775
v  10.3447 -4.5851 -25.1922
v  10.3447 -3.1257 -24.6394
v  10.3447 0.5153 -25.4940
v  10.3447 2.1272 -24.9623
v  10.3447 -1.7749 -24.0463
v  10.3447 -0.5479 -23.4100
v  10.3447 3.6059 -24.3850
v  11.6743 13.5476 -24.6285
v  11.6743 11.7264 -25.3144
v  11.6768 9.4843 -24.7882
v  11.6768 11.1667 -24.0696
v  11.6743 9.9115 -25.8650
v  11.6768 7.8051 -25.3706
v  10.3447 5.0145 -23.7390
v  10.3447 0.5930 -22.7012
v  10.3447 1.7249 -21.8534
v  10.3447 6.4201 -22.9555
v  11.6743 8.0508 -26.3526
v  11.6768 6.0721 -25.8882
v  11.6743 15.3496 -23.7036
v  11.6768 12.8396 -23.1145
v  10.3447 7.8356 -21.9400
v  10.3447 2.8858 -20.7781
v  10.3447 3.9189 -19.3368
v  10.3447 9.0525 -20.5417
v  11.6743 9.8656 -18.7605
v  11.6743 4.6567 -17.5378
v  11.6768 9.0525 -20.5417
v  11.6565 10.3056 -17.2534
v  11.6565 5.0860 -16.0283
v  10.3477 9.8656 -18.7605
v  10.3477 4.6567 -17.5378
v  10.3687 5.0860 -16.0283
v  10.3687 10.3056 -17.2534
v  10.6424 5.2750 -15.2976
v  10.6424 10.4946 -16.5228
v  10.4389 10.4709 -16.6141
v  10.4389 5.2514 -15.3889
v  10.4405 1.9948 -15.3691
v  10.6424 1.9992 -15.3037
v  10.6424 2.7569 -14.8034
v  10.4393 2.7364 -14.8919
v  10.3707 2.5843 -15.5074
v  10.3807 1.9736 -15.6852
v  10.3707 1.5758 -16.8649
v  10.3506 2.1665 -16.9659
v  10.3477 1.4655 -18.7609
v  11.6718 2.1665 -16.9659
v  11.6548 2.5843 -15.5074
v  10.3477 0.5203 -20.2229
v  10.3477 -0.5190 -21.3267
v  10.3477 -1.5201 -22.2052
v  10.3477 -2.5331 -22.9440
v  10.3477 -3.6398 -23.6086
v  10.3477 -4.8657 -24.2310
v  10.3477 -6.1840 -24.8169
v  10.3477 -7.4146 -25.3006
v  10.3477 -8.3956 -25.6244
v  10.3477 -9.1924 -25.8342
v  10.3477 -9.9198 -25.9917
v  10.3477 -10.6639 -26.1188
v  10.3477 -13.2027 -26.4262
v  10.3477 -12.3448 -26.3277
v  10.3477 -14.0124 -26.5112
v  10.3477 -11.4820 -26.2272
v  10.3477 -14.7337 -26.5735
v  10.3477 -15.3339 -26.6313
v  10.3477 -15.8122 -26.7031
v  10.3477 -16.2864 -26.7819
v  11.3976 -17.3552 -26.8920
v  11.3976 -17.4935 -26.9264
v  11.5934 -17.4666 -26.9235
v  11.5924 -17.3357 -26.8900
v  10.3506 -16.8360 -26.8540
v  10.3707 -17.2795 -26.9037
v  11.6768 -13.5282 -27.0887
v  11.6768 -14.2218 -27.1145
v  11.6768 -15.0016 -27.1276
v  11.6743 -15.8794 -27.1102
v  11.6768 -9.6276 -26.9802
v  11.6768 -10.8391 -27.0235
v  11.6768 -11.9618 -27.0535
v  11.6768 -12.8254 -27.0711
v  11.6768 -7.5156 -26.8578
v  11.6768 -8.5180 -26.9248
v  11.6768 -2.9350 -26.3520
v  11.6768 -4.3699 -26.5693
v  11.6768 -5.5553 -26.6879
v  11.6768 -6.5653 -26.7791
v  11.6768 0.5153 -25.4940
v  11.6768 -1.2394 -25.9775
v  11.6768 6.4201 -22.9555
v  11.6768 5.0145 -23.7390
v  11.6768 3.6059 -24.3850
v  11.6768 2.1272 -24.9623
v  11.6768 7.8356 -21.9400
v  10.6424 -17.4935 -26.9264
v  11.0214 -17.4935 -26.9264
v  11.0214 -17.3552 -26.8920
v  11.0214 -17.3278 -26.9748
v  10.6424 -17.3278 -26.9748
v  11.5934 2.7364 -14.8919
v  11.5937 5.2514 -15.3889
v  11.3976 5.2750 -15.2976
v  11.3976 2.7569 -14.8034
v  11.5937 10.4709 -16.6141
v  11.5937 15.7476 -17.8526
v  11.3976 15.7712 -17.7613
v  11.3976 10.4946 -16.5228
v  10.6424 -16.9260 -27.0691
v  11.0214 -16.9260 -27.0691
v  10.6424 -16.5199 -27.1644
v  11.0214 -16.5199 -27.1644
v  11.0214 -13.5211 -27.5212
v  11.0214 -14.7751 -27.4012
v  10.6424 -14.7751 -27.4012
v  10.6424 -13.5211 -27.5212
v  11.0214 -15.7834 -27.2828
v  10.6424 -15.7834 -27.2828
v  11.5934 -16.9240 -26.8320
v  11.5937 -16.4056 -26.7520
v  11.3976 -16.4085 -26.7514
v  11.3976 -16.9295 -26.8319
v  11.0214 -16.2567 -27.2194
v  10.6424 -16.2567 -27.2194
v  11.5937 -15.9596 -26.6668
v  11.5937 -15.5012 -26.5906
v  11.3976 -15.5052 -26.5896
v  11.3976 -15.9632 -26.6660
v  11.0214 -9.5990 -27.6716
v  11.0214 -10.6269 -27.6389
v  10.6424 -10.6269 -27.6389
v  10.6424 -9.5990 -27.6716
v  11.0214 -11.4483 -27.6120
v  10.6424 -11.4483 -27.6120
v  11.5937 -14.2026 -26.4639
v  11.5937 -14.9106 -26.5298
v  11.3976 -14.2072 -26.4628
v  11.3976 -14.9148 -26.5288
v  11.0214 -12.3895 -27.5843
v  10.6424 -12.3895 -27.5843
v  10.6424 -6.4987 -27.7299
v  11.0214 -6.4987 -27.7299
v  11.0214 -8.1166 -27.7070
v  10.6424 -8.1166 -27.7070
v  11.5937 -12.5960 -26.2681
v  11.5937 -13.4216 -26.3730
v  11.3976 -12.6021 -26.2667
v  11.3976 -13.4269 -26.3717
v  11.5937 -10.9548 -26.0505
v  11.5937 -11.7559 -26.1629
v  11.3976 -11.7625 -26.1613
v  11.3976 -10.9618 -26.0489
v  11.0214 -2.7029 -27.6857
v  10.6424 -2.7029 -27.6857
v  10.6424 -1.3675 -27.6709
v  11.0214 -1.3675 -27.6709
v  11.0214 -3.8906 -27.7086
v  10.6424 -3.8906 -27.7086
v  11.5937 -9.5284 -25.7553
v  11.5937 -10.2297 -25.9189
v  11.3976 -9.5365 -25.7534
v  11.3976 -10.2372 -25.9172
v  10.6424 -5.1051 -27.7278
v  11.0214 -5.1051 -27.7278
v  11.5937 -7.8285 -25.2034
v  11.5937 -8.7676 -25.5371
v  11.3976 -7.8385 -25.2011
v  11.3976 -8.7765 -25.5350
v  11.5937 -5.3629 -24.1143
v  11.5937 -6.6409 -24.7096
v  11.3976 -5.3749 -24.1114
v  11.3976 -6.6520 -24.7071
v  10.6424 0.2652 -27.6573
v  10.6424 2.2229 -27.5627
v  11.0214 2.2229 -27.5627
v  11.0214 0.2652 -27.6573
v  10.6424 8.7673 -26.5208
v  10.6424 10.6743 -26.0441
v  11.0214 10.6743 -26.0441
v  11.0214 8.7673 -26.5208
v  11.0214 6.7110 -26.9482
v  10.6424 6.7110 -26.9482
v  11.5937 -3.1003 -22.8109
v  11.5937 -4.1727 -23.4835
v  11.3976 -3.1140 -22.8077
v  11.3976 -4.1855 -23.4805
v  11.0214 4.4539 -27.3138
v  10.6424 4.4539 -27.3138
v  11.5937 -1.1602 -21.1763
v  11.5937 -2.1239 -22.0635
v  11.3976 -1.1757 -21.1726
v  11.3976 -2.1385 -22.0601
v  11.5937 -0.1557 -20.0643
v  11.3976 -0.1720 -20.0604
v  11.0214 12.5383 -25.5050
v  10.6424 12.5383 -25.5050
v  10.6424 14.4098 -24.8308
v  11.0214 14.4098 -24.8308
v  11.0214 18.7025 -20.8347
v  11.0214 17.7881 -22.5922
v  10.6424 17.7881 -22.5922
v  10.6424 18.7025 -20.8347
v  11.0214 18.9738 -19.2880
v  11.0214 1.4561 -16.7866
v  11.0214 1.9992 -15.3037
v  10.6424 1.4561 -16.7866
v  11.0214 0.7475 -18.5924
v  10.6424 16.2586 -23.9170
v  11.0214 16.2585 -23.9170
v  11.5934 18.3682 -18.5610
v  11.3976 18.3944 -18.4739
v  10.4389 16.2332 -23.9111
v  10.4389 17.7618 -22.5860
v  10.4389 14.3858 -24.8252
v  10.4393 1.4696 -16.8023
v  10.4393 18.6738 -20.8405
v  10.4389 12.5157 -25.4997
v  10.4389 10.6530 -26.0391
v  10.4389 6.6923 -26.9439
v  10.4389 4.4368 -27.3098
v  10.4389 2.2074 -27.5590
v  10.4389 8.7474 -26.5161
v  10.4389 0.2513 -27.6540
v  10.4389 -1.3801 -27.6679
v  10.4389 -3.9015 -27.7061
v  10.4389 -5.1154 -27.7254
v  10.4389 -6.5081 -27.7277
v  10.4389 -2.7145 -27.6829
v  10.4389 -8.1248 -27.7050
v  10.4389 -9.6062 -27.6699
v  10.4389 -11.4546 -27.6105
v  10.4389 -12.3950 -27.5830
v  10.4389 -13.5256 -27.5201
v  10.4389 -10.6335 -27.6373
v  10.4393 -16.2017 -27.2257
v  10.4389 -16.4674 -27.1695
v  10.4404 -15.7449 -27.2872
v  10.4393 -14.7707 -27.4014
v  10.4389 -16.8836 -27.0709
v  10.4389 -17.2953 -26.9733
v  10.4393 -17.4666 -26.9235
v  11.0214 2.7569 -14.8034
v  11.0214 5.2750 -15.2976
v  11.0214 10.4946 -16.5228
v  11.0214 15.7712 -17.7613
v  11.0214 -16.4085 -26.7514
v  11.0214 -16.9295 -26.8319
v  11.0214 -15.5052 -26.5896
v  11.0214 -15.9632 -26.6660
v  11.0214 -14.9148 -26.5288
v  11.0214 -14.2072 -26.4628
v  11.0214 -13.4269 -26.3717
v  11.0214 -12.6021 -26.2667
v  11.0214 -11.7625 -26.1613
v  11.0214 -10.9618 -26.0489
v  11.0214 -9.5365 -25.7534
v  11.0214 -10.2372 -25.9172
v  11.0214 -8.7765 -25.5350
v  11.0214 -7.8385 -25.2011
v  11.0214 -6.6520 -24.7071
v  11.0214 -5.3749 -24.1114
v  11.0214 -3.1140 -22.8077
v  11.0214 -4.1855 -23.4805
v  11.0214 -2.1384 -22.0601
v  11.0214 -1.1757 -21.1726
v  11.0214 -0.1720 -20.0604
v  11.0214 18.3944 -18.4739
v  19.8423 15.7712 -9.4155
v  20.5431 18.3944 -9.4155
v  20.6288 18.3682 -9.6221
v  19.9321 15.7476 -9.6225
v  21.4010 18.9393 -9.6209
v  21.3437 18.9738 -9.4155
v  21.6783 18.7724 -9.6817
v  21.2302 18.1990 -9.6918
v  20.5609 15.5823 -9.6939
v  22.6610 17.7662 -9.7123
v  22.0404 15.1314 -9.7152
v  22.8640 18.4853 -9.6918
v  24.5447 17.5778 -9.6939
v  24.3756 16.8454 -9.7152
v  23.7747 14.2422 -9.7183
v  24.5871 17.7618 -8.4482
v  25.8903 16.2332 -8.4482
v  25.8961 16.2586 -8.6476
v  24.5932 17.7881 -8.6476
v  25.8493 16.0558 -8.3844
v  24.5447 17.5778 -8.3844
v  26.7504 14.2175 -8.3844
v  26.7893 14.3858 -8.4482
v  26.7948 14.4098 -8.6476
v  22.6610 17.7662 -8.3688
v  22.0404 15.1314 -8.3663
v  23.7747 14.2422 -8.3637
v  24.3756 16.8454 -8.3663
v  22.8640 18.4853 -8.3861
v  21.6783 18.7724 -8.3947
v  21.2302 18.1990 -8.3861
v  20.5609 15.5823 -8.3844
v  18.8992 1.4696 -8.4485
v  17.4897 1.9948 -8.4496
v  17.4254 1.9992 -8.6476
v  18.8837 1.4561 -8.6476
v  20.6636 0.7645 -8.4482
v  20.6596 0.7475 -8.6476
v  18.9608 1.5758 -8.3861
v  20.6909 0.8829 -8.3844
v  17.8006 1.9736 -8.3947
v  22.8705 18.6738 -8.4485
v  22.8648 18.7025 -8.6476
v  21.4010 18.9393 -8.4496
v  21.3437 18.9738 -8.6476
v  27.4578 12.5383 -8.6476
v  27.4526 12.5157 -8.4482
v  27.4160 12.3572 -8.3844
v  27.9487 10.5041 -8.3844
v  27.9831 10.6530 -8.4482
v  27.9880 10.6743 -8.6476
v  25.6863 15.3496 -9.7152
v  25.1069 12.8396 -9.7183
v  25.8493 16.0558 -9.6939
v  26.7504 14.2175 -9.6939
v  26.5958 13.5476 -9.7152
v  26.0462 11.1667 -9.7183
v  22.8092 2.8858 -8.3637
v  21.3917 3.9189 -8.3637
v  20.8254 1.4655 -8.3663
v  22.2632 0.5203 -8.3663
v  22.1335 -0.0415 -8.3844
v  23.3487 -0.5190 -8.3663
v  23.2257 -1.0519 -8.3844
v  23.8667 1.7249 -8.3637
v  22.1033 -0.1720 -9.4155
v  20.6596 0.7475 -9.4155
v  20.6636 0.7645 -9.6225
v  22.1071 -0.1557 -9.6225
v  22.1335 -0.0415 -9.6939
v  20.6909 0.8829 -9.6939
v  23.2257 -1.0519 -9.6939
v  23.2007 -1.1602 -9.6225
v  23.1971 -1.1757 -9.4155
v  25.5928 -3.6398 -8.3663
v  26.0233 -1.7749 -8.3637
v  25.3975 -0.5479 -8.3637
v  24.9393 -2.5331 -8.3663
v  24.8304 -3.0045 -8.3844
v  25.4906 -4.0826 -8.3844
v  26.1095 -5.2789 -8.3844
v  26.2049 -4.8657 -8.3663
v  26.6065 -3.1257 -8.3637
v  26.7529 9.4843 -9.7183
v  27.2704 11.7264 -9.7152
v  27.4160 12.3572 -9.6939
v  27.8119 9.9115 -9.7152
v  27.9487 10.5041 -9.6939
v  27.3257 7.8051 -9.7183
v  24.2127 -1.5201 -8.3663
v  24.7005 0.5930 -8.3637
v  24.0968 -2.0219 -8.3844
v  24.0733 -2.1239 -9.6225
v  24.0699 -2.1385 -9.4155
v  24.0968 -2.0219 -9.6939
v  24.8304 -3.0045 -9.6939
v  24.8083 -3.1003 -9.6225
v  24.8052 -3.1140 -9.4155
v  28.8772 6.7110 -8.6476
v  28.8729 6.6923 -8.4482
v  29.2327 4.4368 -8.4482
v  29.2367 4.4539 -8.6476
v  28.8427 6.5618 -8.3844
v  29.2050 4.3168 -8.3844
v  29.4528 2.0987 -8.3844
v  29.4779 2.2074 -8.4482
v  29.4815 2.2229 -8.6476
v  25.4669 -4.1855 -9.4155
v  25.4698 -4.1727 -9.6225
v  25.4906 -4.0826 -9.6939
v  26.1095 -5.2789 -9.6939
v  26.0901 -5.3629 -9.6225
v  26.0873 -5.3749 -9.4155
v  28.4522 8.7474 -8.4482
v  28.4568 8.7673 -8.6476
v  28.4199 8.6075 -8.3844
v  28.2914 8.0508 -9.7152
v  27.8347 6.0721 -9.7183
v  28.4199 8.6075 -9.6939
v  28.7229 6.0423 -9.7152
v  28.8427 6.5618 -9.6939
v  28.2967 4.1961 -9.7183
v  29.5713 0.2513 -8.4482
v  29.5745 0.2652 -8.6476
v  29.5487 0.1536 -8.3844
v  29.5849 -1.3801 -8.4482
v  29.5646 -1.4683 -8.3844
v  29.5878 -1.3675 -8.6476
v  28.7032 2.1429 -9.7183
v  29.0949 3.8395 -9.7152
v  29.2050 4.3168 -9.6939
v  29.4528 2.0987 -9.6939
v  29.3530 1.6663 -9.7152
v  28.9982 0.1293 -9.7183
v  26.7811 -6.1840 -8.3663
v  27.1502 -4.5851 -8.3637
v  26.6934 -6.5637 -8.3844
v  27.2568 -7.4146 -8.3663
v  27.1774 -7.7585 -8.3844
v  27.5912 -5.9660 -8.3637
v  26.6731 -6.6520 -9.4155
v  26.6756 -6.6409 -9.6225
v  26.6934 -6.5637 -9.6939
v  27.1774 -7.7585 -9.6939
v  27.1613 -7.8285 -9.6225
v  27.1589 -7.8385 -9.4155
v  27.7816 -9.1924 -8.3663
v  27.9365 -9.9198 -8.3663
v  28.1869 -8.8350 -8.3637
v  28.0531 -8.0162 -8.3637
v  27.8770 -10.1773 -8.3844
v  27.7171 -9.4716 -8.3844
v  28.0057 -10.9056 -8.3844
v  28.0615 -10.6639 -8.3663
v  28.2965 -9.6458 -8.3637
v  29.4590 -0.2350 -9.7152
v  29.1402 -1.6162 -9.7183
v  29.5487 0.1536 -9.6939
v  29.4835 -1.8194 -9.7152
v  29.5646 -1.4683 -9.6939
v  29.1955 -3.0673 -9.7183
v  27.5753 -8.3956 -8.3663
v  27.8758 -7.0938 -8.3637
v  27.5039 -8.7047 -8.3844
v  27.4874 -8.7765 -9.4155
v  27.4894 -8.7676 -9.6225
v  27.5039 -8.7047 -9.6939
v  27.7171 -9.4716 -9.6939
v  27.7040 -9.5284 -9.6225
v  27.7021 -9.5365 -9.4155
v  29.6225 -3.9015 -8.4482
v  29.6414 -5.1154 -8.4482
v  29.6438 -5.1051 -8.6476
v  29.6250 -3.8906 -8.6476
v  29.6049 -3.9778 -8.3844
v  29.6248 -5.1873 -8.3844
v  29.6285 -6.5741 -8.3844
v  29.6438 -6.5081 -8.4482
v  29.6459 -6.4987 -8.6476
v  27.8649 -10.2297 -9.6225
v  27.8632 -10.2372 -9.4155
v  27.8770 -10.1773 -9.6939
v  28.0057 -10.9056 -9.6939
v  27.9943 -10.9548 -9.6225
v  27.9927 -10.9618 -9.4155
v  29.5997 -2.7145 -8.4482
v  29.6024 -2.7029 -8.6476
v  29.5809 -2.7958 -8.3844
v  29.5062 -3.1197 -9.7152
v  29.2405 -4.2706 -9.7183
v  29.5809 -2.7958 -9.6939
v  29.6049 -3.9778 -9.6939
v  29.5347 -4.2817 -9.7152
v  29.2853 -5.3620 -9.7183
v  29.3535 -9.2225 -9.7183
v  29.3477 -7.7690 -9.7183
v  29.5673 -6.8366 -9.7152
v  29.5535 -8.4111 -9.7152
v  29.6285 -6.5741 -9.6939
v  29.6082 -8.1824 -9.6939
v  29.5754 -9.6563 -9.6939
v  29.5269 -9.8550 -9.7152
v  29.3461 -10.5592 -9.7183
v  29.5587 -5.4734 -9.7152
v  29.3234 -6.4905 -9.7183
v  29.6248 -5.1873 -9.6939
v  28.1681 -11.4820 -8.3663
v  28.3899 -10.5235 -8.3637
v  28.1155 -11.7096 -8.3844
v  28.2181 -12.5535 -8.3844
v  28.2669 -12.3448 -8.3663
v  28.4741 -11.4661 -8.3637
v  28.1048 -11.7559 -9.6225
v  28.1033 -11.7625 -9.4155
v  28.1155 -11.7096 -9.6939
v  28.2181 -12.5535 -9.6939
v  28.2083 -12.5960 -9.6225
v  28.2069 -12.6021 -9.4155
v  28.6187 -13.3490 -8.3637
v  28.4473 -14.0124 -8.3663
v  28.5086 -14.7337 -8.3663
v  28.6660 -14.1163 -8.3637
v  28.4083 -14.1704 -8.3844
v  28.4726 -14.8806 -8.3844
v  28.5319 -15.4729 -8.3844
v  28.5655 -15.3339 -8.3663
v  28.7104 -14.7499 -8.3637
v  28.3638 -13.2027 -8.3663
v  28.5530 -12.4382 -8.3637
v  28.3200 -13.3846 -8.3844
v  28.3114 -13.4216 -9.6225
v  28.3102 -13.4269 -9.4155
v  28.3200 -13.3846 -9.6939
v  28.4083 -14.1704 -9.6939
v  28.4008 -14.2026 -9.6225
v  28.3998 -14.2072 -9.4155
v  29.6214 -8.1248 -8.4482
v  29.6233 -8.1166 -8.6476
v  29.6082 -8.1824 -8.3844
v  29.5754 -9.6563 -8.3844
v  29.5869 -9.6062 -8.4482
v  29.5886 -9.5990 -8.6476
v  29.5014 -12.3950 -8.4482
v  29.5027 -12.3895 -8.6476
v  29.5300 -11.4483 -8.6476
v  29.5285 -11.4546 -8.4482
v  29.5184 -11.4986 -8.3844
v  29.4925 -12.4338 -8.3844
v  29.4324 -13.5570 -8.3844
v  29.4396 -13.5256 -8.4482
v  29.4406 -13.5211 -8.6476
v  28.4657 -14.9106 -9.6225
v  28.4647 -14.9148 -9.4155
v  28.4726 -14.8806 -9.6939
v  28.5319 -15.4729 -9.6939
v  28.5254 -15.5012 -9.6225
v  28.5245 -15.5052 -9.4155
v  29.5564 -10.6269 -8.6476
v  29.5549 -10.6335 -8.4482
v  29.5441 -10.6801 -8.3844
v  29.4993 -10.8650 -9.7152
v  29.3332 -11.5202 -9.7183
v  29.5441 -10.6801 -9.6939
v  29.5184 -11.4986 -9.6939
v  29.4766 -11.6733 -9.7152
v  29.3234 -12.2932 -9.7183
v  28.7136 -16.2864 -8.3663
v  28.7845 -16.8360 -8.3688
v  28.8657 -16.5289 -8.3663
v  28.8228 -15.8707 -8.3637
v  28.7650 -16.8989 -8.3861
v  28.6889 -16.3854 -8.3844
v  28.8105 -17.2415 -8.3947
v  28.8333 -17.2795 -8.3861
v  28.8917 -17.0681 -8.3844
v  29.4553 -12.5879 -9.7152
v  29.3178 -13.1339 -9.7183
v  29.4925 -12.4338 -9.6939
v  29.4324 -13.5570 -9.6939
v  29.4017 -13.6816 -9.7152
v  29.2866 -14.1229 -9.7183
v  28.6360 -15.8122 -8.3663
v  28.7662 -15.2977 -8.3637
v  28.6062 -15.9347 -8.3844
v  28.6004 -15.9596 -9.6225
v  28.5996 -15.9632 -9.4155
v  28.6062 -15.9347 -9.6939
v  28.6889 -16.3854 -9.6939
v  28.6842 -16.4056 -9.6225
v  28.6836 -16.4085 -9.4155
v  29.0948 -16.4674 -8.4482
v  29.0898 -16.5199 -8.6476
v  29.1439 -16.2567 -8.6476
v  29.1500 -16.2017 -8.4485
v  29.2106 -15.7449 -8.4496
v  29.2062 -15.7834 -8.6476
v  29.2313 -15.5589 -8.3947
v  29.1937 -15.8161 -8.3861
v  29.1296 -16.0999 -8.3844
v  28.7628 -16.9295 -9.4155
v  28.7629 -16.9240 -9.6221
v  28.7650 -16.8989 -9.6918
v  28.8105 -17.2415 -9.6817
v  28.8199 -17.3357 -9.6209
v  28.8218 -17.3552 -9.4155
v  29.3228 -14.7707 -8.4485
v  29.3227 -14.7751 -8.6476
v  29.3202 -14.7706 -8.3861
v  29.2089 -15.2226 -9.7152
v  29.2950 -14.8855 -9.7123
v  29.3202 -14.7706 -9.6918
v  29.2313 -15.5589 -9.6817
v  29.1937 -15.8161 -9.6918
v  29.1296 -16.0999 -9.6939
v  29.0536 -15.0016 -9.7183
v  29.0365 -15.8794 -9.7152
v  28.8657 -16.5289 -9.7152
v  28.8228 -15.8707 -9.7183
v  29.0100 -16.5866 -9.6939
v  28.8917 -17.0681 -9.6939
v  28.9033 -17.3278 -8.6476
v  28.9960 -16.9260 -8.6476
v  28.9978 -16.8836 -8.4482
v  28.9019 -17.2953 -8.4482
v  29.0100 -16.5866 -8.3844
v  29.4766 -11.6733 -8.3663
v  29.4553 -12.5879 -8.3663
v  29.3234 -12.2932 -8.3637
v  29.3178 -13.1339 -8.3637
v  29.4017 -13.6816 -8.3663
v  29.2866 -14.1229 -8.3637
v  28.7662 -15.2977 -9.7183
v  28.7104 -14.7499 -9.7183
v  29.0154 -13.5282 -9.7183
v  29.0407 -14.2218 -9.7183
v  29.2950 -14.8855 -8.3688
v  29.2089 -15.2226 -8.3663
v  28.6187 -13.3490 -9.7183
v  28.9806 -11.9618 -9.7183
v  28.9980 -12.8254 -9.7183
v  28.6660 -14.1163 -9.7183
v  29.5535 -8.4111 -8.3663
v  29.5673 -6.8366 -8.3663
v  29.3477 -7.7690 -8.3637
v  29.3535 -9.2225 -8.3637
v  29.3461 -10.5592 -8.3637
v  29.5269 -9.8550 -8.3663
v  29.4993 -10.8650 -8.3663
v  29.3332 -11.5202 -8.3637
v  29.5347 -4.2817 -8.3663
v  29.5587 -5.4734 -8.3663
v  29.2853 -5.3620 -8.3637
v  29.3234 -6.4905 -8.3637
v  28.7882 -7.5156 -9.7183
v  28.8541 -8.5180 -9.7183
v  28.3899 -10.5235 -9.7183
v  28.2965 -9.6458 -9.7183
v  28.9086 -9.6276 -9.7183
v  28.4741 -11.4661 -9.7183
v  28.9512 -10.8391 -9.7183
v  28.5530 -12.4382 -9.7183
v  28.6212 -5.5553 -9.7183
v  28.7108 -6.5653 -9.7183
v  28.1869 -8.8350 -9.7183
v  28.0531 -8.0162 -9.7183
v  29.4590 -0.2350 -8.3663
v  29.3530 1.6663 -8.3663
v  28.9982 0.1293 -8.3637
v  29.1402 -1.6162 -8.3637
v  29.1955 -3.0673 -8.3637
v  29.4835 -1.8194 -8.3663
v  28.2908 -2.9350 -9.7183
v  28.5045 -4.3699 -9.7183
v  27.8758 -7.0938 -9.7183
v  27.5912 -5.9660 -9.7183
v  29.5062 -3.1197 -8.3663
v  29.2405 -4.2706 -8.3637
v  28.7229 6.0423 -8.3663
v  29.0949 3.8395 -8.3663
v  28.7032 2.1429 -8.3637
v  28.2967 4.1961 -8.3637
v  27.1502 -4.5851 -9.7183
v  26.6065 -3.1257 -9.7183
v  27.4470 0.5153 -9.7183
v  27.9225 -1.2394 -9.7183
v  25.3975 -0.5479 -9.7183
v  26.3563 3.6059 -9.7183
v  26.9241 2.1272 -9.7183
v  26.0233 -1.7749 -9.7183
v  26.5958 13.5476 -8.3663
v  27.2704 11.7264 -8.3663
v  26.0462 11.1667 -8.3637
v  26.7529 9.4843 -8.3637
v  27.8119 9.9115 -8.3663
v  27.3257 7.8051 -8.3637
v  24.9505 6.4201 -9.7183
v  25.7211 5.0145 -9.7183
v  24.7005 0.5930 -9.7183
v  23.8667 1.7249 -9.7183
v  28.2914 8.0508 -8.3663
v  27.8347 6.0721 -8.3637
v  25.6863 15.3496 -8.3663
v  25.1069 12.8396 -8.3637
v  22.5767 9.0525 -9.7183
v  23.9518 7.8356 -9.7183
v  22.8092 2.8858 -9.7183
v  21.3917 3.9189 -9.7183
v  19.6225 4.6567 -8.3663
v  22.5767 9.0525 -8.3637
v  20.8249 9.8656 -8.3663
v  19.3428 10.3056 -8.3844
v  18.1380 5.0860 -8.3844
v  20.8249 9.8656 -9.7152
v  19.6225 4.6567 -9.7152
v  18.1380 5.0860 -9.6939
v  19.3428 10.3056 -9.6939
v  18.7141 10.4709 -9.6225
v  17.5092 5.2514 -9.6225
v  17.4194 5.2750 -9.4155
v  18.6243 10.4946 -9.4155
v  16.9334 2.7569 -9.4155
v  17.0204 2.7364 -9.6221
v  17.4897 1.9948 -9.6209
v  17.4254 1.9992 -9.4155
v  17.6257 2.5843 -9.6918
v  17.8006 1.9736 -9.6817
v  19.0601 2.1665 -9.7123
v  18.9608 1.5758 -9.6918
v  20.8254 1.4655 -9.7152
v  19.0601 2.1665 -8.3688
v  17.6257 2.5843 -8.3861
v  22.2632 0.5203 -9.7152
v  23.3487 -0.5190 -9.7152
v  24.2127 -1.5201 -9.7152
v  24.9393 -2.5331 -9.7152
v  25.5928 -3.6398 -9.7152
v  26.2049 -4.8657 -9.7152
v  26.7811 -6.1840 -9.7152
v  27.2568 -7.4146 -9.7152
v  27.5753 -8.3956 -9.7152
v  27.7816 -9.1924 -9.7152
v  27.9365 -9.9198 -9.7152
v  28.0615 -10.6639 -9.7152
v  28.2669 -12.3448 -9.7152
v  28.3638 -13.2027 -9.7152
v  28.4473 -14.0124 -9.7152
v  28.1681 -11.4820 -9.7152
v  28.5086 -14.7337 -9.7152
v  28.5655 -15.3339 -9.7152
v  28.6360 -15.8122 -9.7152
v  28.7136 -16.2864 -9.7152
v  28.8218 -17.3552 -8.6476
v  28.8557 -17.4935 -8.6476
v  28.8529 -17.4666 -8.4485
v  28.8199 -17.3357 -8.4496
v  28.7845 -16.8360 -9.7123
v  28.8333 -17.2795 -9.6918
v  29.0407 -14.2218 -8.3637
v  29.0154 -13.5282 -8.3637
v  29.0536 -15.0016 -8.3637
v  29.0365 -15.8794 -8.3663
v  28.9086 -9.6276 -8.3637
v  28.9512 -10.8391 -8.3637
v  28.9806 -11.9618 -8.3637
v  28.9980 -12.8254 -8.3637
v  28.8541 -8.5180 -8.3637
v  28.7882 -7.5156 -8.3637
v  28.5045 -4.3699 -8.3637
v  28.2908 -2.9350 -8.3637
v  28.6212 -5.5553 -8.3637
v  28.7108 -6.5653 -8.3637
v  27.9225 -1.2394 -8.3637
v  27.4470 0.5153 -8.3637
v  24.9505 6.4201 -8.3637
v  25.7211 5.0145 -8.3637
v  26.3563 3.6059 -8.3637
v  26.9241 2.1272 -8.3637
v  23.9518 7.8356 -8.3637
v  28.8557 -17.4935 -9.0302
v  28.8218 -17.3552 -9.0302
v  28.8557 -17.4935 -9.4155
v  28.9033 -17.3278 -9.4155
v  28.9033 -17.3278 -9.0302
v  17.0204 2.7364 -8.4485
v  17.5092 5.2514 -8.4482
v  17.4194 5.2750 -8.6476
v  16.9334 2.7569 -8.6476
v  18.7141 10.4709 -8.4482
v  19.9321 15.7476 -8.4482
v  19.8423 15.7712 -8.6476
v  18.6243 10.4946 -8.6476
v  28.9960 -16.9260 -9.4155
v  28.9960 -16.9260 -9.0302
v  29.0898 -16.5199 -9.0302
v  29.0898 -16.5199 -9.4155
v  29.3227 -14.7751 -9.0302
v  29.3227 -14.7751 -9.4155
v  29.4406 -13.5211 -9.4155
v  29.4406 -13.5211 -9.0302
v  29.2062 -15.7834 -9.0302
v  29.2062 -15.7834 -9.4155
v  28.6842 -16.4056 -8.4482
v  28.7629 -16.9240 -8.4485
v  28.7628 -16.9295 -8.6476
v  28.6836 -16.4085 -8.6476
v  29.1439 -16.2567 -9.4155
v  29.1439 -16.2567 -9.0302
v  28.5254 -15.5012 -8.4482
v  28.6004 -15.9596 -8.4482
v  28.5245 -15.5052 -8.6476
v  28.5996 -15.9632 -8.6476
v  29.5886 -9.5990 -9.4155
v  29.5886 -9.5990 -9.0302
v  29.5564 -10.6269 -9.0302
v  29.5564 -10.6269 -9.4155
v  29.5300 -11.4483 -9.0302
v  29.5300 -11.4483 -9.4155
v  28.4008 -14.2026 -8.4482
v  28.4657 -14.9106 -8.4482
v  28.3998 -14.2072 -8.6476
v  28.4647 -14.9148 -8.6476
v  29.5027 -12.3895 -9.0302
v  29.5027 -12.3895 -9.4155
v  29.6459 -6.4987 -9.4155
v  29.6459 -6.4987 -9.0302
v  29.6233 -8.1166 -9.0302
v  29.6233 -8.1166 -9.4155
v  28.3114 -13.4216 -8.4482
v  28.2083 -12.5960 -8.4482
v  28.3102 -13.4269 -8.6476
v  28.2069 -12.6021 -8.6476
v  28.1048 -11.7559 -8.4482
v  27.9943 -10.9548 -8.4482
v  27.9927 -10.9618 -8.6476
v  28.1033 -11.7625 -8.6476
v  29.6024 -2.7029 -9.0302
v  29.6024 -2.7029 -9.4155
v  29.5878 -1.3675 -9.4155
v  29.5878 -1.3675 -9.0302
v  29.6250 -3.8906 -9.0302
v  29.6250 -3.8906 -9.4155
v  27.8649 -10.2297 -8.4482
v  27.7040 -9.5284 -8.4482
v  27.7021 -9.5365 -8.6476
v  27.8632 -10.2372 -8.6476
v  29.6438 -5.1051 -9.0302
v  29.6438 -5.1051 -9.4155
v  27.4894 -8.7676 -8.4482
v  27.1613 -7.8285 -8.4482
v  27.1589 -7.8385 -8.6476
v  27.4874 -8.7765 -8.6476
v  26.0901 -5.3629 -8.4482
v  26.6756 -6.6409 -8.4482
v  26.0873 -5.3749 -8.6476
v  26.6731 -6.6520 -8.6476
v  29.4815 2.2229 -9.0302
v  29.5745 0.2652 -9.0302
v  29.5745 0.2652 -9.4155
v  29.4815 2.2229 -9.4155
v  27.9880 10.6743 -9.4155
v  27.9880 10.6743 -9.0302
v  28.4568 8.7673 -9.0302
v  28.4568 8.7673 -9.4155
v  28.8772 6.7110 -9.0302
v  28.8772 6.7110 -9.4155
v  24.8083 -3.1003 -8.4482
v  25.4698 -4.1727 -8.4482
v  24.8052 -3.1140 -8.6476
v  25.4669 -4.1855 -8.6476
v  29.2367 4.4539 -9.0302
v  29.2367 4.4539 -9.4155
v  23.2007 -1.1602 -8.4482
v  24.0733 -2.1239 -8.4482
v  23.1971 -1.1757 -8.6476
v  24.0699 -2.1385 -8.6476
v  22.1071 -0.1557 -8.4482
v  22.1033 -0.1720 -8.6476
v  27.4578 12.5383 -9.0302
v  27.4578 12.5383 -9.4155
v  26.7948 14.4098 -9.4155
v  26.7948 14.4098 -9.0302
v  22.8648 18.7025 -9.0302
v  24.5932 17.7881 -9.0302
v  24.5932 17.7881 -9.4155
v  22.8648 18.7025 -9.4155
v  21.3437 18.9738 -9.0302
v  18.8837 1.4561 -9.0302
v  17.4254 1.9992 -9.0302
v  18.8837 1.4561 -9.4155
v  20.6596 0.7475 -9.0302
v  25.8961 16.2585 -9.0302
v  25.8961 16.2586 -9.4155
v  20.6288 18.3682 -8.4485
v  20.5431 18.3944 -8.6476
v  25.8903 16.2332 -9.6225
v  24.5871 17.7618 -9.6225
v  26.7893 14.3858 -9.6225
v  18.8992 1.4696 -9.6221
v  22.8705 18.6738 -9.6221
v  27.4526 12.5157 -9.6225
v  27.9831 10.6530 -9.6225
v  29.2327 4.4368 -9.6225
v  28.8729 6.6923 -9.6225
v  29.4779 2.2074 -9.6225
v  28.4522 8.7474 -9.6225
v  29.5713 0.2513 -9.6225
v  29.5849 -1.3801 -9.6225
v  29.6225 -3.9015 -9.6225
v  29.6414 -5.1154 -9.6225
v  29.6438 -6.5081 -9.6225
v  29.5997 -2.7145 -9.6225
v  29.6214 -8.1248 -9.6225
v  29.5869 -9.6062 -9.6225
v  29.5285 -11.4546 -9.6225
v  29.5014 -12.3950 -9.6225
v  29.4396 -13.5256 -9.6225
v  29.5549 -10.6335 -9.6225
v  29.1500 -16.2017 -9.6221
v  29.0948 -16.4674 -9.6225
v  29.2106 -15.7449 -9.6209
v  29.3228 -14.7707 -9.6221
v  28.9978 -16.8836 -9.6225
v  28.9019 -17.2953 -9.6225
v  28.8529 -17.4666 -9.6221
v  16.9334 2.7569 -9.0302
v  17.4194 5.2750 -9.0302
v  18.6243 10.4946 -9.0302
v  19.8423 15.7712 -9.0302
v  28.6836 -16.4085 -9.0302
v  28.7628 -16.9295 -9.0302
v  28.5996 -15.9632 -9.0302
v  28.5245 -15.5052 -9.0302
v  28.4647 -14.9148 -9.0302
v  28.3998 -14.2072 -9.0302
v  28.2069 -12.6021 -9.0302
v  28.3102 -13.4269 -9.0302
v  27.9927 -10.9618 -9.0302
v  28.1033 -11.7625 -9.0302
v  27.7021 -9.5365 -9.0302
v  27.8632 -10.2372 -9.0302
v  27.1589 -7.8385 -9.0302
v  27.4874 -8.7765 -9.0302
v  26.0873 -5.3749 -9.0302
v  26.6731 -6.6520 -9.0302
v  25.4669 -4.1855 -9.0302
v  24.8052 -3.1140 -9.0302
v  23.1971 -1.1757 -9.0302
v  24.0699 -2.1384 -9.0302
v  22.1033 -0.1720 -9.0302
v  20.5431 18.3944 -9.0302
v  2.6903 15.7712 -8.6381
v  1.9895 18.3944 -8.6381
v  1.9038 18.3682 -8.4315
v  2.6005 15.7476 -8.4311
v  1.1316 18.9393 -8.4327
v  1.1889 18.9738 -8.6381
v  0.8543 18.7724 -8.3720
v  1.3024 18.1990 -8.3618
v  1.9718 15.5823 -8.3598
v  -0.1284 17.7662 -8.3414
v  0.4922 15.1314 -8.3384
v  -0.3314 18.4853 -8.3618
v  -2.0120 17.5778 -8.3598
v  -1.8430 16.8454 -8.3384
v  -1.2421 14.2422 -8.3354
v  -2.0545 17.7618 -9.6054
v  -3.3576 16.2332 -9.6054
v  -3.3635 16.2586 -9.4060
v  -2.0606 17.7881 -9.4060
v  -3.3167 16.0558 -9.6693
v  -2.0120 17.5778 -9.6693
v  -4.2178 14.2175 -9.6693
v  -4.2566 14.3858 -9.6054
v  -4.2622 14.4098 -9.4060
v  -0.1284 17.7662 -9.6848
v  0.4922 15.1314 -9.6873
v  -1.2421 14.2422 -9.6899
v  -1.8430 16.8454 -9.6873
v  -0.3314 18.4853 -9.6675
v  0.8543 18.7724 -9.6589
v  1.3024 18.1990 -9.6675
v  1.9718 15.5823 -9.6693
v  3.6334 1.4696 -9.6051
v  5.0429 1.9948 -9.6041
v  5.1072 1.9992 -9.4060
v  3.6489 1.4561 -9.4060
v  1.8691 0.7645 -9.6054
v  1.8729 0.7475 -9.4060
v  3.5719 1.5758 -9.6675
v  1.8417 0.8829 -9.6693
v  4.7320 1.9736 -9.6589
v  -0.3379 18.6738 -9.6051
v  -0.3322 18.7025 -9.4060
v  1.1316 18.9393 -9.6041
v  1.1889 18.9738 -9.4060
v  -4.9252 12.5383 -9.4060
v  -4.9200 12.5157 -9.6054
v  -4.8834 12.3572 -9.6693
v  -5.4161 10.5041 -9.6693
v  -5.4504 10.6530 -9.6054
v  -5.4554 10.6743 -9.4060
v  -3.1537 15.3496 -8.3384
v  -2.5743 12.8396 -8.3354
v  -3.3167 16.0558 -8.3597
v  -4.2178 14.2175 -8.3597
v  -4.0632 13.5476 -8.3384
v  -3.5136 11.1667 -8.3354
v  -0.2766 2.8858 -9.6899
v  1.1409 3.9189 -9.6899
v  1.7072 1.4655 -9.6873
v  0.2695 0.5203 -9.6873
v  0.3991 -0.0415 -9.6693
v  -0.8161 -0.5190 -9.6873
v  -0.6931 -1.0519 -9.6693
v  -1.3341 1.7249 -9.6899
v  0.4292 -0.1720 -8.6381
v  1.8729 0.7475 -8.6381
v  1.8691 0.7645 -8.4311
v  0.4255 -0.1557 -8.4311
v  0.3991 -0.0415 -8.3598
v  1.8417 0.8829 -8.3598
v  -0.6931 -1.0519 -8.3598
v  -0.6681 -1.1602 -8.4311
v  -0.6645 -1.1757 -8.6381
v  -3.0602 -3.6398 -9.6873
v  -3.4907 -1.7749 -9.6899
v  -2.8649 -0.5479 -9.6899
v  -2.4066 -2.5331 -9.6873
v  -2.2978 -3.0045 -9.6693
v  -2.9580 -4.0826 -9.6693
v  -3.5769 -5.2789 -9.6693
v  -3.6723 -4.8657 -9.6873
v  -4.0739 -3.1257 -9.6899
v  -4.2203 9.4843 -8.3354
v  -4.7378 11.7264 -8.3384
v  -4.8834 12.3572 -8.3597
v  -5.2793 9.9115 -8.3384
v  -5.4161 10.5041 -8.3597
v  -4.7931 7.8051 -8.3354
v  -1.6801 -1.5201 -9.6873
v  -2.1678 0.5930 -9.6899
v  -1.5642 -2.0219 -9.6693
v  -1.5407 -2.1239 -8.4311
v  -1.5373 -2.1385 -8.6381
v  -1.5642 -2.0219 -8.3598
v  -2.2978 -3.0045 -8.3598
v  -2.2757 -3.1003 -8.4311
v  -2.2725 -3.1140 -8.6381
v  -6.3446 6.7110 -9.4060
v  -6.3403 6.6923 -9.6054
v  -6.7001 4.4368 -9.6054
v  -6.7041 4.4539 -9.4060
v  -6.3101 6.5618 -9.6693
v  -6.6724 4.3168 -9.6693
v  -6.9202 2.0987 -9.6693
v  -6.9453 2.2074 -9.6054
v  -6.9488 2.2229 -9.4060
v  -2.9342 -4.1855 -8.6381
v  -2.9372 -4.1727 -8.4311
v  -2.9580 -4.0826 -8.3597
v  -3.5769 -5.2789 -8.3597
v  -3.5575 -5.3629 -8.4311
v  -3.5547 -5.3749 -8.6381
v  -5.9196 8.7474 -9.6054
v  -5.9242 8.7673 -9.4060
v  -5.8873 8.6075 -9.6693
v  -5.7588 8.0508 -8.3384
v  -5.3020 6.0721 -8.3354
v  -5.8873 8.6075 -8.3597
v  -6.1902 6.0423 -8.3384
v  -6.3101 6.5618 -8.3597
v  -5.7640 4.1961 -8.3354
v  -7.0387 0.2513 -9.6054
v  -7.0419 0.2652 -9.4060
v  -7.0161 0.1536 -9.6693
v  -7.0523 -1.3801 -9.6054
v  -7.0320 -1.4683 -9.6693
v  -7.0552 -1.3675 -9.4060
v  -6.1706 2.1429 -8.3354
v  -6.5622 3.8395 -8.3384
v  -6.6724 4.3168 -8.3597
v  -6.9202 2.0987 -8.3597
v  -6.8204 1.6663 -8.3384
v  -6.4656 0.1293 -8.3354
v  -4.2485 -6.1840 -9.6873
v  -4.6176 -4.5851 -9.6899
v  -4.1608 -6.5637 -9.6693
v  -4.7242 -7.4146 -9.6873
v  -4.6448 -7.7585 -9.6693
v  -5.0586 -5.9660 -9.6899
v  -4.1405 -6.6520 -8.6381
v  -4.1430 -6.6409 -8.4311
v  -4.1608 -6.5637 -8.3597
v  -4.6448 -7.7585 -8.3597
v  -4.6286 -7.8285 -8.4311
v  -4.6263 -7.8385 -8.6381
v  -5.2490 -9.1924 -9.6873
v  -5.4039 -9.9198 -9.6873
v  -5.6543 -8.8350 -9.6899
v  -5.5205 -8.0162 -9.6899
v  -5.3444 -10.1773 -9.6693
v  -5.1845 -9.4716 -9.6693
v  -5.4731 -10.9056 -9.6693
v  -5.5289 -10.6639 -9.6873
v  -5.7639 -9.6458 -9.6899
v  -6.9264 -0.2350 -8.3384
v  -6.6076 -1.6162 -8.3354
v  -7.0161 0.1536 -8.3597
v  -6.9509 -1.8194 -8.3384
v  -7.0320 -1.4683 -8.3597
v  -6.6628 -3.0673 -8.3354
v  -5.0427 -8.3956 -9.6873
v  -5.3432 -7.0938 -9.6899
v  -4.9713 -8.7047 -9.6693
v  -4.9547 -8.7765 -8.6381
v  -4.9568 -8.7676 -8.4311
v  -4.9713 -8.7047 -8.3597
v  -5.1845 -9.4716 -8.3597
v  -5.1714 -9.5284 -8.4311
v  -5.1695 -9.5365 -8.6381
v  -7.0899 -3.9015 -9.6054
v  -7.1088 -5.1154 -9.6054
v  -7.1112 -5.1051 -9.4060
v  -7.0924 -3.8906 -9.4060
v  -7.0722 -3.9778 -9.6693
v  -7.0922 -5.1873 -9.6693
v  -7.0959 -6.5741 -9.6693
v  -7.1112 -6.5081 -9.6054
v  -7.1133 -6.4987 -9.4060
v  -5.3323 -10.2297 -8.4311
v  -5.3306 -10.2372 -8.6381
v  -5.3444 -10.1773 -8.3597
v  -5.4731 -10.9056 -8.3597
v  -5.4617 -10.9548 -8.4311
v  -5.4601 -10.9618 -8.6381
v  -7.0671 -2.7145 -9.6054
v  -7.0698 -2.7029 -9.4060
v  -7.0483 -2.7958 -9.6693
v  -6.9736 -3.1197 -8.3384
v  -6.7079 -4.2706 -8.3354
v  -7.0483 -2.7958 -8.3597
v  -7.0722 -3.9778 -8.3597
v  -7.0021 -4.2817 -8.3384
v  -6.7527 -5.3620 -8.3354
v  -6.8209 -9.2225 -8.3354
v  -6.8151 -7.7690 -8.3354
v  -7.0347 -6.8366 -8.3384
v  -7.0209 -8.4111 -8.3384
v  -7.0959 -6.5741 -8.3597
v  -7.0756 -8.1824 -8.3597
v  -7.0427 -9.6563 -8.3597
v  -6.9943 -9.8550 -8.3384
v  -6.8135 -10.5592 -8.3354
v  -7.0261 -5.4734 -8.3384
v  -6.7908 -6.4905 -8.3354
v  -7.0922 -5.1873 -8.3597
v  -5.6355 -11.4820 -9.6873
v  -5.8573 -10.5235 -9.6899
v  -5.5829 -11.7096 -9.6693
v  -5.6855 -12.5535 -9.6693
v  -5.7343 -12.3448 -9.6873
v  -5.9415 -11.4661 -9.6899
v  -5.5722 -11.7559 -8.4311
v  -5.5707 -11.7625 -8.6381
v  -5.5829 -11.7096 -8.3597
v  -5.6855 -12.5535 -8.3597
v  -5.6757 -12.5960 -8.4311
v  -5.6743 -12.6021 -8.6381
v  -6.0861 -13.3490 -9.6899
v  -5.9147 -14.0124 -9.6873
v  -5.9760 -14.7337 -9.6873
v  -6.1334 -14.1163 -9.6899
v  -5.8757 -14.1704 -9.6693
v  -5.9400 -14.8806 -9.6693
v  -5.9994 -15.4729 -9.6693
v  -6.0328 -15.3339 -9.6873
v  -6.1777 -14.7499 -9.6899
v  -5.8312 -13.2027 -9.6873
v  -6.0204 -12.4382 -9.6899
v  -5.7874 -13.3846 -9.6693
v  -5.7788 -13.4216 -8.4311
v  -5.7776 -13.4269 -8.6381
v  -5.7874 -13.3846 -8.3597
v  -5.8757 -14.1704 -8.3597
v  -5.8682 -14.2026 -8.4311
v  -5.8671 -14.2072 -8.6381
v  -7.0888 -8.1248 -9.6054
v  -7.0907 -8.1166 -9.4060
v  -7.0756 -8.1824 -9.6693
v  -7.0427 -9.6563 -9.6693
v  -7.0543 -9.6062 -9.6054
v  -7.0560 -9.5990 -9.4060
v  -6.9688 -12.3950 -9.6054
v  -6.9701 -12.3895 -9.4060
v  -6.9973 -11.4483 -9.4060
v  -6.9959 -11.4546 -9.6054
v  -6.9857 -11.4986 -9.6693
v  -6.9599 -12.4338 -9.6693
v  -6.8997 -13.5570 -9.6693
v  -6.9070 -13.5256 -9.6054
v  -6.9080 -13.5211 -9.4060
v  -5.9331 -14.9106 -8.4311
v  -5.9321 -14.9148 -8.6381
v  -5.9400 -14.8806 -8.3597
v  -5.9994 -15.4729 -8.3597
v  -5.9928 -15.5012 -8.4311
v  -5.9919 -15.5052 -8.6381
v  -7.0238 -10.6269 -9.4060
v  -7.0223 -10.6335 -9.6054
v  -7.0115 -10.6801 -9.6693
v  -6.9667 -10.8650 -8.3384
v  -6.8006 -11.5202 -8.3354
v  -7.0115 -10.6801 -8.3597
v  -6.9857 -11.4986 -8.3597
v  -6.9440 -11.6733 -8.3384
v  -6.7908 -12.2932 -8.3354
v  -6.1810 -16.2864 -9.6873
v  -6.2519 -16.8360 -9.6848
v  -6.3331 -16.5289 -9.6873
v  -6.2902 -15.8707 -9.6899
v  -6.2324 -16.8989 -9.6675
v  -6.1563 -16.3854 -9.6693
v  -6.2779 -17.2415 -9.6589
v  -6.3007 -17.2795 -9.6675
v  -6.3591 -17.0681 -9.6693
v  -6.9227 -12.5879 -8.3384
v  -6.7852 -13.1339 -8.3354
v  -6.9599 -12.4338 -8.3597
v  -6.8997 -13.5570 -8.3597
v  -6.8691 -13.6816 -8.3384
v  -6.7540 -14.1229 -8.3354
v  -6.1034 -15.8122 -9.6873
v  -6.2336 -15.2977 -9.6899
v  -6.0735 -15.9347 -9.6693
v  -6.0678 -15.9596 -8.4311
v  -6.0670 -15.9632 -8.6381
v  -6.0735 -15.9347 -8.3597
v  -6.1563 -16.3854 -8.3597
v  -6.1516 -16.4056 -8.4311
v  -6.1509 -16.4085 -8.6381
v  -6.5621 -16.4674 -9.6054
v  -6.5572 -16.5199 -9.4060
v  -6.6112 -16.2567 -9.4060
v  -6.6174 -16.2017 -9.6051
v  -6.6779 -15.7449 -9.6041
v  -6.6736 -15.7834 -9.4060
v  -6.6987 -15.5589 -9.6589
v  -6.6611 -15.8161 -9.6675
v  -6.5970 -16.0999 -9.6693
v  -6.2302 -16.9295 -8.6381
v  -6.2303 -16.9240 -8.4315
v  -6.2324 -16.8989 -8.3618
v  -6.2779 -17.2415 -8.3720
v  -6.2873 -17.3357 -8.4327
v  -6.2892 -17.3552 -8.6381
v  -6.7902 -14.7707 -9.6051
v  -6.7901 -14.7751 -9.4060
v  -6.7876 -14.7706 -9.6675
v  -6.6763 -15.2226 -8.3384
v  -6.7624 -14.8855 -8.3414
v  -6.7876 -14.7706 -8.3618
v  -6.6987 -15.5589 -8.3720
v  -6.6611 -15.8161 -8.3618
v  -6.5970 -16.0999 -8.3597
v  -6.5210 -15.0016 -8.3354
v  -6.5039 -15.8794 -8.3384
v  -6.3331 -16.5289 -8.3384
v  -6.2902 -15.8707 -8.3354
v  -6.4774 -16.5866 -8.3597
v  -6.3591 -17.0681 -8.3597
v  -6.3707 -17.3278 -9.4060
v  -6.4634 -16.9260 -9.4060
v  -6.4652 -16.8836 -9.6054
v  -6.3693 -17.2953 -9.6054
v  -6.4774 -16.5866 -9.6693
v  -6.9440 -11.6733 -9.6873
v  -6.9227 -12.5879 -9.6873
v  -6.7908 -12.2932 -9.6899
v  -6.7852 -13.1339 -9.6899
v  -6.8691 -13.6816 -9.6873
v  -6.7540 -14.1229 -9.6899
v  -6.2336 -15.2977 -8.3354
v  -6.1777 -14.7499 -8.3354
v  -6.4827 -13.5282 -8.3354
v  -6.5080 -14.2218 -8.3354
v  -6.7624 -14.8855 -9.6848
v  -6.6763 -15.2226 -9.6873
v  -6.0861 -13.3490 -8.3354
v  -6.4480 -11.9618 -8.3354
v  -6.4653 -12.8254 -8.3354
v  -6.1334 -14.1163 -8.3354
v  -7.0209 -8.4111 -9.6873
v  -7.0347 -6.8366 -9.6873
v  -6.8151 -7.7690 -9.6899
v  -6.8209 -9.2225 -9.6899
v  -6.8135 -10.5592 -9.6899
v  -6.9943 -9.8550 -9.6873
v  -6.9667 -10.8650 -9.6873
v  -6.8006 -11.5202 -9.6899
v  -7.0021 -4.2817 -9.6873
v  -7.0261 -5.4734 -9.6873
v  -6.7527 -5.3620 -9.6899
v  -6.7908 -6.4905 -9.6899
v  -6.2556 -7.5156 -8.3354
v  -6.3215 -8.5180 -8.3354
v  -5.8573 -10.5235 -8.3354
v  -5.7639 -9.6458 -8.3354
v  -6.3760 -9.6276 -8.3354
v  -5.9415 -11.4661 -8.3354
v  -6.4186 -10.8391 -8.3354
v  -6.0204 -12.4382 -8.3354
v  -6.0886 -5.5553 -8.3354
v  -6.1782 -6.5653 -8.3354
v  -5.6543 -8.8350 -8.3354
v  -5.5205 -8.0162 -8.3354
v  -6.9264 -0.2350 -9.6873
v  -6.8204 1.6663 -9.6873
v  -6.4656 0.1293 -9.6899
v  -6.6076 -1.6162 -9.6899
v  -6.6628 -3.0673 -9.6899
v  -6.9509 -1.8194 -9.6873
v  -5.7582 -2.9350 -8.3354
v  -5.9719 -4.3699 -8.3354
v  -5.3432 -7.0938 -8.3354
v  -5.0586 -5.9660 -8.3354
v  -6.9736 -3.1197 -9.6873
v  -6.7079 -4.2706 -9.6899
v  -6.1902 6.0423 -9.6873
v  -6.5623 3.8395 -9.6873
v  -6.1706 2.1429 -9.6899
v  -5.7640 4.1961 -9.6899
v  -4.6176 -4.5851 -8.3354
v  -4.0739 -3.1257 -8.3354
v  -4.9144 0.5153 -8.3354
v  -5.3899 -1.2394 -8.3354
v  -2.8649 -0.5479 -8.3354
v  -3.8237 3.6059 -8.3354
v  -4.3914 2.1272 -8.3354
v  -3.4907 -1.7749 -8.3354
v  -4.0632 13.5476 -9.6873
v  -4.7378 11.7264 -9.6873
v  -3.5136 11.1667 -9.6899
v  -4.2203 9.4843 -9.6899
v  -5.2793 9.9115 -9.6873
v  -4.7931 7.8051 -9.6899
v  -2.4179 6.4201 -8.3354
v  -3.1885 5.0145 -8.3354
v  -2.1678 0.5930 -8.3354
v  -1.3341 1.7249 -8.3354
v  -5.7588 8.0508 -9.6873
v  -5.3020 6.0721 -9.6899
v  -3.1537 15.3496 -9.6873
v  -2.5743 12.8396 -9.6899
v  -0.0441 9.0525 -8.3354
v  -1.4192 7.8356 -8.3354
v  -0.2766 2.8858 -8.3354
v  1.1409 3.9189 -8.3354
v  2.9101 4.6567 -9.6873
v  -0.0441 9.0525 -9.6899
v  1.7077 9.8656 -9.6873
v  3.1898 10.3056 -9.6693
v  4.3947 5.0860 -9.6693
v  1.7077 9.8656 -8.3384
v  2.9101 4.6567 -8.3384
v  4.3947 5.0860 -8.3598
v  3.1898 10.3056 -8.3598
v  3.8186 10.4709 -8.4311
v  5.0234 5.2514 -8.4311
v  5.1132 5.2750 -8.6381
v  3.9084 10.4946 -8.6381
v  5.5992 2.7569 -8.6381
v  5.5122 2.7364 -8.4315
v  5.0429 1.9948 -8.4327
v  5.1072 1.9992 -8.6381
v  4.9069 2.5843 -8.3619
v  4.7320 1.9736 -8.3720
v  3.4726 2.1665 -8.3414
v  3.5719 1.5758 -8.3618
v  1.7072 1.4655 -8.3384
v  3.4726 2.1665 -9.6848
v  4.9069 2.5843 -9.6675
v  0.2695 0.5203 -8.3384
v  -0.8161 -0.5190 -8.3384
v  -1.6801 -1.5201 -8.3384
v  -2.4066 -2.5331 -8.3384
v  -3.0602 -3.6398 -8.3384
v  -3.6723 -4.8657 -8.3384
v  -4.2485 -6.1840 -8.3384
v  -4.7242 -7.4146 -8.3384
v  -5.0427 -8.3956 -8.3384
v  -5.2490 -9.1924 -8.3384
v  -5.4039 -9.9198 -8.3384
v  -5.5289 -10.6639 -8.3384
v  -5.7343 -12.3448 -8.3384
v  -5.8312 -13.2027 -8.3384
v  -5.9147 -14.0124 -8.3384
v  -5.6355 -11.4820 -8.3384
v  -5.9760 -14.7337 -8.3384
v  -6.0328 -15.3339 -8.3384
v  -6.1034 -15.8122 -8.3384
v  -6.1810 -16.2864 -8.3384
v  -6.2892 -17.3552 -9.4060
v  -6.3231 -17.4935 -9.4060
v  -6.3203 -17.4666 -9.6051
v  -6.2873 -17.3357 -9.6041
v  -6.2519 -16.8360 -8.3414
v  -6.3007 -17.2795 -8.3618
v  -6.5080 -14.2218 -9.6899
v  -6.4827 -13.5282 -9.6899
v  -6.5210 -15.0016 -9.6899
v  -6.5039 -15.8794 -9.6873
v  -6.3760 -9.6276 -9.6899
v  -6.4186 -10.8391 -9.6899
v  -6.4480 -11.9618 -9.6899
v  -6.4653 -12.8254 -9.6899
v  -6.3215 -8.5180 -9.6899
v  -6.2556 -7.5156 -9.6899
v  -5.9719 -4.3699 -9.6899
v  -5.7582 -2.9350 -9.6899
v  -6.0886 -5.5553 -9.6899
v  -6.1782 -6.5653 -9.6899
v  -5.3899 -1.2394 -9.6899
v  -4.9144 0.5153 -9.6899
v  -2.4179 6.4201 -9.6899
v  -3.1885 5.0145 -9.6899
v  -3.8237 3.6059 -9.6899
v  -4.3914 2.1272 -9.6899
v  -1.4192 7.8356 -9.6899
v  -6.3231 -17.4935 -9.0234
v  -6.2892 -17.3552 -9.0234
v  -6.3231 -17.4935 -8.6381
v  -6.3707 -17.3278 -8.6381
v  -6.3707 -17.3278 -9.0234
v  5.5122 2.7364 -9.6051
v  5.0234 5.2514 -9.6054
v  5.1132 5.2750 -9.4060
v  5.5992 2.7569 -9.4060
v  3.8186 10.4709 -9.6054
v  2.6005 15.7476 -9.6054
v  2.6903 15.7712 -9.4060
v  3.9084 10.4946 -9.4060
v  -6.4634 -16.9260 -8.6381
v  -6.4634 -16.9260 -9.0234
v  -6.5572 -16.5199 -9.0234
v  -6.5572 -16.5199 -8.6381
v  -6.7901 -14.7751 -9.0234
v  -6.7901 -14.7751 -8.6381
v  -6.9080 -13.5211 -8.6381
v  -6.9080 -13.5211 -9.0234
v  -6.6736 -15.7834 -9.0234
v  -6.6736 -15.7834 -8.6381
v  -6.1516 -16.4056 -9.6054
v  -6.2303 -16.9240 -9.6051
v  -6.2302 -16.9295 -9.4060
v  -6.1509 -16.4085 -9.4060
v  -6.6112 -16.2567 -8.6381
v  -6.6112 -16.2567 -9.0234
v  -5.9928 -15.5012 -9.6054
v  -6.0678 -15.9596 -9.6054
v  -5.9919 -15.5052 -9.4060
v  -6.0670 -15.9632 -9.4060
v  -7.0560 -9.5990 -8.6381
v  -7.0560 -9.5990 -9.0234
v  -7.0238 -10.6269 -9.0234
v  -7.0238 -10.6269 -8.6381
v  -6.9973 -11.4483 -9.0234
v  -6.9973 -11.4483 -8.6381
v  -5.8682 -14.2026 -9.6054
v  -5.9331 -14.9106 -9.6054
v  -5.8671 -14.2072 -9.4060
v  -5.9321 -14.9148 -9.4060
v  -6.9701 -12.3895 -9.0234
v  -6.9701 -12.3895 -8.6381
v  -7.1133 -6.4987 -8.6381
v  -7.1133 -6.4987 -9.0234
v  -7.0907 -8.1166 -9.0234
v  -7.0907 -8.1166 -8.6381
v  -5.7788 -13.4216 -9.6054
v  -5.6757 -12.5960 -9.6054
v  -5.7776 -13.4269 -9.4060
v  -5.6743 -12.6021 -9.4060
v  -5.5722 -11.7559 -9.6054
v  -5.4617 -10.9548 -9.6054
v  -5.4601 -10.9618 -9.4060
v  -5.5707 -11.7625 -9.4060
v  -7.0698 -2.7029 -9.0234
v  -7.0698 -2.7029 -8.6381
v  -7.0552 -1.3675 -8.6381
v  -7.0552 -1.3675 -9.0234
v  -7.0924 -3.8906 -9.0234
v  -7.0924 -3.8906 -8.6381
v  -5.3323 -10.2297 -9.6054
v  -5.1714 -9.5284 -9.6054
v  -5.1695 -9.5365 -9.4060
v  -5.3306 -10.2372 -9.4060
v  -7.1112 -5.1051 -9.0234
v  -7.1112 -5.1051 -8.6381
v  -4.9568 -8.7676 -9.6054
v  -4.6286 -7.8285 -9.6054
v  -4.6263 -7.8385 -9.4060
v  -4.9547 -8.7765 -9.4060
v  -3.5575 -5.3629 -9.6054
v  -4.1430 -6.6409 -9.6054
v  -3.5547 -5.3749 -9.4060
v  -4.1405 -6.6520 -9.4060
v  -6.9488 2.2229 -9.0234
v  -7.0419 0.2652 -9.0234
v  -7.0419 0.2652 -8.6381
v  -6.9488 2.2229 -8.6381
v  -5.4554 10.6743 -8.6381
v  -5.4554 10.6743 -9.0234
v  -5.9242 8.7673 -9.0234
v  -5.9242 8.7673 -8.6381
v  -6.3446 6.7110 -9.0234
v  -6.3446 6.7110 -8.6381
v  -2.2757 -3.1003 -9.6054
v  -2.9372 -4.1727 -9.6054
v  -2.2725 -3.1140 -9.4060
v  -2.9342 -4.1855 -9.4060
v  -6.7041 4.4539 -9.0234
v  -6.7041 4.4539 -8.6381
v  -0.6681 -1.1602 -9.6054
v  -1.5407 -2.1239 -9.6054
v  -0.6645 -1.1757 -9.4060
v  -1.5373 -2.1385 -9.4060
v  0.4255 -0.1557 -9.6054
v  0.4292 -0.1720 -9.4060
v  -4.9252 12.5383 -9.0234
v  -4.9252 12.5383 -8.6381
v  -4.2622 14.4098 -8.6381
v  -4.2622 14.4098 -9.0234
v  -0.3322 18.7025 -9.0234
v  -2.0606 17.7881 -9.0234
v  -2.0606 17.7881 -8.6381
v  -0.3322 18.7025 -8.6381
v  1.1889 18.9738 -9.0234
v  3.6489 1.4561 -9.0234
v  5.1072 1.9992 -9.0234
v  3.6489 1.4561 -8.6381
v  1.8729 0.7475 -9.0234
v  -3.3635 16.2585 -9.0234
v  -3.3635 16.2586 -8.6381
v  1.9038 18.3682 -9.6051
v  1.9895 18.3944 -9.4060
v  -3.3576 16.2332 -8.4311
v  -2.0545 17.7618 -8.4311
v  -4.2566 14.3858 -8.4311
v  3.6334 1.4696 -8.4315
v  -0.3379 18.6738 -8.4315
v  -4.9200 12.5157 -8.4311
v  -5.4504 10.6530 -8.4311
v  -6.3403 6.6923 -8.4311
v  -6.7001 4.4368 -8.4311
v  -6.9453 2.2074 -8.4311
v  -5.9196 8.7474 -8.4311
v  -7.0387 0.2513 -8.4311
v  -7.0523 -1.3801 -8.4311
v  -7.0899 -3.9015 -8.4311
v  -7.1088 -5.1154 -8.4311
v  -7.1112 -6.5081 -8.4311
v  -7.0671 -2.7145 -8.4311
v  -7.0888 -8.1248 -8.4311
v  -7.0543 -9.6062 -8.4311
v  -6.9688 -12.3950 -8.4311
v  -6.9959 -11.4546 -8.4311
v  -6.9070 -13.5256 -8.4311
v  -7.0223 -10.6335 -8.4311
v  -6.6174 -16.2017 -8.4315
v  -6.5621 -16.4674 -8.4311
v  -6.6779 -15.7449 -8.4327
v  -6.7902 -14.7707 -8.4315
v  -6.3693 -17.2953 -8.4311
v  -6.4652 -16.8836 -8.4311
v  -6.3203 -17.4666 -8.4315
v  5.5992 2.7569 -9.0234
v  5.1132 5.2750 -9.0234
v  3.9084 10.4946 -9.0234
v  2.6903 15.7712 -9.0234
v  -6.1509 -16.4085 -9.0234
v  -6.2302 -16.9295 -9.0234
v  -6.0670 -15.9632 -9.0234
v  -5.9919 -15.5052 -9.0234
v  -5.9321 -14.9148 -9.0234
v  -5.8671 -14.2072 -9.0234
v  -5.6743 -12.6021 -9.0234
v  -5.7776 -13.4269 -9.0234
v  -5.4601 -10.9618 -9.0234
v  -5.5707 -11.7625 -9.0234
v  -5.1695 -9.5365 -9.0234
v  -5.3306 -10.2372 -9.0234
v  -4.6263 -7.8385 -9.0234
v  -4.9547 -8.7765 -9.0234
v  -3.5547 -5.3749 -9.0234
v  -4.1405 -6.6520 -9.0234
v  -2.9342 -4.1855 -9.0234
v  -2.2725 -3.1140 -9.0234
v  -0.6645 -1.1757 -9.0234
v  -1.5373 -2.1384 -9.0234
v  0.4292 -0.1720 -9.0234
v  1.9895 18.3944 -9.0234
v  11.3808 15.7712 -0.3207
v  11.3808 18.3944 0.3919
v  11.5839 18.3682 0.4790
v  11.5843 15.7476 -0.2294
v  11.5827 18.9393 1.2643
v  11.3808 18.9738 1.2060
v  11.6425 18.7724 1.5463
v  11.6524 18.1990 1.0906
v  11.6545 15.5823 0.4100
v  11.6726 17.7662 2.5455
v  11.6755 15.1314 1.9145
v  11.6524 18.4853 2.7519
v  11.6545 17.5778 4.4608
v  11.6755 16.8454 4.2889
v  11.6785 14.2422 3.6779
v  10.4295 17.7618 4.5040
v  10.4295 16.2332 5.8291
v  10.6256 16.2586 5.8350
v  10.6256 17.7881 4.5102
v  10.3667 16.0558 5.7874
v  10.3667 17.5778 4.4608
v  10.3667 14.2175 6.7037
v  10.4295 14.3858 6.7432
v  10.6256 14.4098 6.7489
v  10.3513 17.7662 2.5455
v  10.3489 15.1314 1.9145
v  10.3464 14.2422 3.6779
v  10.3489 16.8454 4.2889
v  10.3684 18.4853 2.7519
v  10.3768 18.7724 1.5463
v  10.3684 18.1990 1.0906
v  10.3667 15.5823 0.4100
v  10.4298 1.4696 -1.2797
v  10.4308 1.9948 -2.7129
v  10.6256 1.9992 -2.7782
v  10.6256 1.4561 -1.2954
v  10.4295 0.7645 0.5144
v  10.6256 0.7475 0.5104
v  10.3684 1.5758 -1.2171
v  10.3667 0.8829 0.5422
v  10.3768 1.9736 -2.3967
v  10.4298 18.6738 2.7585
v  10.6256 18.7025 2.7527
v  10.4308 18.9393 1.2643
v  10.6256 18.9738 1.2060
v  10.6256 12.5383 7.4230
v  10.4295 12.5157 7.4177
v  10.3667 12.3572 7.3805
v  10.3667 10.5041 7.9221
v  10.4295 10.6530 7.9571
v  10.6256 10.6743 7.9621
v  11.6755 15.3496 5.6217
v  11.6785 12.8396 5.0325
v  11.6545 16.0558 5.7874
v  11.6545 14.2175 6.7037
v  11.6755 13.5476 6.5465
v  11.6785 11.1667 5.9876
v  10.3464 2.8858 2.6962
v  10.3464 3.9189 1.2548
v  10.3489 1.4655 0.6790
v  10.3489 0.5203 2.1409
v  10.3667 -0.0415 2.0091
v  10.3489 -0.5190 3.2448
v  10.3667 -1.0519 3.1197
v  10.3464 1.7249 3.7714
v  11.3808 -0.1720 1.9785
v  11.3808 0.7475 0.5104
v  11.5843 0.7645 0.5144
v  11.5843 -0.1557 1.9823
v  11.6545 -0.0415 2.0091
v  11.6545 0.8829 0.5422
v  11.6545 -1.0519 3.1197
v  11.5843 -1.1602 3.0943
v  11.3808 -1.1757 3.0906
v  10.3489 -3.6398 5.5266
v  10.3464 -1.7749 5.9644
v  10.3464 -0.5479 5.3280
v  10.3489 -2.5331 4.8621
v  10.3667 -3.0045 4.7514
v  10.3667 -4.0826 5.4227
v  10.3667 -5.2789 6.0520
v  10.3489 -4.8657 6.1490
v  10.3464 -3.1257 6.5574
v  11.6785 9.4843 6.7062
v  11.6755 11.7264 7.2325
v  11.6545 12.3572 7.3805
v  11.6755 9.9115 7.7830
v  11.6545 10.5041 7.9221
v  11.6785 7.8051 7.2887
v  10.3489 -1.5201 4.1233
v  10.3464 0.5930 4.6192
v  10.3667 -2.0219 4.0055
v  11.5843 -2.1239 3.9815
v  11.3808 -2.1385 3.9781
v  11.6545 -2.0219 4.0055
v  11.6545 -3.0045 4.7514
v  11.5843 -3.1003 4.7289
v  11.3808 -3.1140 4.7257
v  10.6256 6.7110 8.8663
v  10.4295 6.6923 8.8619
v  10.4295 4.4368 9.2278
v  10.6256 4.4539 9.2318
v  10.3667 6.5618 8.8312
v  10.3667 4.3168 9.1996
v  10.3667 2.0987 9.4516
v  10.4295 2.2074 9.4771
v  10.6256 2.2229 9.4807
v  11.3808 -4.1855 5.3986
v  11.5843 -4.1727 5.4016
v  11.6545 -4.0826 5.4227
v  11.6545 -5.2789 6.0520
v  11.5843 -5.3629 6.0323
v  11.3808 -5.3749 6.0295
v  10.4295 8.7474 8.4342
v  10.6256 8.7673 8.4388
v  10.3667 8.6075 8.4013
v  11.6755 8.0508 8.2707
v  11.6785 6.0721 7.8062
v  11.6545 8.6075 8.4013
v  11.6755 6.0423 8.7093
v  11.6545 6.5618 8.8312
v  11.6785 4.1961 8.2760
v  10.4295 0.2513 9.5720
v  10.6256 0.2652 9.5753
v  10.3667 0.1536 9.5491
v  10.4295 -1.3801 9.5859
v  10.3667 -1.4683 9.5652
v  10.6256 -1.3675 9.5889
v  11.6785 2.1429 8.6894
v  11.6755 3.8395 9.0876
v  11.6545 4.3168 9.1996
v  11.6545 2.0987 9.4516
v  11.6755 1.6663 9.3501
v  11.6785 0.1293 8.9893
v  10.3489 -6.1840 6.7349
v  10.3464 -4.5851 7.1102
v  10.3667 -6.5637 6.6458
v  10.3489 -7.4146 7.2186
v  10.3667 -7.7585 7.1379
v  10.3464 -5.9660 7.5586
v  11.3808 -6.6520 6.6251
v  11.5843 -6.6409 6.6276
v  11.6545 -6.5637 6.6458
v  11.6545 -7.7585 7.1379
v  11.5843 -7.8285 7.1215
v  11.3808 -7.8385 7.1191
v  10.3489 -9.1924 7.7522
v  10.3489 -9.9198 7.9097
v  10.3464 -8.8350 8.1643
v  10.3464 -8.0162 8.0283
v  10.3667 -10.1773 7.8493
v  10.3667 -9.4716 7.6867
v  10.3667 -10.9056 7.9801
v  10.3489 -10.6639 8.0368
v  10.3464 -9.6458 8.2758
v  11.6755 -0.2350 9.4579
v  11.6785 -1.6162 9.1337
v  11.6545 0.1536 9.5491
v  11.6755 -1.8194 9.4828
v  11.6545 -1.4683 9.5652
v  11.6785 -3.0673 9.1899
v  10.3489 -8.3956 7.5425
v  10.3464 -7.0938 7.8480
v  10.3667 -8.7047 7.4699
v  11.3808 -8.7765 7.4530
v  11.5843 -8.7676 7.4551
v  11.6545 -8.7047 7.4699
v  11.6545 -9.4716 7.6867
v  11.5843 -9.5284 7.6734
v  11.3808 -9.5365 7.6714
v  10.4295 -3.9015 9.6241
v  10.4295 -5.1154 9.6434
v  10.6256 -5.1051 9.6458
v  10.6256 -3.8906 9.6267
v  10.3667 -3.9778 9.6062
v  10.3667 -5.1873 9.6265
v  10.3667 -6.5741 9.6303
v  10.4295 -6.5081 9.6458
v  10.6256 -6.4987 9.6480
v  11.5843 -10.2297 7.8370
v  11.3808 -10.2372 7.8352
v  11.6545 -10.1773 7.8493
v  11.6545 -10.9056 7.9801
v  11.5843 -10.9548 7.9685
v  11.3808 -10.9618 7.9669
v  10.4295 -2.7145 9.6009
v  10.6256 -2.7029 9.6037
v  10.3667 -2.7958 9.5819
v  11.6755 -3.1197 9.5058
v  11.6785 -4.2706 9.2357
v  11.6545 -2.7958 9.5819
v  11.6545 -3.9778 9.6062
v  11.6755 -4.2817 9.5348
v  11.6785 -5.3620 9.2813
v  11.6785 -9.2225 9.3506
v  11.6785 -7.7690 9.3447
v  11.6755 -6.8366 9.5680
v  11.6755 -8.4111 9.5540
v  11.6545 -6.5741 9.6303
v  11.6545 -8.1824 9.6096
v  11.6545 -9.6563 9.5762
v  11.6755 -9.8550 9.5269
v  11.6785 -10.5592 9.3431
v  11.6755 -5.4734 9.5593
v  11.6785 -6.4905 9.3200
v  11.6545 -5.1873 9.6265
v  10.3489 -11.4820 8.1453
v  10.3464 -10.5235 8.3708
v  10.3667 -11.7096 8.0918
v  10.3667 -12.5535 8.1961
v  10.3489 -12.3448 8.2457
v  10.3464 -11.4661 8.4565
v  11.5843 -11.7559 8.0809
v  11.3808 -11.7625 8.0793
v  11.6545 -11.7096 8.0918
v  11.6545 -12.5535 8.1961
v  11.5843 -12.5960 8.1861
v  11.3808 -12.6021 8.1847
v  10.3464 -13.3490 8.6035
v  10.3489 -14.0124 8.4292
v  10.3489 -14.7337 8.4915
v  10.3464 -14.1163 8.6515
v  10.3667 -14.1704 8.3895
v  10.3667 -14.8806 8.4549
v  10.3667 -15.4729 8.5152
v  10.3489 -15.3339 8.5493
v  10.3464 -14.7499 8.6966
v  10.3489 -13.2027 8.3442
v  10.3464 -12.4382 8.5366
v  10.3667 -13.3846 8.2997
v  11.5843 -13.4216 8.2910
v  11.3808 -13.4269 8.2897
v  11.6545 -13.3846 8.2997
v  11.6545 -14.1704 8.3895
v  11.5843 -14.2026 8.3819
v  11.3808 -14.2072 8.3808
v  10.4295 -8.1248 9.6231
v  10.6256 -8.1166 9.6250
v  10.3667 -8.1824 9.6096
v  10.3667 -9.6563 9.5762
v  10.4295 -9.6062 9.5880
v  10.6256 -9.5990 9.5896
v  10.4295 -12.3950 9.5010
v  10.6256 -12.3895 9.5023
v  10.6256 -11.4483 9.5300
v  10.4295 -11.4546 9.5286
v  10.3667 -11.4986 9.5182
v  10.3667 -12.4338 9.4919
v  10.3667 -13.5570 9.4308
v  10.4295 -13.5256 9.4382
v  10.6256 -13.5211 9.4392
v  11.5843 -14.9106 8.4478
v  11.3808 -14.9148 8.4468
v  11.6545 -14.8806 8.4549
v  11.6545 -15.4729 8.5152
v  11.5843 -15.5012 8.5086
v  11.3808 -15.5052 8.5076
v  10.6256 -10.6269 9.5569
v  10.4295 -10.6335 9.5553
v  10.3667 -10.6801 9.5444
v  11.6755 -10.8650 9.4989
v  11.6785 -11.5202 9.3300
v  11.6545 -10.6801 9.5444
v  11.6545 -11.4986 9.5182
v  11.6755 -11.6733 9.4758
v  11.6785 -12.2932 9.3200
v  10.3489 -16.2864 8.7000
v  10.3514 -16.8360 8.7720
v  10.3489 -16.5289 8.8546
v  10.3464 -15.8707 8.8110
v  10.3684 -16.8989 8.7522
v  10.3667 -16.3854 8.6748
v  10.3768 -17.2415 8.7985
v  10.3684 -17.2795 8.8217
v  10.3667 -17.0681 8.8810
v  11.6755 -12.5879 9.4541
v  11.6785 -13.1339 9.3143
v  11.6545 -12.4338 9.4919
v  11.6545 -13.5570 9.4308
v  11.6755 -13.6816 9.3996
v  11.6785 -14.1229 9.2826
v  10.3489 -15.8122 8.6211
v  10.3464 -15.2977 8.7534
v  10.3667 -15.9347 8.5907
v  11.5843 -15.9596 8.5848
v  11.3808 -15.9632 8.5840
v  11.6545 -15.9347 8.5907
v  11.6545 -16.3854 8.6748
v  11.5843 -16.4056 8.6700
v  11.3808 -16.4085 8.6694
v  10.4295 -16.4674 9.0875
v  10.6256 -16.5199 9.0825
v  10.6256 -16.2567 9.1374
v  10.4298 -16.2017 9.1437
v  10.4308 -15.7449 9.2052
v  10.6256 -15.7834 9.2009
v  10.3768 -15.5589 9.2263
v  10.3684 -15.8161 9.1881
v  10.3667 -16.0999 9.1229
v  11.3808 -16.9295 8.7500
v  11.5839 -16.9240 8.7500
v  11.6524 -16.8989 8.7522
v  11.6425 -17.2415 8.7985
v  11.5828 -17.3357 8.8080
v  11.3808 -17.3552 8.8100
v  10.4298 -14.7707 9.3194
v  10.6256 -14.7751 9.3193
v  10.3684 -14.7706 9.3168
v  11.6755 -15.2226 9.2036
v  11.6726 -14.8855 9.2911
v  11.6524 -14.7706 9.3168
v  11.6425 -15.5589 9.2263
v  11.6524 -15.8161 9.1881
v  11.6545 -16.0999 9.1229
v  11.6785 -15.0016 9.0457
v  11.6755 -15.8794 9.0283
v  11.6755 -16.5289 8.8546
v  11.6785 -15.8707 8.8110
v  11.6545 -16.5866 9.0014
v  11.6545 -17.0681 8.8810
v  10.6256 -17.3278 8.8928
v  10.6256 -16.9260 8.9871
v  10.4295 -16.8836 8.9889
v  10.4295 -17.2953 8.8914
v  10.3667 -16.5866 9.0014
v  10.3489 -11.6733 9.4758
v  10.3489 -12.5879 9.4541
v  10.3464 -12.2932 9.3200
v  10.3464 -13.1339 9.3143
v  10.3489 -13.6816 9.3996
v  10.3464 -14.1229 9.2826
v  11.6785 -15.2977 8.7534
v  11.6785 -14.7499 8.6966
v  11.6785 -13.5282 9.0068
v  11.6785 -14.2218 9.0325
v  10.3514 -14.8855 9.2911
v  10.3489 -15.2226 9.2036
v  11.6785 -13.3490 8.6035
v  11.6785 -11.9618 8.9715
v  11.6785 -12.8254 8.9891
v  11.6785 -14.1163 8.6515
v  10.3489 -8.4111 9.5540
v  10.3489 -6.8366 9.5680
v  10.3464 -7.7690 9.3447
v  10.3464 -9.2225 9.3506
v  10.3464 -10.5592 9.3431
v  10.3489 -9.8550 9.5269
v  10.3489 -10.8650 9.4989
v  10.3464 -11.5202 9.3300
v  10.3489 -4.2817 9.5348
v  10.3489 -5.4734 9.5593
v  10.3464 -5.3620 9.2813
v  10.3464 -6.4905 9.3200
v  11.6785 -7.5156 8.7758
v  11.6785 -8.5180 8.8428
v  11.6785 -10.5235 8.3708
v  11.6785 -9.6458 8.2758
v  11.6785 -9.6276 8.8982
v  11.6785 -11.4661 8.4564
v  11.6785 -10.8391 8.9416
v  11.6785 -12.4382 8.5366
v  11.6785 -5.5553 8.6059
v  11.6785 -6.5653 8.6971
v  11.6785 -8.8350 8.1643
v  11.6785 -8.0162 8.0283
v  10.3489 -0.2350 9.4579
v  10.3489 1.6663 9.3501
v  10.3464 0.1293 8.9893
v  10.3464 -1.6162 9.1337
v  10.3464 -3.0673 9.1899
v  10.3489 -1.8194 9.4828
v  11.6785 -2.9350 8.2701
v  11.6785 -4.3699 8.4874
v  11.6785 -7.0938 7.8480
v  11.6785 -5.9660 7.5586
v  10.3489 -3.1197 9.5058
v  10.3464 -4.2706 9.2357
v  10.3489 6.0423 8.7093
v  10.3489 3.8395 9.0876
v  10.3464 2.1429 8.6894
v  10.3464 4.1961 8.2760
v  11.6785 -4.5851 7.1102
v  11.6785 -3.1257 6.5574
v  11.6785 0.5153 7.4120
v  11.6785 -1.2394 7.8955
v  11.6785 -0.5479 5.3280
v  11.6785 3.6059 6.3030
v  11.6785 2.1272 6.8803
v  11.6785 -1.7749 5.9644
v  10.3489 13.5476 6.5465
v  10.3489 11.7264 7.2325
v  10.3464 11.1667 5.9876
v  10.3464 9.4843 6.7062
v  10.3489 9.9115 7.7830
v  10.3464 7.8051 7.2887
v  11.6785 6.4201 4.8735
v  11.6785 5.0145 5.6570
v  11.6785 0.5930 4.6192
v  11.6785 1.7249 3.7714
v  10.3489 8.0508 8.2707
v  10.3464 6.0721 7.8062
v  10.3489 15.3496 5.6217
v  10.3464 12.8396 5.0325
v  11.6785 9.0525 2.4598
v  11.6785 7.8356 3.8580
v  11.6785 2.8858 2.6962
v  11.6785 3.9189 1.2548
v  10.3489 4.6567 -0.5441
v  10.3464 9.0525 2.4598
v  10.3489 9.8656 0.6785
v  10.3667 10.3056 -0.8286
v  10.3667 5.0860 -2.0537
v  11.6755 9.8656 0.6785
v  11.6755 4.6567 -0.5441
v  11.6545 5.0860 -2.0537
v  11.6545 10.3056 -0.8286
v  11.5843 10.4709 -1.4679
v  11.5843 5.2514 -2.6930
v  11.3808 5.2750 -2.7844
v  11.3808 10.4946 -1.5592
v  11.3808 2.7569 -3.2785
v  11.5839 2.7364 -3.1901
v  11.5827 1.9948 -2.7129
v  11.3808 1.9992 -2.7782
v  11.6524 2.5843 -2.5745
v  11.6425 1.9736 -2.3967
v  11.6726 2.1665 -1.1161
v  11.6524 1.5758 -1.2171
v  11.6755 1.4655 0.6790
v  10.3513 2.1665 -1.1161
v  10.3684 2.5843 -2.5745
v  11.6755 0.5203 2.1409
v  11.6755 -0.5190 3.2448
v  11.6755 -1.5201 4.1233
v  11.6755 -2.5331 4.8621
v  11.6755 -3.6398 5.5266
v  11.6755 -4.8657 6.1490
v  11.6755 -6.1840 6.7349
v  11.6755 -7.4146 7.2186
v  11.6755 -8.3956 7.5425
v  11.6755 -9.1924 7.7522
v  11.6755 -9.9198 7.9097
v  11.6755 -10.6639 8.0368
v  11.6755 -12.3448 8.2457
v  11.6755 -13.2027 8.3442
v  11.6755 -14.0124 8.4292
v  11.6755 -11.4820 8.1453
v  11.6755 -14.7337 8.4915
v  11.6755 -15.3339 8.5493
v  11.6755 -15.8122 8.6211
v  11.6755 -16.2864 8.7000
v  10.6256 -17.3552 8.8100
v  10.6256 -17.4935 8.8444
v  10.4298 -17.4666 8.8416
v  10.4308 -17.3357 8.8080
v  11.6726 -16.8360 8.7720
v  11.6524 -17.2795 8.8217
v  10.3464 -14.2218 9.0325
v  10.3464 -13.5282 9.0068
v  10.3464 -15.0016 9.0457
v  10.3489 -15.8794 9.0283
v  10.3464 -9.6276 8.8982
v  10.3464 -10.8391 8.9416
v  10.3464 -11.9618 8.9715
v  10.3464 -12.8254 8.9891
v  10.3464 -8.5180 8.8428
v  10.3464 -7.5156 8.7758
v  10.3464 -4.3699 8.4874
v  10.3464 -2.9350 8.2701
v  10.3464 -5.5553 8.6059
v  10.3464 -6.5653 8.6971
v  10.3464 -1.2394 7.8955
v  10.3464 0.5153 7.4120
v  10.3464 6.4201 4.8735
v  10.3464 5.0145 5.6570
v  10.3464 3.6059 6.3030
v  10.3464 2.1272 6.8803
v  10.3464 7.8356 3.8580
v  11.0018 -17.4935 8.8444
v  11.0018 -17.3552 8.8100
v  11.3808 -17.4935 8.8444
v  11.3808 -17.3278 8.8928
v  11.0018 -17.3278 8.8928
v  10.4298 2.7364 -3.1901
v  10.4295 5.2514 -2.6930
v  10.6256 5.2750 -2.7844
v  10.6256 2.7569 -3.2785
v  10.4295 10.4709 -1.4679
v  10.4295 15.7476 -0.2294
v  10.6256 15.7712 -0.3207
v  10.6256 10.4946 -1.5592
v  11.3808 -16.9260 8.9871
v  11.0018 -16.9260 8.9871
v  11.0018 -16.5199 9.0825
v  11.3808 -16.5199 9.0825
v  11.0018 -14.7751 9.3193
v  11.3808 -14.7751 9.3193
v  11.3808 -13.5211 9.4392
v  11.0018 -13.5211 9.4392
v  11.0018 -15.7834 9.2009
v  11.3808 -15.7834 9.2009
v  10.4295 -16.4056 8.6700
v  10.4298 -16.9240 8.7500
v  10.6256 -16.9295 8.7500
v  10.6256 -16.4085 8.6694
v  11.3808 -16.2567 9.1374
v  11.0018 -16.2567 9.1374
v  10.4295 -15.5012 8.5086
v  10.4295 -15.9596 8.5848
v  10.6256 -15.5052 8.5076
v  10.6256 -15.9632 8.5840
v  11.3808 -9.5990 9.5896
v  11.0018 -9.5990 9.5896
v  11.0018 -10.6269 9.5569
v  11.3808 -10.6269 9.5569
v  11.0018 -11.4483 9.5300
v  11.3808 -11.4483 9.5300
v  10.4295 -14.2026 8.3819
v  10.4295 -14.9106 8.4478
v  10.6256 -14.2072 8.3808
v  10.6256 -14.9148 8.4468
v  11.0018 -12.3895 9.5023
v  11.3808 -12.3895 9.5023
v  11.3808 -6.4987 9.6480
v  11.0018 -6.4987 9.6480
v  11.0018 -8.1166 9.6250
v  11.3808 -8.1166 9.6250
v  10.4295 -13.4216 8.2910
v  10.4295 -12.5960 8.1861
v  10.6256 -13.4269 8.2897
v  10.6256 -12.6021 8.1847
v  10.4295 -11.7559 8.0809
v  10.4295 -10.9548 7.9685
v  10.6256 -10.9618 7.9669
v  10.6256 -11.7625 8.0793
v  11.0018 -2.7029 9.6037
v  11.3808 -2.7029 9.6037
v  11.3808 -1.3675 9.5889
v  11.0018 -1.3675 9.5889
v  11.0018 -3.8906 9.6267
v  11.3808 -3.8906 9.6267
v  10.4295 -10.2297 7.8370
v  10.4295 -9.5284 7.6734
v  10.6256 -9.5365 7.6714
v  10.6256 -10.2372 7.8352
v  11.0018 -5.1051 9.6458
v  11.3808 -5.1051 9.6458
v  10.4295 -8.7676 7.4551
v  10.4295 -7.8285 7.1215
v  10.6256 -7.8385 7.1191
v  10.6256 -8.7765 7.4530
v  10.4295 -5.3629 6.0323
v  10.4295 -6.6409 6.6276
v  10.6256 -5.3749 6.0295
v  10.6256 -6.6520 6.6251
v  11.0018 2.2229 9.4807
v  11.0018 0.2652 9.5753
v  11.3808 0.2652 9.5753
v  11.3808 2.2229 9.4807
v  11.3808 10.6743 7.9621
v  11.0018 10.6743 7.9621
v  11.0018 8.7673 8.4388
v  11.3808 8.7673 8.4388
v  11.0018 6.7110 8.8663
v  11.3808 6.7110 8.8663
v  10.4295 -3.1003 4.7289
v  10.4295 -4.1727 5.4016
v  10.6256 -3.1140 4.7257
v  10.6256 -4.1855 5.3986
v  11.0018 4.4539 9.2318
v  11.3808 4.4539 9.2318
v  10.4295 -1.1602 3.0943
v  10.4295 -2.1239 3.9815
v  10.6256 -1.1757 3.0906
v  10.6256 -2.1385 3.9781
v  10.4295 -0.1557 1.9823
v  10.6256 -0.1720 1.9785
v  11.0018 12.5383 7.4230
v  11.3808 12.5383 7.4230
v  11.3808 14.4098 6.7489
v  11.0018 14.4098 6.7489
v  11.0018 18.7025 2.7527
v  11.0018 17.7881 4.5102
v  11.3808 17.7881 4.5102
v  11.3808 18.7025 2.7527
v  11.0018 18.9738 1.2060
v  11.0018 1.4561 -1.2954
v  11.0018 1.9992 -2.7782
v  11.3808 1.4561 -1.2954
v  11.0018 0.7475 0.5104
v  11.0018 16.2585 5.8350
v  11.3808 16.2586 5.8350
v  10.4298 18.3682 0.4790
v  10.6256 18.3944 0.3919
v  11.5843 16.2332 5.8291
v  11.5843 17.7618 4.5040
v  11.5843 14.3858 6.7432
v  11.5839 1.4696 -1.2797
v  11.5839 18.6738 2.7585
v  11.5843 12.5157 7.4177
v  11.5843 10.6530 7.9571
v  11.5843 6.6923 8.8619
v  11.5843 4.4368 9.2278
v  11.5843 2.2074 9.4771
v  11.5843 8.7474 8.4342
v  11.5843 0.2513 9.5720
v  11.5843 -1.3801 9.5859
v  11.5843 -3.9015 9.6241
v  11.5843 -5.1154 9.6434
v  11.5843 -6.5081 9.6458
v  11.5843 -2.7145 9.6009
v  11.5843 -8.1248 9.6231
v  11.5843 -9.6062 9.5879
v  11.5843 -12.3950 9.5010
v  11.5843 -11.4546 9.5286
v  11.5843 -13.5256 9.4382
v  11.5843 -10.6335 9.5553
v  11.5843 -16.4674 9.0875
v  11.5839 -16.2017 9.1437
v  11.5828 -15.7449 9.2052
v  11.5839 -14.7707 9.3194
v  11.5843 -17.2953 8.8914
v  11.5843 -16.8836 8.9889
v  11.5839 -17.4666 8.8416
v  11.0018 2.7569 -3.2785
v  11.0018 5.2750 -2.7844
v  11.0018 10.4946 -1.5592
v  11.0018 15.7712 -0.3207
v  11.0018 -16.4085 8.6694
v  11.0018 -16.9295 8.7500
v  11.0018 -15.9632 8.5840
v  11.0018 -15.5052 8.5076
v  11.0018 -14.9148 8.4468
v  11.0018 -14.2072 8.3808
v  11.0018 -12.6021 8.1847
v  11.0018 -13.4269 8.2897
v  11.0018 -10.9618 7.9669
v  11.0018 -11.7625 8.0793
v  11.0018 -10.2372 7.8352
v  11.0018 -9.5365 7.6714
v  11.0018 -7.8385 7.1191
v  11.0018 -8.7765 7.4530
v  11.0018 -5.3749 6.0295
v  11.0018 -6.6520 6.6251
v  11.0018 -4.1855 5.3986
v  11.0018 -3.1140 4.7257
v  11.0018 -1.1757 3.0906
v  11.0018 -2.1384 3.9781
v  11.0018 -0.1720 1.9785
v  11.0018 18.3944 0.3919
# 2600 vertices

vn -0.2096 0.2509 0.9450
vn -0.1856 0.5659 0.8033
vn -0.7413 0.4055 0.5349
vn -0.8066 0.1516 0.5713
vn -0.1177 0.9645 0.2363
vn -0.6577 0.7401 0.1401
vn -0.9741 0.2260 -0.0108
vn -0.9967 0.0531 0.0620
vn -0.9981 0.0159 0.0593
vn -0.9999 0.0158 0.0013
vn -1.0000 0.0024 0.0072
vn -0.9735 0.2164 -0.0741
vn -0.9693 0.1894 -0.1570
vn -0.9998 0.0147 -0.0116
vn -1.0000 0.0008 0.0003
vn 0.0563 0.7985 -0.5993
vn 0.5829 0.6507 -0.4866
vn 0.5577 0.4806 -0.6768
vn 0.0468 0.5736 -0.8178
vn 0.9624 0.1429 -0.2309
vn 0.9749 0.1711 -0.1422
vn 0.9479 0.1222 -0.2941
vn 0.5171 0.3553 -0.7787
vn 0.0365 0.4092 -0.9117
vn 0.9999 0.0134 0.0011
vn 1.0000 0.0020 0.0061
vn 1.0000 0.0006 0.0003
vn 0.9999 0.0125 -0.0098
vn 0.9783 0.1958 -0.0672
vn 0.9787 0.2053 -0.0104
vn 0.9973 0.0473 0.0556
vn 0.9985 0.0141 0.0528
vn 0.0432 -0.9396 0.3394
vn 0.5414 -0.7910 0.2850
vn 0.6503 -0.6141 0.4473
vn 0.1023 -0.7764 0.6219
vn 0.5518 -0.7501 0.3644
vn 0.0410 -0.9003 0.4333
vn 0.9669 -0.2305 0.1096
vn 0.9644 -0.2479 0.0919
vn 0.9621 -0.2491 0.1110
vn 0.5896 0.7684 -0.2488
vn 0.0603 0.9506 -0.3046
vn 0.1219 0.9639 0.2369
vn 0.6660 0.7336 0.1355
vn 0.4770 0.2883 -0.8303
vn 0.0302 0.3231 -0.9459
vn 0.9331 0.1109 -0.3421
vn 0.9195 0.1041 -0.3791
vn 0.4415 0.2479 -0.8623
vn 0.0260 0.2727 -0.9617
vn -0.9997 0.0128 -0.0208
vn -1.0000 0.0005 -0.0008
vn -0.9546 0.1573 -0.2531
vn -0.9378 0.1335 -0.3204
vn -0.9996 0.0115 -0.0275
vn -1.0000 0.0005 -0.0010
vn 1.0000 -0.0003 0.0009
vn 0.9999 -0.0140 0.0073
vn 0.9999 -0.0140 0.0100
vn 1.0000 -0.0005 0.0003
vn 0.9615 -0.2247 0.1583
vn 0.9518 -0.2245 0.2091
vn 0.9998 -0.0144 0.0136
vn 1.0000 -0.0005 0.0005
vn -0.5041 -0.6971 0.5099
vn -0.0357 -0.8104 0.5847
vn -0.0396 -0.9004 0.4333
vn -0.5289 -0.7633 0.3710
vn -0.9598 -0.2533 0.1206
vn -0.9535 -0.2463 0.1737
vn -0.9422 -0.2450 0.2284
vn -0.4708 -0.6384 0.6089
vn -0.0319 -0.7267 0.6862
vn 1.0000 -0.0005 0.0007
vn 0.9997 -0.0149 0.0203
vn 0.9996 -0.0152 0.0249
vn 1.0000 -0.0005 0.0009
vn 0.9307 -0.2183 0.2935
vn 0.9152 -0.2118 0.3429
vn 0.9994 -0.0156 0.0298
vn 0.8978 -0.2060 0.3892
vn 1.0000 -0.0005 0.0010
vn -0.9994 0.0109 -0.0334
vn -1.0000 0.0004 -0.0012
vn -0.9211 0.1203 -0.3703
vn -0.9060 0.1124 -0.4082
vn -0.9992 0.0107 -0.0385
vn -1.0000 0.0004 -0.0014
vn 0.9998 -0.0147 0.0167
vn 1.0000 -0.0005 0.0006
vn 0.9426 -0.2229 0.2488
vn -0.0284 -0.6609 0.7499
vn -0.4405 -0.5896 0.6771
vn -0.9317 -0.2422 0.2706
vn -0.4055 -0.5328 0.7427
vn -0.9184 -0.2358 0.3177
vn -0.0248 -0.5884 0.8082
vn 0.3260 0.1405 -0.9349
vn 0.0159 0.1427 -0.9896
vn 0.0193 0.1911 -0.9814
vn 0.3711 0.1820 -0.9106
vn 0.8518 0.0686 -0.5193
vn 0.8809 0.0855 -0.4656
vn 0.8113 0.0408 -0.5833
vn 0.2719 0.0887 -0.9582
vn 0.0124 0.0843 -0.9964
vn -0.3682 -0.4769 0.7981
vn -0.0216 -0.5181 0.8551
vn -0.9012 -0.2274 0.3689
vn -0.3328 -0.4323 0.8381
vn -0.8824 -0.2197 0.4160
vn -0.0188 -0.4627 0.8863
vn 0.4088 0.2175 -0.8863
vn 0.0227 0.2341 -0.9719
vn 0.9028 0.0968 -0.4191
vn -0.9989 0.0105 -0.0451
vn -1.0000 0.0004 -0.0017
vn -0.8878 0.1039 -0.4484
vn -0.9985 0.0100 -0.0541
vn -0.8645 0.0912 -0.4943
vn -1.0000 0.0004 -0.0020
vn 0.2129 0.0348 -0.9765
vn 0.0093 0.0302 -0.9995
vn 0.7722 0.0145 -0.6352
vn 0.7503 0.0080 -0.6610
vn 0.1748 0.0102 -0.9846
vn 0.0078 0.0102 -0.9999
vn -0.9977 0.0088 -0.0676
vn -1.0000 0.0004 -0.0025
vn -0.8342 0.0728 -0.5466
vn -0.7928 0.0435 -0.6079
vn -0.9958 0.0058 -0.0909
vn -1.0000 0.0003 -0.0034
vn 0.9993 -0.0162 0.0352
vn 1.0000 -0.0005 0.0012
vn 0.8793 -0.2015 0.4315
vn 0.8581 -0.1946 0.4752
vn 0.9990 -0.0169 0.0417
vn 1.0000 -0.0005 0.0015
vn -0.2982 -0.3969 0.8681
vn -0.0163 -0.4197 0.9075
vn -0.8626 -0.2137 0.4586
vn -0.8401 -0.2050 0.5022
vn -0.2608 -0.3570 0.8970
vn -0.0139 -0.3749 0.9270
vn 1.0000 -0.0005 0.0023
vn 0.9978 -0.0175 0.0638
vn 0.9969 -0.0172 0.0768
vn 1.0000 -0.0005 0.0027
vn 0.7999 -0.1596 0.5785
vn 0.7716 -0.1371 0.6211
vn 0.7441 -0.1125 0.6585
vn 0.9957 -0.0161 0.0916
vn 1.0000 -0.0005 0.0032
vn -1.0000 0.0001 -0.0044
vn -0.9931 0.0021 -0.1168
vn -0.7524 0.0158 -0.6586
vn -0.7280 0.0083 -0.6855
vn -0.9919 0.0020 -0.1272
vn -1.0000 0.0001 -0.0048
vn 0.9985 -0.0173 0.0511
vn 1.0000 -0.0005 0.0018
vn 0.8310 -0.1800 0.5264
vn -0.2206 -0.3052 0.9264
vn -0.0115 -0.3191 0.9477
vn -0.8116 -0.1882 0.5531
vn -0.7795 -0.1659 0.6041
vn -0.1856 -0.2538 0.9493
vn -0.0094 -0.2632 0.9647
vn 0.1434 0.0111 -0.9896
vn 0.0063 0.0092 -0.9999
vn 0.0069 0.0185 -0.9998
vn 0.1561 0.0190 -0.9876
vn 0.7302 0.0130 -0.6831
vn 0.7127 0.0058 -0.7015
vn 0.1251 -0.0044 -0.9921
vn 0.6881 -0.0051 -0.7256
vn 0.0054 -0.0065 -1.0000
vn -0.0079 -0.2125 0.9771
vn -0.1572 -0.2053 0.9660
vn -0.7501 -0.1417 0.6460
vn -0.7214 -0.1158 0.6827
vn -0.1344 -0.1613 0.9777
vn -0.0066 -0.1664 0.9860
vn 0.1635 0.0151 -0.9864
vn 0.0073 0.0159 -0.9998
vn 0.7408 0.0125 -0.6716
vn -1.0000 0.0002 -0.0051
vn -0.9911 0.0031 -0.1329
vn -0.7176 0.0129 -0.6963
vn -0.7068 0.0136 -0.7073
vn -0.9897 0.0029 -0.1430
vn -1.0000 0.0002 -0.0055
vn -0.9826 -0.0018 -0.1855
vn -0.9770 -0.0044 -0.2133
vn -1.0000 -0.0001 -0.0082
vn -1.0000 0.0000 -0.0072
vn -0.6630 -0.0049 -0.7486
vn -0.6322 -0.0147 -0.7747
vn -0.6011 -0.0224 -0.7989
vn -0.9706 -0.0071 -0.2405
vn -1.0000 -0.0002 -0.0093
vn -0.9870 0.0011 -0.1605
vn -1.0000 0.0001 -0.0062
vn -0.6887 0.0064 -0.7250
vn 0.9941 -0.0149 0.1070
vn 1.0000 -0.0005 0.0037
vn 0.7205 -0.0953 0.6869
vn 0.9927 -0.0149 0.1196
vn 0.7017 -0.0918 0.7065
vn 1.0000 -0.0004 0.0042
vn -0.1187 -0.1355 0.9836
vn -0.0058 -0.1381 0.9904
vn -0.6970 -0.0982 0.7103
vn -0.6773 -0.0947 0.7296
vn -0.1070 -0.1302 0.9857
vn -0.0052 -0.1315 0.9913
vn 1.0000 -0.0005 0.0061
vn 1.0000 -0.0005 0.0053
vn 0.9883 -0.0168 0.1516
vn 0.9845 -0.0165 0.1744
vn 0.6344 -0.0780 0.7690
vn 0.6521 -0.0816 0.7538
vn 0.9832 -0.0204 0.1815
vn 0.6356 -0.1057 0.7647
vn 1.0000 -0.0006 0.0064
vn 0.9911 -0.0162 0.1320
vn 1.0000 -0.0005 0.0046
vn 0.6798 -0.0913 0.7276
vn -0.0933 -0.1250 0.9878
vn -0.0045 -0.1269 0.9919
vn -0.6536 -0.0939 0.7510
vn -0.0793 -0.1072 0.9911
vn -0.6237 -0.0836 0.7772
vn -0.0038 -0.1094 0.9940
vn 0.1049 -0.0184 -0.9943
vn 0.0045 -0.0199 -0.9998
vn 0.6594 -0.0145 -0.7516
vn 0.6308 -0.0220 -0.7756
vn 0.0884 -0.0280 -0.9957
vn 0.0038 -0.0291 -0.9996
vn 0.0632 -0.0420 -0.9971
vn 0.0027 -0.0445 -0.9990
vn 0.0032 -0.0326 -0.9995
vn 0.0728 -0.0325 -0.9968
vn 0.5920 -0.0253 -0.8055
vn 0.5650 -0.0352 -0.8244
vn 0.0431 -0.0759 -0.9962
vn 0.4947 -0.0651 -0.8666
vn 0.0017 -0.0790 -0.9969
vn -0.0724 -0.1024 0.9921
vn -0.0034 -0.1025 0.9947
vn -0.6056 -0.0804 0.7917
vn -0.0744 -0.1422 0.9870
vn -0.6079 -0.1096 0.7864
vn -0.0035 -0.1401 0.9901
vn 0.0781 -0.0334 -0.9964
vn 0.0034 -0.0338 -0.9994
vn 0.6076 -0.0261 -0.7938
vn -0.9661 -0.0081 -0.2580
vn -0.9999 -0.0002 -0.0102
vn -0.5754 -0.0268 -0.8175
vn -0.5584 -0.0260 -0.8291
vn -0.9619 -0.0075 -0.2734
vn -0.9999 -0.0002 -0.0109
vn 1.0000 -0.0026 0.0014
vn 0.9810 -0.0359 0.1905
vn 0.9782 -0.0527 0.2006
vn 0.9985 -0.0177 -0.0511
vn 0.5835 -0.1402 0.7999
vn 0.5540 -0.1355 0.8214
vn 0.5263 -0.1567 0.8357
vn 0.9391 -0.3037 0.1608
vn 0.9028 -0.1139 -0.4148
vn -0.9424 -0.0172 -0.3341
vn -0.9999 -0.0006 -0.0140
vn -0.5306 -0.0355 -0.8469
vn -0.4565 -0.0659 -0.8873
vn -0.8991 -0.0409 -0.4358
vn -0.9996 -0.0037 -0.0281
vn 0.9843 -0.0290 0.1742
vn 1.0000 -0.0008 0.0063
vn 0.6277 -0.1399 0.7658
vn -0.0718 -0.1841 0.9803
vn -0.0034 -0.1848 0.9828
vn -0.5980 -0.1442 0.7885
vn -0.0584 -0.1758 0.9827
vn -0.5489 -0.1437 0.8235
vn -0.0028 -0.1786 0.9839
vn 0.2788 -0.1852 -0.9423
vn 0.3592 -0.2190 -0.9072
vn 0.0167 -0.2282 -0.9735
vn 0.0090 -0.1804 -0.9836
vn 0.0016 -0.1314 -0.9913
vn 0.0541 -0.1354 -0.9893
vn 0.3110 -0.1193 -0.9429
vn 0.6820 -0.1153 -0.7222
vn 0.8497 -0.1210 -0.5132
vn -0.0424 -0.1516 0.9875
vn -0.0022 -0.1532 0.9882
vn -0.5189 -0.1397 0.8433
vn -0.4912 -0.1625 0.8558
vn -0.1691 -0.2318 0.9579
vn -0.0052 -0.2021 0.9793
vn 0.0214 -0.1104 -0.9937
vn 0.0009 -0.1111 -0.9938
vn 0.3892 -0.0975 -0.9160
vn -0.8535 -0.0665 -0.5168
vn -0.9933 -0.0252 -0.1127
vn -0.3485 -0.0991 -0.9320
vn -0.2735 -0.1209 -0.9542
vn -0.6654 -0.1190 -0.7369
vn -0.8301 -0.1283 -0.5426
vn -0.9969 -0.0209 -0.0763
vn -0.9980 -0.0209 -0.0603
vn -1.0000 -0.0031 0.0017
vn -1.0000 -0.0020 -0.0070
vn -0.8670 -0.1247 -0.4825
vn -0.8870 -0.1229 -0.4450
vn 0.3880 -0.2245 -0.8939
vn 0.4270 -0.2469 -0.8699
vn 0.0237 -0.2676 -0.9632
vn 0.0201 -0.2397 -0.9706
vn 0.8851 -0.1163 -0.4505
vn 0.9712 -0.0065 -0.2380
vn 0.9553 -0.0153 -0.2951
vn 0.9999 -0.0005 -0.0118
vn 1.0000 -0.0002 -0.0092
vn 0.9173 -0.0374 -0.3965
vn 0.9997 -0.0031 -0.0237
vn -1.0000 0.0000 -0.0000
vn -1.0000 -0.0010 0.0074
vn -1.0000 -0.0007 0.0075
vn 0.8748 -0.0618 -0.4805
vn 0.9952 -0.0214 -0.0958
vn -1.0000 -0.0006 0.0072
vn -1.0000 -0.0006 0.0063
vn 0.9873 -0.0015 -0.1590
vn 0.9830 -0.0038 -0.1836
vn 1.0000 0.0000 -0.0061
vn 1.0000 -0.0001 -0.0069
vn 1.0000 -0.0002 -0.0079
vn 0.9781 -0.0062 -0.2080
vn 0.9746 -0.0070 -0.2238
vn 1.0000 -0.0002 -0.0086
vn 0.9906 0.0009 -0.1371
vn 0.9925 0.0025 -0.1219
vn 1.0000 0.0001 -0.0053
vn 1.0000 0.0001 -0.0047
vn -1.0000 -0.0005 0.0044
vn -1.0000 -0.0006 0.0038
vn -1.0000 -0.0005 0.0049
vn -1.0000 -0.0006 0.0055
vn -1.0000 -0.0006 0.0032
vn -1.0000 -0.0006 0.0027
vn 0.9951 0.0018 -0.0993
vn 0.9970 0.0049 -0.0771
vn 1.0000 0.0001 -0.0037
vn 1.0000 0.0002 -0.0029
vn 0.9941 0.0017 -0.1083
vn 1.0000 0.0001 -0.0041
vn -1.0000 -0.0006 0.0021
vn -1.0000 -0.0006 0.0017
vn 0.9936 0.0027 -0.1131
vn 1.0000 0.0001 -0.0043
vn 0.9983 0.0075 -0.0573
vn 0.9989 0.0084 -0.0458
vn 1.0000 0.0003 -0.0021
vn 1.0000 0.0003 -0.0017
vn -1.0000 -0.0006 0.0014
vn -1.0000 -0.0006 0.0012
vn -1.0000 -0.0006 0.0010
vn -1.0000 -0.0006 0.0008
vn 0.9997 0.0097 -0.0233
vn 0.9996 0.0092 -0.0282
vn 1.0000 0.0004 -0.0010
vn 1.0000 0.0004 -0.0009
vn 0.9994 0.0091 -0.0326
vn 1.0000 0.0004 -0.0012
vn -1.0000 -0.0006 0.0007
vn -1.0000 -0.0005 0.0006
vn 0.9992 0.0089 -0.0381
vn 1.0000 0.0004 -0.0014
vn 0.9998 0.0109 -0.0176
vn 1.0000 0.0004 -0.0007
vn -1.0000 -0.0005 0.0004
vn -1.0000 -0.0003 0.0010
vn -1.0000 0.0002 0.0008
vn 1.0000 0.0015 0.0063
vn 1.0000 0.0011 0.0064
vn 1.0000 0.0002 0.0007
vn 0.9985 0.0129 0.0525
vn 0.9985 0.0120 0.0533
vn -1.0000 0.0018 0.0074
vn -1.0000 0.0012 0.0076
vn -0.9981 0.0134 0.0599
vn -0.9982 0.0145 0.0590
vn -0.2096 0.2158 0.9537
vn -0.2117 0.2338 0.9490
vn -0.8103 0.1402 0.5689
vn -0.8065 0.1306 0.5767
vn -0.6413 -0.6182 0.4545
vn -0.0986 -0.7771 0.6216
vn -0.1806 -0.1803 0.9669
vn -0.7283 -0.1590 0.6666
vn -0.9961 -0.0274 0.0843
vn -0.9548 -0.2712 0.1219
vn -0.9571 -0.2715 0.1009
vn -0.9998 -0.0147 0.0123
vn -0.9998 -0.0166 0.0087
vn 0.9999 -0.0125 0.0104
vn 0.9969 -0.0243 0.0755
vn -0.9998 -0.0166 0.0118
vn -0.9997 -0.0170 0.0161
vn -0.9997 -0.0173 0.0197
vn -0.9996 -0.0176 0.0240
vn -0.9994 -0.0179 0.0294
vn -0.9992 -0.0184 0.0352
vn -0.9990 -0.0191 0.0416
vn -0.9986 -0.0199 0.0493
vn -0.9980 -0.0204 0.0604
vn -0.9970 -0.0206 0.0752
vn -0.9957 -0.0203 0.0905
vn -0.9940 -0.0190 0.1078
vn -0.9878 -0.0190 0.1547
vn -0.9900 -0.0175 0.1403
vn -0.9840 -0.0196 0.1771
vn -0.9919 -0.0175 0.1258
vn -0.9790 -0.0192 0.2030
vn -0.9772 -0.0237 0.2109
vn -0.9787 -0.0337 0.2027
vn -0.9744 -0.0417 0.2209
vn 0.0054 -0.2022 0.9793
vn 0.0601 -0.9981 0.0158
vn 0.5067 -0.8621 0.0107
vn 0.1891 -0.2321 0.9541
vn -0.9715 -0.0613 0.2288
vn -0.9317 -0.3286 0.1549
vn 1.0000 0.0000 -0.0000
vn 1.0000 -0.0017 -0.0059
vn 0.9977 -0.0177 -0.0647
vn -0.0580 -0.9982 0.0160
vn 0.0000 -0.9998 0.0213
vn 0.0000 -0.1997 0.9799
vn 0.0000 -0.2664 -0.9639
vn -0.0229 -0.2676 -0.9633
vn 0.7359 -0.1590 0.6582
vn 0.8139 0.1283 0.5667
vn 0.2164 0.2155 0.9522
vn 0.1864 -0.1798 0.9659
vn 0.8177 0.1377 0.5589
vn 0.8140 0.1490 0.5614
vn 0.2164 0.2505 0.9436
vn 0.2186 0.2334 0.9475
vn -0.0194 -0.2397 -0.9707
vn 0.0000 -0.2392 -0.9710
vn -0.0161 -0.2282 -0.9735
vn 0.0000 -0.2267 -0.9740
vn 0.0000 -0.0792 -0.9969
vn 0.0000 -0.1111 -0.9938
vn -0.0008 -0.1111 -0.9938
vn -0.0016 -0.0790 -0.9969
vn 0.0000 -0.1308 -0.9914
vn -0.0015 -0.1314 -0.9913
vn 0.0469 -0.1514 0.9874
vn 0.0647 -0.1756 0.9823
vn 0.0030 -0.1786 0.9839
vn 0.0023 -0.1532 0.9882
vn 0.0000 -0.1768 -0.9842
vn -0.0086 -0.1803 -0.9836
vn 0.0798 -0.1842 0.9797
vn 0.0828 -0.1424 0.9863
vn 0.0036 -0.1401 0.9901
vn 0.0036 -0.1848 0.9828
vn 0.0000 -0.0292 -0.9996
vn 0.0000 -0.0339 -0.9994
vn -0.0033 -0.0338 -0.9994
vn -0.0037 -0.0291 -0.9996
vn 0.0000 -0.0326 -0.9995
vn -0.0030 -0.0326 -0.9995
vn 0.0879 -0.1070 0.9904
vn 0.0804 -0.1024 0.9915
vn 0.0040 -0.1094 0.9940
vn 0.0036 -0.1025 0.9947
vn 0.0000 -0.0447 -0.9990
vn -0.0026 -0.0445 -0.9990
vn -0.0052 -0.0065 -1.0000
vn 0.0000 -0.0066 -1.0000
vn 0.0000 -0.0200 -0.9998
vn -0.0043 -0.0199 -0.9998
vn 0.1186 -0.1300 0.9844
vn 0.1035 -0.1248 0.9868
vn 0.0054 -0.1315 0.9913
vn 0.0047 -0.1269 0.9919
vn 0.1485 -0.1607 0.9758
vn 0.1314 -0.1352 0.9821
vn 0.0060 -0.1381 0.9904
vn 0.0069 -0.1664 0.9860
vn 0.0000 0.0160 -0.9999
vn -0.0071 0.0159 -0.9998
vn -0.0075 0.0102 -0.9999
vn 0.0000 0.0102 -0.9999
vn 0.0000 0.0184 -0.9998
vn -0.0067 0.0185 -0.9998
vn 0.2041 -0.2525 0.9458
vn 0.1734 -0.2045 0.9634
vn 0.0098 -0.2632 0.9647
vn 0.0081 -0.2125 0.9771
vn -0.0060 0.0092 -0.9999
vn 0.0000 0.0091 -1.0000
vn 0.2841 -0.3543 0.8909
vn 0.2416 -0.3034 0.9217
vn 0.0144 -0.3749 0.9270
vn 0.0119 -0.3190 0.9477
vn 0.3587 -0.4278 0.8296
vn 0.3232 -0.3934 0.8607
vn 0.0195 -0.4627 0.8863
vn 0.0169 -0.4197 0.9075
vn -0.0090 0.0302 -0.9995
vn -0.0119 0.0843 -0.9964
vn 0.0000 0.0835 -0.9965
vn 0.0000 0.0297 -0.9996
vn -0.0218 0.2341 -0.9720
vn -0.0251 0.2727 -0.9618
vn 0.0000 0.2722 -0.9622
vn 0.0000 0.2335 -0.9723
vn 0.0000 0.1904 -0.9817
vn -0.0186 0.1910 -0.9814
vn 0.4319 -0.5257 0.7329
vn 0.3946 -0.4712 0.7888
vn 0.0258 -0.5884 0.8082
vn 0.0224 -0.5181 0.8551
vn 0.0000 0.1420 -0.9899
vn -0.0153 0.1427 -0.9897
vn 0.4956 -0.6286 0.5994
vn 0.4662 -0.5810 0.6671
vn 0.0331 -0.7267 0.6862
vn 0.0294 -0.6609 0.7499
vn 0.5282 -0.6855 0.5012
vn 0.0371 -0.8104 0.5847
vn 0.0000 0.3222 -0.9467
vn -0.0291 0.3231 -0.9459
vn -0.0352 0.4092 -0.9118
vn 0.0000 0.4078 -0.9131
vn 0.0000 0.9515 -0.3078
vn 0.0000 0.7981 -0.6025
vn -0.0543 0.7986 -0.5994
vn -0.0582 0.9507 -0.3047
vn 0.0000 0.9770 0.2135
vn 0.0000 -0.9405 0.3398
vn 0.0000 -0.7959 0.6054
vn -0.0417 -0.9397 0.3395
vn 0.0000 -0.9014 0.4331
vn -0.0451 0.5735 -0.8180
vn 0.0000 0.5714 -0.8207
vn 0.7490 0.4014 0.5272
vn 0.1915 0.5651 0.8025
vn -0.5390 0.4884 -0.6863
vn -0.5669 0.6602 -0.4927
vn -0.4948 0.3611 -0.7905
vn -0.5198 -0.8037 0.2896
vn -0.5736 0.7795 -0.2519
vn -0.4524 0.2928 -0.8424
vn -0.4156 0.2514 -0.8741
vn -0.3447 0.1840 -0.9205
vn -0.3003 0.1417 -0.9433
vn -0.2483 0.0891 -0.9646
vn -0.3825 0.2203 -0.8973
vn -0.1929 0.0347 -0.9806
vn -0.1580 0.0102 -0.9874
vn -0.1409 0.0190 -0.9898
vn -0.1292 0.0110 -0.9916
vn -0.1124 -0.0045 -0.9936
vn -0.1477 0.0152 -0.9889
vn -0.0942 -0.0185 -0.9954
vn -0.0793 -0.0280 -0.9965
vn -0.0654 -0.0325 -0.9973
vn -0.0566 -0.0422 -0.9975
vn -0.0384 -0.0761 -0.9964
vn -0.0701 -0.0334 -0.9970
vn -0.2544 -0.1867 -0.9489
vn -0.3330 -0.2214 -0.9166
vn -0.0483 -0.1353 -0.9896
vn -0.0193 -0.1104 -0.9937
vn -0.3616 -0.2272 -0.9043
vn -0.4013 -0.2504 -0.8810
vn -0.4951 -0.8688 0.0100
vn 0.0000 -0.2001 0.9798
vn 0.0000 0.2205 0.9754
vn 0.0000 0.2392 0.9710
vn 0.0000 0.2567 0.9665
vn 0.0000 -0.1788 0.9839
vn 0.0000 -0.1534 0.9882
vn 0.0000 -0.1400 0.9902
vn 0.0000 -0.1849 0.9828
vn 0.0000 -0.1025 0.9947
vn 0.0000 -0.1095 0.9940
vn 0.0000 -0.1271 0.9919
vn 0.0000 -0.1315 0.9913
vn 0.0000 -0.1382 0.9904
vn 0.0000 -0.1666 0.9860
vn 0.0000 -0.2636 0.9646
vn 0.0000 -0.2129 0.9771
vn 0.0000 -0.3196 0.9476
vn 0.0000 -0.3754 0.9269
vn 0.0000 -0.4202 0.9074
vn 0.0000 -0.4632 0.8862
vn 0.0000 -0.5892 0.8080
vn 0.0000 -0.5187 0.8549
vn 0.0000 -0.6617 0.7497
vn 0.0000 -0.7276 0.6860
vn 0.0000 -0.8115 0.5844
vn 0.0000 0.5862 0.8102
vn -0.9450 0.2509 -0.2096
vn -0.8033 0.5659 -0.1856
vn -0.5349 0.4055 -0.7413
vn -0.5713 0.1516 -0.8066
vn -0.1401 0.7401 -0.6577
vn -0.2363 0.9645 -0.1177
vn 0.0108 0.2260 -0.9741
vn -0.0620 0.0531 -0.9967
vn -0.0593 0.0159 -0.9981
vn -0.0013 0.0158 -0.9999
vn -0.0072 0.0024 -1.0000
vn 0.0741 0.2164 -0.9735
vn 0.1570 0.1894 -0.9693
vn 0.0116 0.0147 -0.9998
vn -0.0003 0.0008 -1.0000
vn 0.4866 0.6507 0.5829
vn 0.6768 0.4806 0.5577
vn 0.8178 0.5736 0.0468
vn 0.5993 0.7985 0.0563
vn 0.2309 0.1429 0.9624
vn 0.1422 0.1711 0.9749
vn 0.2941 0.1222 0.9479
vn 0.7787 0.3553 0.5171
vn 0.9117 0.4092 0.0365
vn -0.0011 0.0134 0.9999
vn -0.0061 0.0020 1.0000
vn -0.0003 0.0006 1.0000
vn 0.0098 0.0125 0.9999
vn 0.0672 0.1958 0.9783
vn 0.0104 0.2052 0.9787
vn -0.0556 0.0473 0.9973
vn -0.0528 0.0141 0.9985
vn -0.2850 -0.7910 0.5414
vn -0.4473 -0.6141 0.6503
vn -0.6219 -0.7764 0.1023
vn -0.3394 -0.9396 0.0432
vn -0.3644 -0.7501 0.5518
vn -0.4333 -0.9003 0.0410
vn -0.0919 -0.2479 0.9644
vn -0.1096 -0.2305 0.9669
vn -0.1110 -0.2491 0.9621
vn 0.2488 0.7684 0.5896
vn 0.3046 0.9506 0.0603
vn -0.1355 0.7336 0.6660
vn -0.2369 0.9639 0.1219
vn 0.9459 0.3231 0.0302
vn 0.8303 0.2883 0.4770
vn 0.3421 0.1109 0.9331
vn 0.3791 0.1041 0.9195
vn 0.8623 0.2479 0.4415
vn 0.9617 0.2727 0.0260
vn 0.0208 0.0128 -0.9997
vn 0.0008 0.0005 -1.0000
vn 0.2531 0.1573 -0.9546
vn 0.3204 0.1335 -0.9378
vn 0.0275 0.0115 -0.9996
vn 0.0010 0.0005 -1.0000
vn -0.0003 -0.0005 1.0000
vn -0.0009 -0.0003 1.0000
vn -0.0073 -0.0140 0.9999
vn -0.0100 -0.0140 0.9999
vn -0.1583 -0.2247 0.9615
vn -0.0136 -0.0144 0.9998
vn -0.2091 -0.2245 0.9518
vn -0.0005 -0.0005 1.0000
vn -0.5847 -0.8104 -0.0358
vn -0.4333 -0.9004 -0.0396
vn -0.3710 -0.7633 -0.5289
vn -0.5099 -0.6971 -0.5041
vn -0.1737 -0.2463 -0.9535
vn -0.1206 -0.2533 -0.9598
vn -0.2284 -0.2450 -0.9422
vn -0.6089 -0.6384 -0.4708
vn -0.6862 -0.7267 -0.0319
vn -0.0249 -0.0152 0.9996
vn -0.0009 -0.0005 1.0000
vn -0.0007 -0.0005 1.0000
vn -0.0203 -0.0149 0.9997
vn -0.2935 -0.2183 0.9307
vn -0.3429 -0.2118 0.9152
vn -0.3892 -0.2060 0.8978
vn -0.0298 -0.0156 0.9994
vn -0.0010 -0.0005 1.0000
vn 0.0012 0.0004 -1.0000
vn 0.0334 0.0109 -0.9994
vn 0.3703 0.1203 -0.9211
vn 0.0385 0.0107 -0.9992
vn 0.4082 0.1124 -0.9060
vn 0.0014 0.0004 -1.0000
vn -0.0167 -0.0147 0.9998
vn -0.0006 -0.0005 1.0000
vn -0.2488 -0.2229 0.9426
vn -0.6771 -0.5896 -0.4405
vn -0.7499 -0.6609 -0.0284
vn -0.2706 -0.2422 -0.9317
vn -0.3177 -0.2358 -0.9184
vn -0.7427 -0.5328 -0.4055
vn -0.8082 -0.5884 -0.0248
vn 0.9814 0.1911 0.0193
vn 0.9106 0.1820 0.3710
vn 0.9349 0.1405 0.3260
vn 0.9896 0.1427 0.0159
vn 0.4656 0.0855 0.8809
vn 0.5193 0.0686 0.8518
vn 0.5833 0.0408 0.8113
vn 0.9582 0.0887 0.2719
vn 0.9964 0.0843 0.0124
vn -0.8551 -0.5181 -0.0216
vn -0.7981 -0.4769 -0.3682
vn -0.3689 -0.2274 -0.9012
vn -0.4160 -0.2197 -0.8824
vn -0.8381 -0.4323 -0.3328
vn -0.8863 -0.4627 -0.0188
vn 0.8863 0.2175 0.4088
vn 0.9719 0.2341 0.0227
vn 0.4191 0.0968 0.9028
vn 0.0451 0.0105 -0.9989
vn 0.0017 0.0004 -1.0000
vn 0.4484 0.1039 -0.8878
vn 0.0541 0.0100 -0.9985
vn 0.4943 0.0912 -0.8645
vn 0.0020 0.0004 -1.0000
vn 0.9764 0.0348 0.2129
vn 0.9995 0.0302 0.0093
vn 0.6352 0.0145 0.7722
vn 0.9846 0.0101 0.1748
vn 0.6610 0.0080 0.7503
vn 0.9999 0.0102 0.0078
vn 0.0025 0.0004 -1.0000
vn 0.0676 0.0088 -0.9977
vn 0.5466 0.0728 -0.8342
vn 0.6079 0.0435 -0.7928
vn 0.0909 0.0058 -0.9958
vn 0.0034 0.0003 -1.0000
vn -0.0352 -0.0162 0.9993
vn -0.0012 -0.0005 1.0000
vn -0.4315 -0.2015 0.8793
vn -0.0417 -0.0169 0.9990
vn -0.4752 -0.1946 0.8581
vn -0.0015 -0.0005 1.0000
vn -0.9075 -0.4197 -0.0163
vn -0.8681 -0.3969 -0.2982
vn -0.4586 -0.2137 -0.8626
vn -0.5022 -0.2050 -0.8401
vn -0.8970 -0.3570 -0.2608
vn -0.9270 -0.3749 -0.0139
vn -0.0638 -0.0175 0.9978
vn -0.0768 -0.0172 0.9969
vn -0.0027 -0.0005 1.0000
vn -0.0023 -0.0005 1.0000
vn -0.6211 -0.1371 0.7716
vn -0.5785 -0.1596 0.7999
vn -0.6585 -0.1125 0.7441
vn -0.0916 -0.0161 0.9957
vn -0.0032 -0.0005 1.0000
vn 0.1168 0.0021 -0.9931
vn 0.0044 0.0001 -1.0000
vn 0.6586 0.0158 -0.7524
vn 0.1272 0.0020 -0.9919
vn 0.6855 0.0083 -0.7280
vn 0.0048 0.0001 -1.0000
vn -0.0511 -0.0173 0.9985
vn -0.0018 -0.0005 1.0000
vn -0.5264 -0.1800 0.8310
vn -0.9477 -0.3191 -0.0115
vn -0.9264 -0.3052 -0.2206
vn -0.5531 -0.1882 -0.8116
vn -0.6041 -0.1659 -0.7794
vn -0.9493 -0.2538 -0.1856
vn -0.9647 -0.2632 -0.0094
vn 0.9876 0.0190 0.1561
vn 0.9896 0.0111 0.1434
vn 0.9999 0.0092 0.0063
vn 0.9998 0.0185 0.0069
vn 0.6831 0.0130 0.7302
vn 0.7015 0.0058 0.7127
vn 0.7256 -0.0051 0.6881
vn 0.9921 -0.0044 0.1251
vn 1.0000 -0.0065 0.0054
vn -0.9660 -0.2053 -0.1572
vn -0.9771 -0.2125 -0.0079
vn -0.6460 -0.1417 -0.7501
vn -0.6827 -0.1158 -0.7214
vn -0.9777 -0.1613 -0.1344
vn -0.9860 -0.1664 -0.0066
vn 0.9864 0.0151 0.1635
vn 0.9998 0.0159 0.0073
vn 0.6716 0.0125 0.7408
vn 0.1329 0.0031 -0.9911
vn 0.0051 0.0002 -1.0000
vn 0.6963 0.0129 -0.7176
vn 0.7073 0.0136 -0.7068
vn 0.1430 0.0029 -0.9897
vn 0.0055 0.0002 -1.0000
vn 0.0082 -0.0001 -1.0000
vn 0.0072 0.0000 -1.0000
vn 0.1855 -0.0018 -0.9826
vn 0.2133 -0.0044 -0.9770
vn 0.7486 -0.0049 -0.6630
vn 0.7747 -0.0147 -0.6322
vn 0.7989 -0.0224 -0.6011
vn 0.2405 -0.0071 -0.9706
vn 0.0093 -0.0002 -1.0000
vn 0.1605 0.0011 -0.9870
vn 0.0062 0.0001 -1.0000
vn 0.7250 0.0064 -0.6887
vn -0.1070 -0.0149 0.9941
vn -0.0037 -0.0005 1.0000
vn -0.6869 -0.0953 0.7205
vn -0.7065 -0.0918 0.7017
vn -0.1196 -0.0149 0.9927
vn -0.0042 -0.0004 1.0000
vn -0.9836 -0.1355 -0.1187
vn -0.9904 -0.1381 -0.0058
vn -0.7103 -0.0982 -0.6970
vn -0.7296 -0.0947 -0.6773
vn -0.9857 -0.1302 -0.1070
vn -0.9913 -0.1315 -0.0052
vn -0.0053 -0.0005 1.0000
vn -0.1516 -0.0168 0.9883
vn -0.1744 -0.0165 0.9845
vn -0.0061 -0.0005 1.0000
vn -0.7538 -0.0816 0.6521
vn -0.7690 -0.0780 0.6344
vn -0.7647 -0.1057 0.6356
vn -0.1815 -0.0204 0.9832
vn -0.0064 -0.0006 1.0000
vn -0.1320 -0.0162 0.9911
vn -0.0046 -0.0005 1.0000
vn -0.7276 -0.0913 0.6798
vn -0.9878 -0.1250 -0.0933
vn -0.9919 -0.1269 -0.0045
vn -0.7510 -0.0939 -0.6536
vn -0.7772 -0.0836 -0.6237
vn -0.9911 -0.1072 -0.0793
vn -0.9940 -0.1094 -0.0038
vn 0.9943 -0.0184 0.1049
vn 0.9998 -0.0199 0.0045
vn 0.7516 -0.0145 0.6594
vn 0.7756 -0.0220 0.6308
vn 0.9957 -0.0280 0.0883
vn 0.9996 -0.0291 0.0038
vn 0.9971 -0.0420 0.0632
vn 0.9990 -0.0445 0.0027
vn 0.9995 -0.0326 0.0032
vn 0.9968 -0.0325 0.0728
vn 0.8055 -0.0253 0.5920
vn 0.8244 -0.0352 0.5650
vn 0.8666 -0.0651 0.4947
vn 0.9962 -0.0759 0.0431
vn 0.9969 -0.0790 0.0017
vn -0.9921 -0.1024 -0.0724
vn -0.9947 -0.1025 -0.0034
vn -0.7917 -0.0804 -0.6056
vn -0.7864 -0.1096 -0.6079
vn -0.9870 -0.1422 -0.0744
vn -0.9901 -0.1401 -0.0035
vn 0.9994 -0.0338 0.0034
vn 0.9964 -0.0334 0.0781
vn 0.7938 -0.0261 0.6076
vn 0.2580 -0.0081 -0.9661
vn 0.0102 -0.0002 -0.9999
vn 0.8175 -0.0268 -0.5754
vn 0.8291 -0.0260 -0.5584
vn 0.2734 -0.0075 -0.9619
vn 0.0109 -0.0002 -0.9999
vn -0.1905 -0.0359 0.9810
vn -0.2006 -0.0527 0.9782
vn 0.0511 -0.0177 0.9985
vn -0.0014 -0.0026 1.0000
vn -0.8214 -0.1355 0.5540
vn -0.7999 -0.1402 0.5835
vn -0.8357 -0.1567 0.5263
vn -0.1608 -0.3037 0.9391
vn 0.4148 -0.1139 0.9028
vn 0.3341 -0.0172 -0.9424
vn 0.0140 -0.0006 -0.9999
vn 0.8469 -0.0355 -0.5306
vn 0.8873 -0.0659 -0.4565
vn 0.4358 -0.0409 -0.8991
vn 0.0281 -0.0037 -0.9996
vn -0.1742 -0.0290 0.9843
vn -0.0063 -0.0008 1.0000
vn -0.7658 -0.1399 0.6277
vn -0.9803 -0.1841 -0.0718
vn -0.9828 -0.1848 -0.0034
vn -0.7884 -0.1442 -0.5980
vn -0.8234 -0.1437 -0.5489
vn -0.9827 -0.1758 -0.0584
vn -0.9839 -0.1786 -0.0028
vn 0.9072 -0.2190 0.3592
vn 0.9735 -0.2282 0.0167
vn 0.9836 -0.1804 0.0090
vn 0.9423 -0.1852 0.2788
vn 0.9893 -0.1354 0.0541
vn 0.9913 -0.1314 0.0016
vn 0.9429 -0.1193 0.3110
vn 0.7222 -0.1153 0.6820
vn 0.5132 -0.1210 0.8497
vn -0.9882 -0.1532 -0.0022
vn -0.9875 -0.1516 -0.0424
vn -0.8433 -0.1397 -0.5189
vn -0.8558 -0.1625 -0.4912
vn -0.9579 -0.2318 -0.1691
vn -0.9793 -0.2021 -0.0052
vn 0.9937 -0.1104 0.0214
vn 0.9938 -0.1111 0.0009
vn 0.9160 -0.0975 0.3892
vn 0.1127 -0.0252 -0.9933
vn 0.5168 -0.0665 -0.8535
vn 0.9320 -0.0991 -0.3485
vn 0.9542 -0.1209 -0.2735
vn 0.7369 -0.1190 -0.6654
vn 0.5426 -0.1283 -0.8302
vn 0.0070 -0.0020 -1.0000
vn 0.0763 -0.0209 -0.9969
vn 0.0603 -0.0209 -0.9980
vn -0.0017 -0.0031 -1.0000
vn 0.4825 -0.1247 -0.8670
vn 0.4450 -0.1229 -0.8870
vn 0.9632 -0.2676 0.0237
vn 0.9706 -0.2397 0.0201
vn 0.8939 -0.2245 0.3880
vn 0.8699 -0.2469 0.4270
vn 0.4506 -0.1163 0.8851
vn 0.2380 -0.0065 0.9712
vn 0.2951 -0.0153 0.9553
vn 0.0092 -0.0002 1.0000
vn 0.0118 -0.0005 0.9999
vn 0.3965 -0.0374 0.9173
vn 0.0238 -0.0031 0.9997
vn -0.0074 -0.0010 -1.0000
vn -0.0075 -0.0007 -1.0000
vn 0.0000 0.0000 -1.0000
vn 0.4805 -0.0618 0.8748
vn 0.0958 -0.0214 0.9952
vn -0.0063 -0.0006 -1.0000
vn -0.0072 -0.0006 -1.0000
vn 0.1836 -0.0038 0.9830
vn 0.1590 -0.0015 0.9873
vn 0.0061 0.0000 1.0000
vn 0.0069 -0.0001 1.0000
vn 0.0079 -0.0002 1.0000
vn 0.2080 -0.0062 0.9781
vn 0.2238 -0.0070 0.9746
vn 0.0086 -0.0002 1.0000
vn 0.1219 0.0025 0.9925
vn 0.1371 0.0009 0.9906
vn 0.0047 0.0001 1.0000
vn 0.0053 0.0001 1.0000
vn -0.0044 -0.0005 -1.0000
vn -0.0038 -0.0006 -1.0000
vn -0.0049 -0.0005 -1.0000
vn -0.0055 -0.0006 -1.0000
vn -0.0032 -0.0006 -1.0000
vn -0.0027 -0.0006 -1.0000
vn 0.0993 0.0018 0.9951
vn 0.0771 0.0049 0.9970
vn 0.0029 0.0002 1.0000
vn 0.0037 0.0001 1.0000
vn 0.0041 0.0001 1.0000
vn 0.1083 0.0017 0.9941
vn -0.0021 -0.0006 -1.0000
vn -0.0017 -0.0006 -1.0000
vn 0.1131 0.0027 0.9936
vn 0.0043 0.0001 1.0000
vn 0.0458 0.0084 0.9989
vn 0.0573 0.0075 0.9983
vn 0.0021 0.0003 1.0000
vn 0.0017 0.0003 1.0000
vn -0.0014 -0.0006 -1.0000
vn -0.0012 -0.0006 -1.0000
vn -0.0008 -0.0006 -1.0000
vn -0.0010 -0.0006 -1.0000
vn 0.0233 0.0097 0.9997
vn 0.0282 0.0092 0.9996
vn 0.0009 0.0004 1.0000
vn 0.0010 0.0004 1.0000
vn 0.0326 0.0091 0.9994
vn 0.0012 0.0004 1.0000
vn -0.0007 -0.0006 -1.0000
vn -0.0006 -0.0005 -1.0000
vn 0.0381 0.0089 0.9992
vn 0.0014 0.0004 1.0000
vn 0.0176 0.0109 0.9998
vn 0.0007 0.0004 1.0000
vn -0.0008 0.0002 -1.0000
vn -0.0004 -0.0005 -1.0000
vn -0.0010 -0.0003 -1.0000
vn -0.0064 0.0011 1.0000
vn -0.0007 0.0002 1.0000
vn -0.0063 0.0015 1.0000
vn -0.0525 0.0129 0.9985
vn -0.0533 0.0120 0.9985
vn -0.0074 0.0018 -1.0000
vn -0.0076 0.0012 -1.0000
vn -0.0599 0.0134 -0.9981
vn -0.0590 0.0145 -0.9982
vn -0.5689 0.1402 -0.8103
vn -0.5767 0.1306 -0.8065
vn -0.9537 0.2158 -0.2096
vn -0.9490 0.2338 -0.2117
vn -0.9669 -0.1803 -0.1806
vn -0.6666 -0.1590 -0.7283
vn -0.4545 -0.6182 -0.6413
vn -0.6216 -0.7771 -0.0986
vn -0.0843 -0.0274 -0.9961
vn -0.1219 -0.2712 -0.9548
vn -0.0123 -0.0147 -0.9998
vn -0.1009 -0.2715 -0.9571
vn -0.0087 -0.0166 -0.9998
vn -0.0104 -0.0125 0.9999
vn -0.0755 -0.0243 0.9969
vn -0.0118 -0.0166 -0.9998
vn -0.0161 -0.0170 -0.9997
vn -0.0197 -0.0173 -0.9997
vn -0.0240 -0.0176 -0.9996
vn -0.0294 -0.0179 -0.9994
vn -0.0352 -0.0184 -0.9992
vn -0.0416 -0.0191 -0.9990
vn -0.0493 -0.0199 -0.9986
vn -0.0604 -0.0204 -0.9980
vn -0.0752 -0.0206 -0.9970
vn -0.0905 -0.0203 -0.9957
vn -0.1078 -0.0190 -0.9940
vn -0.1403 -0.0175 -0.9900
vn -0.1547 -0.0190 -0.9878
vn -0.1771 -0.0196 -0.9840
vn -0.1258 -0.0175 -0.9919
vn -0.2030 -0.0192 -0.9790
vn -0.2109 -0.0237 -0.9772
vn -0.2027 -0.0337 -0.9787
vn -0.2209 -0.0417 -0.9744
vn -0.9793 -0.2022 0.0054
vn -0.0158 -0.9981 0.0601
vn -0.0107 -0.8621 0.5067
vn -0.9541 -0.2321 0.1891
vn -0.2288 -0.0613 -0.9715
vn -0.1549 -0.3286 -0.9317
vn 0.0000 0.0000 1.0000
vn 0.0059 -0.0017 1.0000
vn 0.0647 -0.0177 0.9977
vn -0.0213 -0.9998 -0.0000
vn -0.9799 -0.1997 -0.0000
vn -0.0160 -0.9982 -0.0580
vn 0.9633 -0.2676 -0.0229
vn 0.9639 -0.2664 -0.0000
vn -0.6582 -0.1590 0.7359
vn -0.5667 0.1283 0.8139
vn -0.9522 0.2155 0.2164
vn -0.9659 -0.1798 0.1864
vn -0.5589 0.1377 0.8177
vn -0.5614 0.1490 0.8140
vn -0.9436 0.2505 0.2164
vn -0.9475 0.2334 0.2186
vn 0.9707 -0.2397 -0.0194
vn 0.9710 -0.2392 -0.0000
vn 0.9740 -0.2267 -0.0000
vn 0.9735 -0.2282 -0.0161
vn 0.9938 -0.1111 -0.0000
vn 0.9938 -0.1111 -0.0008
vn 0.9969 -0.0790 -0.0016
vn 0.9969 -0.0792 -0.0000
vn 0.9914 -0.1308 -0.0000
vn 0.9913 -0.1314 -0.0015
vn -0.9823 -0.1756 0.0647
vn -0.9874 -0.1514 0.0469
vn -0.9882 -0.1532 0.0023
vn -0.9839 -0.1786 0.0030
vn 0.9836 -0.1803 -0.0086
vn 0.9842 -0.1768 -0.0000
vn -0.9863 -0.1424 0.0828
vn -0.9797 -0.1842 0.0798
vn -0.9901 -0.1401 0.0036
vn -0.9828 -0.1848 0.0036
vn 0.9996 -0.0291 -0.0037
vn 0.9996 -0.0292 -0.0000
vn 0.9994 -0.0339 -0.0000
vn 0.9994 -0.0338 -0.0033
vn 0.9995 -0.0326 -0.0000
vn 0.9995 -0.0326 -0.0030
vn -0.9904 -0.1070 0.0879
vn -0.9915 -0.1024 0.0804
vn -0.9940 -0.1094 0.0040
vn -0.9947 -0.1025 0.0036
vn 0.9990 -0.0447 -0.0000
vn 0.9990 -0.0445 -0.0026
vn 1.0000 -0.0065 -0.0052
vn 1.0000 -0.0066 -0.0000
vn 0.9998 -0.0200 -0.0000
vn 0.9998 -0.0199 -0.0043
vn -0.9868 -0.1248 0.1035
vn -0.9844 -0.1300 0.1186
vn -0.9919 -0.1269 0.0047
vn -0.9913 -0.1315 0.0054
vn -0.9821 -0.1352 0.1314
vn -0.9758 -0.1607 0.1485
vn -0.9860 -0.1664 0.0069
vn -0.9904 -0.1381 0.0060
vn 0.9999 0.0160 -0.0000
vn 0.9998 0.0159 -0.0071
vn 0.9999 0.0102 -0.0075
vn 0.9999 0.0102 -0.0000
vn 0.9998 0.0184 -0.0000
vn 0.9998 0.0185 -0.0067
vn -0.9634 -0.2045 0.1734
vn -0.9458 -0.2525 0.2041
vn -0.9647 -0.2632 0.0098
vn -0.9771 -0.2125 0.0082
vn 1.0000 0.0091 -0.0000
vn 0.9999 0.0092 -0.0060
vn -0.9217 -0.3034 0.2416
vn -0.8909 -0.3543 0.2841
vn -0.9270 -0.3749 0.0144
vn -0.9477 -0.3190 0.0119
vn -0.8296 -0.4278 0.3587
vn -0.8607 -0.3934 0.3232
vn -0.8863 -0.4627 0.0195
vn -0.9075 -0.4197 0.0169
vn 0.9965 0.0835 -0.0000
vn 0.9996 0.0297 -0.0000
vn 0.9995 0.0302 -0.0090
vn 0.9964 0.0843 -0.0119
vn 0.9618 0.2727 -0.0251
vn 0.9622 0.2722 -0.0000
vn 0.9723 0.2335 -0.0000
vn 0.9720 0.2341 -0.0218
vn 0.9817 0.1904 -0.0000
vn 0.9814 0.1910 -0.0186
vn -0.7329 -0.5257 0.4319
vn -0.7888 -0.4712 0.3946
vn -0.8082 -0.5884 0.0258
vn -0.8551 -0.5181 0.0224
vn 0.9899 0.1420 -0.0000
vn 0.9897 0.1427 -0.0153
vn -0.5994 -0.6286 0.4956
vn -0.6671 -0.5810 0.4662
vn -0.6862 -0.7267 0.0331
vn -0.7499 -0.6609 0.0294
vn -0.5012 -0.6855 0.5282
vn -0.5847 -0.8104 0.0371
vn 0.9467 0.3222 -0.0000
vn 0.9459 0.3231 -0.0291
vn 0.9118 0.4092 -0.0352
vn 0.9131 0.4078 -0.0000
vn 0.3078 0.9515 -0.0000
vn 0.6025 0.7981 -0.0000
vn 0.5994 0.7986 -0.0543
vn 0.3047 0.9507 -0.0582
vn -0.2135 0.9770 -0.0000
vn -0.3398 -0.9405 -0.0000
vn -0.6054 -0.7959 -0.0000
vn -0.3395 -0.9397 -0.0417
vn -0.4331 -0.9014 -0.0000
vn 0.8207 0.5714 -0.0000
vn 0.8180 0.5735 -0.0451
vn -0.5272 0.4014 0.7490
vn -0.8025 0.5651 0.1916
vn 0.6863 0.4884 -0.5390
vn 0.4927 0.6602 -0.5669
vn 0.7905 0.3611 -0.4948
vn -0.2896 -0.8037 -0.5198
vn 0.2519 0.7795 -0.5736
vn 0.8424 0.2928 -0.4524
vn 0.8741 0.2514 -0.4156
vn 0.9433 0.1417 -0.3003
vn 0.9205 0.1840 -0.3447
vn 0.9646 0.0891 -0.2483
vn 0.8973 0.2203 -0.3825
vn 0.9806 0.0347 -0.1929
vn 0.9874 0.0102 -0.1580
vn 0.9898 0.0190 -0.1409
vn 0.9916 0.0110 -0.1291
vn 0.9936 -0.0045 -0.1124
vn 0.9889 0.0152 -0.1477
vn 0.9954 -0.0185 -0.0942
vn 0.9965 -0.0280 -0.0793
vn 0.9973 -0.0325 -0.0654
vn 0.9975 -0.0422 -0.0566
vn 0.9964 -0.0761 -0.0384
vn 0.9970 -0.0334 -0.0701
vn 0.9489 -0.1867 -0.2544
vn 0.9166 -0.2214 -0.3330
vn 0.9896 -0.1353 -0.0483
vn 0.9937 -0.1104 -0.0193
vn 0.9043 -0.2272 -0.3616
vn 0.8810 -0.2504 -0.4013
vn -0.0100 -0.8688 -0.4951
vn -0.9798 -0.2001 -0.0000
vn -0.9754 0.2205 -0.0000
vn -0.9710 0.2392 -0.0000
vn -0.9665 0.2567 -0.0000
vn -0.9839 -0.1788 -0.0000
vn -0.9882 -0.1534 -0.0000
vn -0.9828 -0.1849 -0.0000
vn -0.9902 -0.1400 -0.0000
vn -0.9947 -0.1025 -0.0000
vn -0.9940 -0.1095 -0.0000
vn -0.9913 -0.1315 -0.0000
vn -0.9919 -0.1271 -0.0000
vn -0.9860 -0.1666 -0.0000
vn -0.9904 -0.1382 -0.0000
vn -0.9646 -0.2636 -0.0000
vn -0.9771 -0.2129 -0.0000
vn -0.9269 -0.3754 -0.0000
vn -0.9476 -0.3196 -0.0000
vn -0.8862 -0.4632 -0.0000
vn -0.9074 -0.4202 -0.0000
vn -0.8549 -0.5187 -0.0000
vn -0.8080 -0.5892 -0.0000
vn -0.6860 -0.7276 -0.0000
vn -0.7497 -0.6617 -0.0000
vn -0.5844 -0.8115 -0.0000
vn -0.8102 0.5862 -0.0000
vn 0.9450 0.2509 0.2096
vn 0.8033 0.5659 0.1856
vn 0.5349 0.4055 0.7413
vn 0.5713 0.1516 0.8066
vn 0.1401 0.7401 0.6577
vn 0.2363 0.9645 0.1177
vn -0.0108 0.2260 0.9741
vn 0.0620 0.0531 0.9967
vn 0.0593 0.0159 0.9981
vn 0.0013 0.0158 0.9999
vn 0.0072 0.0024 1.0000
vn -0.0741 0.2164 0.9735
vn -0.1570 0.1894 0.9693
vn -0.0116 0.0147 0.9998
vn 0.0003 0.0008 1.0000
vn -0.4866 0.6507 -0.5829
vn -0.6768 0.4806 -0.5577
vn -0.8178 0.5736 -0.0468
vn -0.5993 0.7985 -0.0563
vn -0.2309 0.1429 -0.9624
vn -0.1422 0.1711 -0.9749
vn -0.2941 0.1222 -0.9479
vn -0.7787 0.3553 -0.5171
vn -0.9117 0.4092 -0.0365
vn 0.0011 0.0134 -0.9999
vn 0.0061 0.0020 -1.0000
vn 0.0003 0.0006 -1.0000
vn -0.0098 0.0125 -0.9999
vn -0.0672 0.1958 -0.9783
vn -0.0104 0.2052 -0.9787
vn 0.0556 0.0473 -0.9973
vn 0.0528 0.0141 -0.9985
vn 0.2850 -0.7910 -0.5414
vn 0.4473 -0.6141 -0.6503
vn 0.6219 -0.7764 -0.1023
vn 0.3394 -0.9396 -0.0432
vn 0.3644 -0.7501 -0.5518
vn 0.4333 -0.9003 -0.0410
vn 0.0919 -0.2479 -0.9644
vn 0.1096 -0.2305 -0.9669
vn 0.1110 -0.2491 -0.9621
vn -0.2488 0.7684 -0.5896
vn -0.3046 0.9506 -0.0603
vn 0.1355 0.7336 -0.6660
vn 0.2369 0.9639 -0.1219
vn -0.9459 0.3231 -0.0302
vn -0.8303 0.2883 -0.4770
vn -0.3421 0.1109 -0.9331
vn -0.3791 0.1041 -0.9195
vn -0.8623 0.2479 -0.4415
vn -0.9617 0.2727 -0.0260
vn -0.0208 0.0128 0.9997
vn -0.0008 0.0005 1.0000
vn -0.2531 0.1573 0.9546
vn -0.3204 0.1335 0.9378
vn -0.0275 0.0115 0.9996
vn -0.0010 0.0005 1.0000
vn 0.0003 -0.0005 -1.0000
vn 0.0009 -0.0003 -1.0000
vn 0.0073 -0.0140 -0.9999
vn 0.0100 -0.0140 -0.9999
vn 0.1583 -0.2247 -0.9615
vn 0.0136 -0.0144 -0.9998
vn 0.2091 -0.2245 -0.9518
vn 0.0005 -0.0005 -1.0000
vn 0.5847 -0.8104 0.0358
vn 0.4333 -0.9004 0.0396
vn 0.3710 -0.7633 0.5289
vn 0.5099 -0.6971 0.5041
vn 0.1737 -0.2463 0.9535
vn 0.1206 -0.2533 0.9598
vn 0.2284 -0.2450 0.9422
vn 0.6089 -0.6384 0.4708
vn 0.6862 -0.7267 0.0319
vn 0.0249 -0.0152 -0.9996
vn 0.0009 -0.0005 -1.0000
vn 0.0007 -0.0005 -1.0000
vn 0.0203 -0.0149 -0.9997
vn 0.2935 -0.2183 -0.9307
vn 0.3429 -0.2118 -0.9152
vn 0.3892 -0.2060 -0.8978
vn 0.0298 -0.0156 -0.9994
vn 0.0010 -0.0005 -1.0000
vn -0.0012 0.0004 1.0000
vn -0.0334 0.0109 0.9994
vn -0.3703 0.1203 0.9211
vn -0.0385 0.0107 0.9992
vn -0.4082 0.1124 0.9060
vn -0.0014 0.0004 1.0000
vn 0.0167 -0.0147 -0.9998
vn 0.0006 -0.0005 -1.0000
vn 0.2488 -0.2229 -0.9426
vn 0.6771 -0.5896 0.4405
vn 0.7499 -0.6609 0.0284
vn 0.2706 -0.2422 0.9317
vn 0.3177 -0.2358 0.9184
vn 0.7427 -0.5328 0.4055
vn 0.8082 -0.5884 0.0248
vn -0.9814 0.1911 -0.0193
vn -0.9106 0.1820 -0.3710
vn -0.9349 0.1405 -0.3260
vn -0.9896 0.1427 -0.0159
vn -0.4656 0.0855 -0.8809
vn -0.5193 0.0686 -0.8518
vn -0.5833 0.0408 -0.8113
vn -0.9582 0.0887 -0.2719
vn -0.9964 0.0843 -0.0124
vn 0.8551 -0.5181 0.0216
vn 0.7981 -0.4769 0.3682
vn 0.3689 -0.2274 0.9012
vn 0.4160 -0.2197 0.8824
vn 0.8381 -0.4323 0.3328
vn 0.8863 -0.4627 0.0188
vn -0.8863 0.2175 -0.4088
vn -0.9719 0.2341 -0.0227
vn -0.4191 0.0968 -0.9028
vn -0.0451 0.0105 0.9989
vn -0.0017 0.0004 1.0000
vn -0.4484 0.1039 0.8878
vn -0.0541 0.0100 0.9985
vn -0.4943 0.0912 0.8645
vn -0.0020 0.0004 1.0000
vn -0.9764 0.0348 -0.2129
vn -0.9995 0.0302 -0.0093
vn -0.6352 0.0145 -0.7722
vn -0.9846 0.0101 -0.1748
vn -0.6610 0.0080 -0.7503
vn -0.9999 0.0102 -0.0078
vn -0.0025 0.0004 1.0000
vn -0.0676 0.0088 0.9977
vn -0.5466 0.0728 0.8342
vn -0.6079 0.0435 0.7928
vn -0.0909 0.0058 0.9958
vn -0.0034 0.0003 1.0000
vn 0.0352 -0.0162 -0.9993
vn 0.0012 -0.0005 -1.0000
vn 0.4315 -0.2015 -0.8793
vn 0.0417 -0.0169 -0.9990
vn 0.4752 -0.1946 -0.8581
vn 0.0015 -0.0005 -1.0000
vn 0.9075 -0.4197 0.0163
vn 0.8681 -0.3969 0.2982
vn 0.4586 -0.2137 0.8626
vn 0.5022 -0.2050 0.8401
vn 0.8970 -0.3570 0.2608
vn 0.9270 -0.3749 0.0139
vn 0.0638 -0.0175 -0.9978
vn 0.0768 -0.0172 -0.9969
vn 0.0027 -0.0005 -1.0000
vn 0.0023 -0.0005 -1.0000
vn 0.6211 -0.1371 -0.7716
vn 0.5785 -0.1596 -0.7999
vn 0.6585 -0.1125 -0.7441
vn 0.0916 -0.0161 -0.9957
vn 0.0032 -0.0005 -1.0000
vn -0.1168 0.0021 0.9931
vn -0.0044 0.0001 1.0000
vn -0.6586 0.0158 0.7524
vn -0.1272 0.0020 0.9919
vn -0.6855 0.0083 0.7280
vn -0.0048 0.0001 1.0000
vn 0.0511 -0.0173 -0.9985
vn 0.0018 -0.0005 -1.0000
vn 0.5264 -0.1800 -0.8310
vn 0.9477 -0.3191 0.0115
vn 0.9264 -0.3052 0.2206
vn 0.5531 -0.1882 0.8116
vn 0.6041 -0.1659 0.7794
vn 0.9493 -0.2538 0.1856
vn 0.9647 -0.2632 0.0094
vn -0.9876 0.0190 -0.1561
vn -0.9896 0.0111 -0.1434
vn -0.9999 0.0092 -0.0063
vn -0.9998 0.0185 -0.0069
vn -0.6831 0.0130 -0.7302
vn -0.7015 0.0058 -0.7127
vn -0.7256 -0.0051 -0.6881
vn -0.9921 -0.0044 -0.1251
vn -1.0000 -0.0065 -0.0054
vn 0.9660 -0.2053 0.1572
vn 0.9771 -0.2125 0.0079
vn 0.6460 -0.1417 0.7501
vn 0.6827 -0.1158 0.7214
vn 0.9777 -0.1613 0.1344
vn 0.9860 -0.1664 0.0066
vn -0.9864 0.0151 -0.1635
vn -0.9998 0.0159 -0.0073
vn -0.6716 0.0125 -0.7408
vn -0.1329 0.0031 0.9911
vn -0.0051 0.0002 1.0000
vn -0.6963 0.0129 0.7176
vn -0.7073 0.0136 0.7068
vn -0.1430 0.0029 0.9897
vn -0.0055 0.0002 1.0000
vn -0.0082 -0.0001 1.0000
vn -0.0072 0.0000 1.0000
vn -0.1855 -0.0018 0.9826
vn -0.2133 -0.0044 0.9770
vn -0.7486 -0.0049 0.6630
vn -0.7747 -0.0147 0.6322
vn -0.7989 -0.0224 0.6011
vn -0.2405 -0.0071 0.9706
vn -0.0093 -0.0002 1.0000
vn -0.1605 0.0011 0.9870
vn -0.0062 0.0001 1.0000
vn -0.7250 0.0064 0.6887
vn 0.1070 -0.0149 -0.9941
vn 0.0037 -0.0005 -1.0000
vn 0.6869 -0.0953 -0.7205
vn 0.7065 -0.0918 -0.7017
vn 0.1196 -0.0149 -0.9927
vn 0.0042 -0.0004 -1.0000
vn 0.9836 -0.1355 0.1187
vn 0.9904 -0.1381 0.0058
vn 0.7103 -0.0982 0.6970
vn 0.7296 -0.0947 0.6773
vn 0.9857 -0.1302 0.1070
vn 0.9913 -0.1315 0.0052
vn 0.0053 -0.0005 -1.0000
vn 0.1516 -0.0168 -0.9883
vn 0.1744 -0.0165 -0.9845
vn 0.0061 -0.0005 -1.0000
vn 0.7538 -0.0816 -0.6521
vn 0.7690 -0.0780 -0.6344
vn 0.7647 -0.1057 -0.6356
vn 0.1815 -0.0204 -0.9832
vn 0.0064 -0.0006 -1.0000
vn 0.1320 -0.0162 -0.9911
vn 0.0046 -0.0005 -1.0000
vn 0.7276 -0.0913 -0.6798
vn 0.9878 -0.1250 0.0933
vn 0.9919 -0.1269 0.0045
vn 0.7510 -0.0939 0.6536
vn 0.7772 -0.0836 0.6237
vn 0.9911 -0.1072 0.0793
vn 0.9940 -0.1094 0.0038
vn -0.9943 -0.0184 -0.1049
vn -0.9998 -0.0199 -0.0045
vn -0.7516 -0.0145 -0.6594
vn -0.7756 -0.0220 -0.6308
vn -0.9957 -0.0280 -0.0883
vn -0.9996 -0.0291 -0.0038
vn -0.9971 -0.0420 -0.0632
vn -0.9990 -0.0445 -0.0027
vn -0.9995 -0.0326 -0.0032
vn -0.9968 -0.0325 -0.0728
vn -0.8055 -0.0253 -0.5920
vn -0.8244 -0.0352 -0.5650
vn -0.8666 -0.0651 -0.4947
vn -0.9962 -0.0759 -0.0431
vn -0.9969 -0.0790 -0.0017
vn 0.9921 -0.1024 0.0724
vn 0.9947 -0.1025 0.0034
vn 0.7917 -0.0804 0.6056
vn 0.7864 -0.1096 0.6079
vn 0.9870 -0.1422 0.0744
vn 0.9901 -0.1401 0.0035
vn -0.9994 -0.0338 -0.0034
vn -0.9964 -0.0334 -0.0781
vn -0.7938 -0.0261 -0.6076
vn -0.2580 -0.0081 0.9661
vn -0.0102 -0.0002 0.9999
vn -0.8175 -0.0268 0.5754
vn -0.8291 -0.0260 0.5584
vn -0.2734 -0.0075 0.9619
vn -0.0109 -0.0002 0.9999
vn 0.1905 -0.0359 -0.9810
vn 0.2006 -0.0527 -0.9782
vn -0.0511 -0.0177 -0.9985
vn 0.0014 -0.0026 -1.0000
vn 0.8214 -0.1355 -0.5540
vn 0.7999 -0.1402 -0.5835
vn 0.8357 -0.1567 -0.5263
vn 0.1608 -0.3037 -0.9391
vn -0.4148 -0.1139 -0.9028
vn -0.3341 -0.0172 0.9424
vn -0.0140 -0.0006 0.9999
vn -0.8469 -0.0355 0.5306
vn -0.8873 -0.0659 0.4565
vn -0.4358 -0.0409 0.8991
vn -0.0281 -0.0037 0.9996
vn 0.1742 -0.0290 -0.9843
vn 0.0063 -0.0008 -1.0000
vn 0.7658 -0.1399 -0.6277
vn 0.9803 -0.1841 0.0718
vn 0.9828 -0.1848 0.0034
vn 0.7885 -0.1442 0.5980
vn 0.8234 -0.1437 0.5489
vn 0.9827 -0.1758 0.0584
vn 0.9839 -0.1786 0.0028
vn -0.9072 -0.2190 -0.3592
vn -0.9735 -0.2282 -0.0167
vn -0.9836 -0.1804 -0.0090
vn -0.9423 -0.1852 -0.2788
vn -0.9893 -0.1354 -0.0541
vn -0.9913 -0.1314 -0.0016
vn -0.9429 -0.1193 -0.3110
vn -0.7222 -0.1153 -0.6820
vn -0.5132 -0.1210 -0.8497
vn 0.9882 -0.1532 0.0022
vn 0.9875 -0.1516 0.0424
vn 0.8433 -0.1397 0.5189
vn 0.8558 -0.1625 0.4912
vn 0.9579 -0.2318 0.1691
vn 0.9793 -0.2021 0.0052
vn -0.9937 -0.1104 -0.0214
vn -0.9938 -0.1111 -0.0009
vn -0.9160 -0.0975 -0.3892
vn -0.1127 -0.0252 0.9933
vn -0.5168 -0.0665 0.8535
vn -0.9320 -0.0991 0.3485
vn -0.9542 -0.1209 0.2735
vn -0.7369 -0.1190 0.6654
vn -0.5426 -0.1283 0.8301
vn -0.0070 -0.0020 1.0000
vn -0.0763 -0.0209 0.9969
vn -0.0603 -0.0209 0.9980
vn 0.0017 -0.0031 1.0000
vn -0.4825 -0.1247 0.8670
vn -0.4450 -0.1229 0.8870
vn -0.9632 -0.2676 -0.0237
vn -0.9706 -0.2397 -0.0201
vn -0.8939 -0.2245 -0.3880
vn -0.8699 -0.2469 -0.4270
vn -0.4506 -0.1163 -0.8851
vn -0.2380 -0.0065 -0.9712
vn -0.2951 -0.0153 -0.9553
vn -0.0092 -0.0002 -1.0000
vn -0.0118 -0.0005 -0.9999
vn -0.3965 -0.0374 -0.9173
vn -0.0237 -0.0031 -0.9997
vn 0.0074 -0.0010 1.0000
vn 0.0075 -0.0007 1.0000
vn -0.4805 -0.0618 -0.8748
vn -0.0958 -0.0214 -0.9952
vn 0.0063 -0.0006 1.0000
vn 0.0072 -0.0006 1.0000
vn -0.1836 -0.0038 -0.9830
vn -0.1590 -0.0015 -0.9873
vn -0.0061 0.0000 -1.0000
vn -0.0069 -0.0001 -1.0000
vn -0.0079 -0.0002 -1.0000
vn -0.2080 -0.0062 -0.9781
vn -0.2238 -0.0070 -0.9746
vn -0.0086 -0.0002 -1.0000
vn -0.1219 0.0025 -0.9925
vn -0.1371 0.0009 -0.9906
vn -0.0047 0.0001 -1.0000
vn -0.0053 0.0001 -1.0000
vn 0.0044 -0.0005 1.0000
vn 0.0038 -0.0006 1.0000
vn 0.0049 -0.0005 1.0000
vn 0.0055 -0.0006 1.0000
vn 0.0032 -0.0006 1.0000
vn 0.0027 -0.0006 1.0000
vn -0.0993 0.0018 -0.9951
vn -0.0771 0.0049 -0.9970
vn -0.0029 0.0002 -1.0000
vn -0.0037 0.0001 -1.0000
vn -0.0041 0.0001 -1.0000
vn -0.1083 0.0017 -0.9941
vn 0.0021 -0.0006 1.0000
vn 0.0017 -0.0006 1.0000
vn -0.1131 0.0027 -0.9936
vn -0.0043 0.0001 -1.0000
vn -0.0458 0.0084 -0.9989
vn -0.0573 0.0075 -0.9983
vn -0.0021 0.0003 -1.0000
vn -0.0017 0.0003 -1.0000
vn 0.0014 -0.0006 1.0000
vn 0.0012 -0.0006 1.0000
vn 0.0008 -0.0006 1.0000
vn 0.0010 -0.0006 1.0000
vn -0.0233 0.0097 -0.9997
vn -0.0282 0.0092 -0.9996
vn -0.0009 0.0004 -1.0000
vn -0.0010 0.0004 -1.0000
vn -0.0326 0.0091 -0.9994
vn -0.0012 0.0004 -1.0000
vn 0.0007 -0.0006 1.0000
vn 0.0006 -0.0005 1.0000
vn -0.0381 0.0089 -0.9992
vn -0.0014 0.0004 -1.0000
vn -0.0176 0.0109 -0.9998
vn -0.0007 0.0004 -1.0000
vn 0.0008 0.0002 1.0000
vn 0.0004 -0.0005 1.0000
vn 0.0010 -0.0003 1.0000
vn 0.0064 0.0011 -1.0000
vn 0.0007 0.0002 -1.0000
vn 0.0063 0.0015 -1.0000
vn 0.0525 0.0129 -0.9985
vn 0.0533 0.0120 -0.9985
vn 0.0074 0.0018 1.0000
vn 0.0076 0.0012 1.0000
vn 0.0599 0.0134 0.9981
vn 0.0590 0.0145 0.9982
vn 0.5689 0.1402 0.8103
vn 0.5767 0.1306 0.8065
vn 0.9537 0.2158 0.2096
vn 0.9490 0.2338 0.2117
vn 0.9669 -0.1803 0.1806
vn 0.6666 -0.1590 0.7283
vn 0.4545 -0.6182 0.6413
vn 0.6216 -0.7771 0.0986
vn 0.0843 -0.0274 0.9961
vn 0.1219 -0.2712 0.9548
vn 0.0123 -0.0147 0.9998
vn 0.1009 -0.2715 0.9571
vn 0.0087 -0.0166 0.9998
vn 0.0104 -0.0125 -0.9999
vn 0.0755 -0.0243 -0.9969
vn 0.0118 -0.0166 0.9998
vn 0.0161 -0.0170 0.9997
vn 0.0197 -0.0173 0.9997
vn 0.0240 -0.0176 0.9996
vn 0.0294 -0.0179 0.9994
vn 0.0352 -0.0184 0.9992
vn 0.0416 -0.0191 0.9990
vn 0.0493 -0.0199 0.9986
vn 0.0604 -0.0204 0.9980
vn 0.0752 -0.0206 0.9970
vn 0.0905 -0.0203 0.9957
vn 0.1078 -0.0190 0.9940
vn 0.1403 -0.0175 0.9900
vn 0.1547 -0.0190 0.9878
vn 0.1771 -0.0196 0.9840
vn 0.1258 -0.0175 0.9919
vn 0.2030 -0.0192 0.9790
vn 0.2109 -0.0237 0.9772
vn 0.2027 -0.0337 0.9787
vn 0.2209 -0.0417 0.9744
vn 0.9793 -0.2022 -0.0054
vn 0.0159 -0.9981 -0.0601
vn 0.0107 -0.8621 -0.5067
vn 0.9541 -0.2321 -0.1891
vn 0.2288 -0.0613 0.9715
vn 0.1549 -0.3286 0.9317
vn -0.0059 -0.0017 -1.0000
vn -0.0647 -0.0177 -0.9977
vn 0.0213 -0.9998 -0.0000
vn 0.9799 -0.1997 -0.0000
vn 0.0160 -0.9982 0.0580
vn -0.9633 -0.2676 0.0229
vn -0.9639 -0.2664 -0.0000
vn 0.6582 -0.1590 -0.7359
vn 0.5667 0.1283 -0.8139
vn 0.9522 0.2155 -0.2164
vn 0.9659 -0.1798 -0.1864
vn 0.5589 0.1377 -0.8177
vn 0.5614 0.1490 -0.8140
vn 0.9436 0.2505 -0.2164
vn 0.9475 0.2334 -0.2186
vn -0.9707 -0.2397 0.0194
vn -0.9710 -0.2392 -0.0000
vn -0.9740 -0.2267 -0.0000
vn -0.9735 -0.2282 0.0161
vn -0.9938 -0.1111 -0.0000
vn -0.9938 -0.1111 0.0008
vn -0.9969 -0.0790 0.0016
vn -0.9969 -0.0792 -0.0000
vn -0.9914 -0.1308 -0.0000
vn -0.9913 -0.1314 0.0015
vn 0.9823 -0.1756 -0.0647
vn 0.9874 -0.1514 -0.0469
vn 0.9882 -0.1532 -0.0023
vn 0.9839 -0.1786 -0.0030
vn -0.9836 -0.1803 0.0086
vn -0.9842 -0.1768 -0.0000
vn 0.9863 -0.1424 -0.0828
vn 0.9797 -0.1842 -0.0798
vn 0.9901 -0.1401 -0.0036
vn 0.9828 -0.1848 -0.0036
vn -0.9996 -0.0291 0.0037
vn -0.9996 -0.0292 -0.0000
vn -0.9994 -0.0339 -0.0000
vn -0.9994 -0.0338 0.0033
vn -0.9995 -0.0326 -0.0000
vn -0.9995 -0.0326 0.0030
vn 0.9904 -0.1070 -0.0879
vn 0.9915 -0.1024 -0.0804
vn 0.9940 -0.1094 -0.0040
vn 0.9947 -0.1025 -0.0036
vn -0.9990 -0.0447 -0.0000
vn -0.9990 -0.0445 0.0026
vn -1.0000 -0.0065 0.0052
vn -1.0000 -0.0066 -0.0000
vn -0.9998 -0.0200 -0.0000
vn -0.9998 -0.0199 0.0043
vn 0.9868 -0.1248 -0.1035
vn 0.9844 -0.1300 -0.1186
vn 0.9919 -0.1269 -0.0047
vn 0.9913 -0.1315 -0.0054
vn 0.9821 -0.1352 -0.1314
vn 0.9758 -0.1607 -0.1485
vn 0.9860 -0.1664 -0.0069
vn 0.9904 -0.1381 -0.0060
vn -0.9999 0.0160 -0.0000
vn -0.9998 0.0159 0.0071
vn -0.9999 0.0102 0.0075
vn -0.9999 0.0102 -0.0000
vn -0.9998 0.0184 -0.0000
vn -0.9998 0.0185 0.0067
vn 0.9634 -0.2045 -0.1734
vn 0.9458 -0.2525 -0.2041
vn 0.9647 -0.2632 -0.0098
vn 0.9771 -0.2125 -0.0082
vn -1.0000 0.0091 -0.0000
vn -0.9999 0.0092 0.0060
vn 0.9217 -0.3034 -0.2416
vn 0.8909 -0.3543 -0.2841
vn 0.9270 -0.3749 -0.0144
vn 0.9477 -0.3190 -0.0119
vn 0.8296 -0.4278 -0.3587
vn 0.8607 -0.3934 -0.3232
vn 0.8863 -0.4627 -0.0195
vn 0.9075 -0.4197 -0.0169
vn -0.9965 0.0835 -0.0000
vn -0.9996 0.0297 -0.0000
vn -0.9995 0.0302 0.0090
vn -0.9964 0.0843 0.0119
vn -0.9618 0.2727 0.0251
vn -0.9622 0.2722 -0.0000
vn -0.9723 0.2335 -0.0000
vn -0.9720 0.2341 0.0218
vn -0.9817 0.1904 -0.0000
vn -0.9814 0.1910 0.0186
vn 0.7329 -0.5257 -0.4319
vn 0.7888 -0.4712 -0.3946
vn 0.8082 -0.5884 -0.0258
vn 0.8551 -0.5181 -0.0224
vn -0.9899 0.1420 -0.0000
vn -0.9897 0.1427 0.0153
vn 0.5994 -0.6286 -0.4956
vn 0.6671 -0.5810 -0.4662
vn 0.6862 -0.7267 -0.0331
vn 0.7499 -0.6609 -0.0294
vn 0.5012 -0.6855 -0.5282
vn 0.5847 -0.8104 -0.0371
vn -0.9467 0.3222 -0.0000
vn -0.9459 0.3231 0.0291
vn -0.9118 0.4092 0.0352
vn -0.9131 0.4078 -0.0000
vn -0.3078 0.9515 -0.0000
vn -0.6025 0.7981 -0.0000
vn -0.5994 0.7986 0.0543
vn -0.3047 0.9507 0.0582
vn 0.2135 0.9770 -0.0000
vn 0.3398 -0.9405 -0.0000
vn 0.6054 -0.7959 -0.0000
vn 0.3395 -0.9397 0.0417
vn 0.4331 -0.9014 -0.0000
vn -0.8207 0.5714 -0.0000
vn -0.8180 0.5735 0.0451
vn 0.5272 0.4014 -0.7490
vn 0.8025 0.5651 -0.1916
vn -0.6863 0.4884 0.5390
vn -0.4927 0.6602 0.5669
vn -0.7905 0.3611 0.4948
vn 0.2896 -0.8037 0.5198
vn -0.2519 0.7795 0.5736
vn -0.8424 0.2928 0.4524
vn -0.8741 0.2514 0.4156
vn -0.9205 0.1840 0.3447
vn -0.9433 0.1417 0.3003
vn -0.9646 0.0891 0.2483
vn -0.8973 0.2203 0.3825
vn -0.9806 0.0347 0.1929
vn -0.9874 0.0102 0.1580
vn -0.9898 0.0190 0.1409
vn -0.9916 0.0110 0.1291
vn -0.9936 -0.0045 0.1124
vn -0.9889 0.0152 0.1477
vn -0.9954 -0.0185 0.0942
vn -0.9965 -0.0280 0.0793
vn -0.9975 -0.0422 0.0566
vn -0.9973 -0.0325 0.0654
vn -0.9964 -0.0761 0.0384
vn -0.9970 -0.0334 0.0701
vn -0.9489 -0.1867 0.2544
vn -0.9166 -0.2214 0.3330
vn -0.9896 -0.1354 0.0483
vn -0.9937 -0.1104 0.0193
vn -0.8810 -0.2504 0.4013
vn -0.9043 -0.2272 0.3616
vn 0.0100 -0.8688 0.4951
vn 0.9798 -0.2001 -0.0000
vn 0.9754 0.2205 -0.0000
vn 0.9710 0.2392 -0.0000
vn 0.9665 0.2567 -0.0000
vn 0.9839 -0.1788 -0.0000
vn 0.9882 -0.1534 -0.0000
vn 0.9828 -0.1849 -0.0000
vn 0.9902 -0.1400 -0.0000
vn 0.9947 -0.1025 -0.0000
vn 0.9940 -0.1095 -0.0000
vn 0.9913 -0.1315 -0.0000
vn 0.9919 -0.1271 -0.0000
vn 0.9860 -0.1666 -0.0000
vn 0.9904 -0.1382 -0.0000
vn 0.9646 -0.2636 -0.0000
vn 0.9771 -0.2129 -0.0000
vn 0.9269 -0.3754 -0.0000
vn 0.9476 -0.3196 -0.0000
vn 0.8862 -0.4632 -0.0000
vn 0.9074 -0.4202 -0.0000
vn 0.8549 -0.5187 -0.0000
vn 0.8080 -0.5892 -0.0000
vn 0.6860 -0.7276 -0.0000
vn 0.7497 -0.6617 -0.0000
vn 0.5844 -0.8115 -0.0000
vn 0.8102 0.5862 -0.0000
vn 0.2096 0.2509 -0.9450
vn 0.1856 0.5659 -0.8033
vn 0.7413 0.4055 -0.5349
vn 0.8066 0.1516 -0.5713
vn 0.6577 0.7401 -0.1401
vn 0.1177 0.9645 -0.2363
vn 0.9741 0.2260 0.0108
vn 0.9967 0.0531 -0.0620
vn 0.9981 0.0159 -0.0593
vn 0.9999 0.0158 -0.0013
vn 1.0000 0.0024 -0.0072
vn 0.9735 0.2164 0.0741
vn 0.9693 0.1894 0.1570
vn 0.9998 0.0147 0.0116
vn 1.0000 0.0008 -0.0003
vn -0.5829 0.6507 0.4866
vn -0.5577 0.4806 0.6768
vn -0.0468 0.5736 0.8178
vn -0.0563 0.7985 0.5993
vn -0.9624 0.1429 0.2309
vn -0.9749 0.1711 0.1422
vn -0.9479 0.1222 0.2941
vn -0.5171 0.3553 0.7787
vn -0.0365 0.4092 0.9117
vn -0.9999 0.0134 -0.0011
vn -1.0000 0.0020 -0.0061
vn -1.0000 0.0006 -0.0003
vn -0.9999 0.0125 0.0098
vn -0.9783 0.1958 0.0672
vn -0.9787 0.2053 0.0104
vn -0.9973 0.0473 -0.0556
vn -0.9985 0.0141 -0.0528
vn -0.5414 -0.7910 -0.2850
vn -0.6503 -0.6141 -0.4473
vn -0.1023 -0.7764 -0.6219
vn -0.0432 -0.9396 -0.3394
vn -0.5518 -0.7501 -0.3644
vn -0.0410 -0.9003 -0.4333
vn -0.9644 -0.2479 -0.0919
vn -0.9669 -0.2305 -0.1096
vn -0.9621 -0.2491 -0.1110
vn -0.5896 0.7684 0.2488
vn -0.0603 0.9506 0.3046
vn -0.6660 0.7336 -0.1355
vn -0.1219 0.9639 -0.2369
vn -0.0302 0.3231 0.9459
vn -0.4770 0.2883 0.8303
vn -0.9331 0.1109 0.3421
vn -0.9195 0.1041 0.3791
vn -0.4415 0.2479 0.8623
vn -0.0260 0.2727 0.9617
vn 0.9997 0.0128 0.0208
vn 1.0000 0.0005 0.0008
vn 0.9546 0.1573 0.2531
vn 0.9378 0.1335 0.3204
vn 0.9996 0.0115 0.0275
vn 1.0000 0.0005 0.0010
vn -1.0000 -0.0005 -0.0003
vn -1.0000 -0.0003 -0.0009
vn -0.9999 -0.0140 -0.0073
vn -0.9999 -0.0140 -0.0100
vn -0.9615 -0.2247 -0.1583
vn -0.9998 -0.0144 -0.0136
vn -0.9518 -0.2245 -0.2091
vn -1.0000 -0.0005 -0.0005
vn 0.0357 -0.8104 -0.5847
vn 0.0396 -0.9004 -0.4333
vn 0.5289 -0.7633 -0.3710
vn 0.5041 -0.6971 -0.5099
vn 0.9535 -0.2463 -0.1737
vn 0.9598 -0.2533 -0.1206
vn 0.9422 -0.2450 -0.2284
vn 0.4708 -0.6384 -0.6089
vn 0.0319 -0.7267 -0.6862
vn -0.9996 -0.0152 -0.0249
vn -1.0000 -0.0005 -0.0009
vn -1.0000 -0.0005 -0.0007
vn -0.9997 -0.0149 -0.0203
vn -0.9307 -0.2183 -0.2935
vn -0.9152 -0.2118 -0.3429
vn -0.8978 -0.2060 -0.3892
vn -0.9994 -0.0156 -0.0298
vn -1.0000 -0.0005 -0.0010
vn 1.0000 0.0004 0.0012
vn 0.9994 0.0109 0.0334
vn 0.9211 0.1203 0.3703
vn 0.9992 0.0107 0.0385
vn 0.9060 0.1124 0.4082
vn 1.0000 0.0004 0.0014
vn -0.9998 -0.0147 -0.0167
vn -1.0000 -0.0005 -0.0006
vn -0.9426 -0.2229 -0.2488
vn 0.4405 -0.5896 -0.6771
vn 0.0284 -0.6609 -0.7499
vn 0.9317 -0.2422 -0.2706
vn 0.9184 -0.2358 -0.3177
vn 0.4055 -0.5328 -0.7427
vn 0.0248 -0.5884 -0.8082
vn -0.0193 0.1911 0.9814
vn -0.3710 0.1820 0.9106
vn -0.3260 0.1405 0.9349
vn -0.0159 0.1427 0.9896
vn -0.8809 0.0855 0.4656
vn -0.8518 0.0686 0.5193
vn -0.8113 0.0408 0.5833
vn -0.2719 0.0887 0.9582
vn -0.0124 0.0843 0.9964
vn 0.0216 -0.5181 -0.8551
vn 0.3682 -0.4769 -0.7981
vn 0.9012 -0.2274 -0.3689
vn 0.8824 -0.2197 -0.4160
vn 0.3328 -0.4323 -0.8381
vn 0.0188 -0.4627 -0.8863
vn -0.4088 0.2175 0.8863
vn -0.0227 0.2341 0.9719
vn -0.9028 0.0968 0.4191
vn 0.9989 0.0105 0.0451
vn 1.0000 0.0004 0.0017
vn 0.8878 0.1039 0.4484
vn 0.9985 0.0100 0.0541
vn 0.8645 0.0912 0.4943
vn 1.0000 0.0004 0.0020
vn -0.2129 0.0348 0.9765
vn -0.0093 0.0302 0.9995
vn -0.7722 0.0145 0.6352
vn -0.1748 0.0102 0.9846
vn -0.7503 0.0080 0.6610
vn -0.0078 0.0102 0.9999
vn 1.0000 0.0004 0.0025
vn 0.9977 0.0088 0.0676
vn 0.8342 0.0728 0.5466
vn 0.7928 0.0435 0.6079
vn 0.9958 0.0058 0.0909
vn 1.0000 0.0003 0.0034
vn -0.9993 -0.0162 -0.0352
vn -1.0000 -0.0005 -0.0012
vn -0.8793 -0.2015 -0.4315
vn -0.9990 -0.0169 -0.0417
vn -0.8581 -0.1946 -0.4752
vn -1.0000 -0.0005 -0.0015
vn 0.0163 -0.4197 -0.9075
vn 0.2982 -0.3969 -0.8681
vn 0.8626 -0.2137 -0.4586
vn 0.8401 -0.2050 -0.5022
vn 0.2608 -0.3570 -0.8970
vn 0.0139 -0.3749 -0.9270
vn -0.9978 -0.0175 -0.0638
vn -0.9969 -0.0172 -0.0768
vn -1.0000 -0.0005 -0.0027
vn -1.0000 -0.0005 -0.0023
vn -0.7716 -0.1371 -0.6211
vn -0.7999 -0.1596 -0.5785
vn -0.7441 -0.1125 -0.6585
vn -0.9957 -0.0161 -0.0916
vn -1.0000 -0.0005 -0.0032
vn 0.9931 0.0021 0.1168
vn 1.0000 0.0001 0.0044
vn 0.7524 0.0158 0.6586
vn 0.9919 0.0020 0.1272
vn 0.7280 0.0083 0.6855
vn 1.0000 0.0001 0.0048
vn -0.9985 -0.0173 -0.0511
vn -1.0000 -0.0005 -0.0018
vn -0.8310 -0.1800 -0.5264
vn 0.0115 -0.3191 -0.9477
vn 0.2206 -0.3052 -0.9264
vn 0.8116 -0.1882 -0.5531
vn 0.7795 -0.1659 -0.6041
vn 0.1856 -0.2538 -0.9493
vn 0.0094 -0.2632 -0.9647
vn -0.1561 0.0190 0.9876
vn -0.1434 0.0111 0.9896
vn -0.0063 0.0092 0.9999
vn -0.0069 0.0185 0.9998
vn -0.7302 0.0130 0.6831
vn -0.7127 0.0058 0.7015
vn -0.6881 -0.0051 0.7256
vn -0.1251 -0.0044 0.9921
vn -0.0054 -0.0065 1.0000
vn 0.1572 -0.2053 -0.9660
vn 0.0079 -0.2125 -0.9771
vn 0.7501 -0.1417 -0.6460
vn 0.7214 -0.1158 -0.6827
vn 0.1344 -0.1613 -0.9777
vn 0.0066 -0.1664 -0.9860
vn -0.1635 0.0151 0.9864
vn -0.0073 0.0159 0.9998
vn -0.7408 0.0125 0.6716
vn 0.9911 0.0031 0.1329
vn 1.0000 0.0002 0.0051
vn 0.7176 0.0129 0.6963
vn 0.7068 0.0136 0.7073
vn 0.9897 0.0029 0.1430
vn 1.0000 0.0002 0.0055
vn 1.0000 -0.0001 0.0082
vn 1.0000 0.0000 0.0072
vn 0.9826 -0.0018 0.1855
vn 0.9770 -0.0044 0.2133
vn 0.6630 -0.0049 0.7486
vn 0.6322 -0.0147 0.7747
vn 0.6011 -0.0224 0.7989
vn 0.9706 -0.0071 0.2405
vn 1.0000 -0.0002 0.0093
vn 0.9870 0.0011 0.1605
vn 1.0000 0.0001 0.0062
vn 0.6887 0.0064 0.7250
vn -0.9941 -0.0149 -0.1070
vn -1.0000 -0.0005 -0.0037
vn -0.7205 -0.0953 -0.6869
vn -0.7017 -0.0918 -0.7065
vn -0.9927 -0.0149 -0.1196
vn -1.0000 -0.0004 -0.0042
vn 0.1187 -0.1355 -0.9836
vn 0.0058 -0.1381 -0.9904
vn 0.6970 -0.0982 -0.7103
vn 0.6773 -0.0947 -0.7296
vn 0.1070 -0.1302 -0.9857
vn 0.0052 -0.1315 -0.9913
vn -1.0000 -0.0005 -0.0053
vn -0.9883 -0.0168 -0.1516
vn -0.9845 -0.0165 -0.1744
vn -1.0000 -0.0005 -0.0061
vn -0.6521 -0.0816 -0.7538
vn -0.6344 -0.0780 -0.7690
vn -0.6356 -0.1057 -0.7647
vn -0.9832 -0.0204 -0.1815
vn -1.0000 -0.0006 -0.0064
vn -0.9911 -0.0162 -0.1320
vn -1.0000 -0.0005 -0.0046
vn -0.6798 -0.0913 -0.7276
vn 0.0933 -0.1250 -0.9878
vn 0.0045 -0.1269 -0.9919
vn 0.6536 -0.0939 -0.7510
vn 0.6237 -0.0836 -0.7772
vn 0.0793 -0.1072 -0.9911
vn 0.0038 -0.1094 -0.9940
vn -0.1049 -0.0184 0.9943
vn -0.0045 -0.0199 0.9998
vn -0.6594 -0.0145 0.7516
vn -0.6308 -0.0220 0.7756
vn -0.0884 -0.0280 0.9957
vn -0.0038 -0.0291 0.9996
vn -0.0632 -0.0420 0.9971
vn -0.0027 -0.0445 0.9990
vn -0.0032 -0.0326 0.9995
vn -0.0728 -0.0325 0.9968
vn -0.5920 -0.0253 0.8055
vn -0.5650 -0.0352 0.8244
vn -0.4947 -0.0651 0.8666
vn -0.0431 -0.0759 0.9962
vn -0.0017 -0.0790 0.9969
vn 0.0724 -0.1024 -0.9921
vn 0.0034 -0.1025 -0.9947
vn 0.6056 -0.0804 -0.7917
vn 0.6079 -0.1096 -0.7864
vn 0.0744 -0.1422 -0.9870
vn 0.0035 -0.1401 -0.9901
vn -0.0034 -0.0338 0.9994
vn -0.0781 -0.0334 0.9964
vn -0.6076 -0.0261 0.7938
vn 0.9661 -0.0081 0.2580
vn 0.9999 -0.0002 0.0102
vn 0.5754 -0.0268 0.8175
vn 0.5584 -0.0260 0.8291
vn 0.9619 -0.0075 0.2734
vn 0.9999 -0.0002 0.0109
vn -0.9810 -0.0359 -0.1905
vn -0.9782 -0.0527 -0.2006
vn -0.9985 -0.0177 0.0511
vn -1.0000 -0.0026 -0.0014
vn -0.5540 -0.1355 -0.8214
vn -0.5835 -0.1402 -0.7999
vn -0.5263 -0.1567 -0.8357
vn -0.9391 -0.3037 -0.1608
vn -0.9028 -0.1139 0.4148
vn 0.9424 -0.0172 0.3341
vn 0.9999 -0.0006 0.0140
vn 0.5306 -0.0355 0.8469
vn 0.4565 -0.0659 0.8873
vn 0.8991 -0.0409 0.4358
vn 0.9996 -0.0037 0.0281
vn -0.9843 -0.0290 -0.1742
vn -1.0000 -0.0008 -0.0063
vn -0.6277 -0.1399 -0.7658
vn 0.0718 -0.1841 -0.9803
vn 0.0034 -0.1848 -0.9828
vn 0.5980 -0.1442 -0.7885
vn 0.5489 -0.1437 -0.8235
vn 0.0584 -0.1758 -0.9827
vn 0.0028 -0.1786 -0.9839
vn -0.3592 -0.2190 0.9072
vn -0.0167 -0.2282 0.9735
vn -0.0090 -0.1804 0.9836
vn -0.2788 -0.1852 0.9423
vn -0.0541 -0.1354 0.9893
vn -0.0016 -0.1314 0.9913
vn -0.3110 -0.1193 0.9429
vn -0.6820 -0.1153 0.7222
vn -0.8497 -0.1210 0.5132
vn 0.0022 -0.1532 -0.9882
vn 0.0424 -0.1516 -0.9875
vn 0.5189 -0.1397 -0.8433
vn 0.4912 -0.1625 -0.8558
vn 0.1691 -0.2318 -0.9579
vn 0.0052 -0.2021 -0.9793
vn -0.0214 -0.1104 0.9937
vn -0.0009 -0.1111 0.9938
vn -0.3892 -0.0975 0.9160
vn 0.9933 -0.0252 0.1127
vn 0.8535 -0.0665 0.5168
vn 0.3485 -0.0991 0.9320
vn 0.2735 -0.1209 0.9542
vn 0.6654 -0.1190 0.7369
vn 0.8301 -0.1283 0.5426
vn 1.0000 -0.0020 0.0070
vn 0.9969 -0.0209 0.0763
vn 0.9980 -0.0209 0.0603
vn 1.0000 -0.0031 -0.0017
vn 0.8670 -0.1247 0.4825
vn 0.8870 -0.1229 0.4450
vn -0.0237 -0.2676 0.9632
vn -0.0201 -0.2397 0.9706
vn -0.3880 -0.2245 0.8939
vn -0.4270 -0.2469 0.8699
vn -0.8851 -0.1163 0.4505
vn -0.9712 -0.0065 0.2380
vn -0.9554 -0.0153 0.2951
vn -1.0000 -0.0002 0.0092
vn -0.9999 -0.0005 0.0118
vn -0.9173 -0.0374 0.3965
vn -0.9997 -0.0031 0.0237
vn 1.0000 -0.0010 -0.0074
vn 1.0000 -0.0007 -0.0075
vn -0.8748 -0.0618 0.4805
vn -0.9952 -0.0214 0.0958
vn 1.0000 -0.0006 -0.0063
vn 1.0000 -0.0006 -0.0072
vn -0.9830 -0.0038 0.1836
vn -0.9873 -0.0015 0.1590
vn -1.0000 0.0000 0.0061
vn -1.0000 -0.0001 0.0069
vn -1.0000 -0.0002 0.0079
vn -0.9781 -0.0062 0.2080
vn -0.9746 -0.0070 0.2238
vn -1.0000 -0.0002 0.0086
vn -0.9925 0.0025 0.1219
vn -0.9906 0.0009 0.1371
vn -1.0000 0.0001 0.0047
vn -1.0000 0.0001 0.0053
vn 1.0000 -0.0005 -0.0044
vn 1.0000 -0.0006 -0.0038
vn 1.0000 -0.0005 -0.0049
vn 1.0000 -0.0006 -0.0055
vn 1.0000 -0.0006 -0.0032
vn 1.0000 -0.0006 -0.0027
vn -0.9951 0.0018 0.0993
vn -0.9970 0.0049 0.0771
vn -1.0000 0.0002 0.0029
vn -1.0000 0.0001 0.0037
vn -1.0000 0.0001 0.0041
vn -0.9941 0.0017 0.1083
vn 1.0000 -0.0006 -0.0021
vn 1.0000 -0.0006 -0.0017
vn -0.9936 0.0027 0.1131
vn -1.0000 0.0001 0.0043
vn -0.9989 0.0084 0.0458
vn -0.9983 0.0075 0.0573
vn -1.0000 0.0003 0.0021
vn -1.0000 0.0003 0.0017
vn 1.0000 -0.0006 -0.0014
vn 1.0000 -0.0006 -0.0012
vn 1.0000 -0.0006 -0.0008
vn 1.0000 -0.0006 -0.0010
vn -0.9997 0.0097 0.0233
vn -0.9996 0.0092 0.0282
vn -1.0000 0.0004 0.0009
vn -1.0000 0.0004 0.0010
vn -0.9994 0.0091 0.0326
vn -1.0000 0.0004 0.0012
vn 1.0000 -0.0006 -0.0007
vn 1.0000 -0.0005 -0.0006
vn -0.9992 0.0089 0.0381
vn -1.0000 0.0004 0.0014
vn -0.9998 0.0109 0.0176
vn -1.0000 0.0004 0.0007
vn 1.0000 0.0002 -0.0008
vn 1.0000 -0.0005 -0.0004
vn 1.0000 -0.0003 -0.0010
vn -1.0000 0.0011 -0.0064
vn -1.0000 0.0002 -0.0007
vn -1.0000 0.0015 -0.0063
vn -0.9985 0.0129 -0.0525
vn -0.9985 0.0120 -0.0533
vn 1.0000 0.0018 -0.0074
vn 1.0000 0.0012 -0.0076
vn 0.9981 0.0134 -0.0599
vn 0.9982 0.0145 -0.0590
vn 0.8103 0.1402 -0.5689
vn 0.8065 0.1306 -0.5767
vn 0.2096 0.2158 -0.9537
vn 0.2117 0.2338 -0.9490
vn 0.1806 -0.1803 -0.9669
vn 0.7283 -0.1590 -0.6666
vn 0.6413 -0.6182 -0.4545
vn 0.0986 -0.7771 -0.6216
vn 0.9961 -0.0274 -0.0843
vn 0.9548 -0.2712 -0.1219
vn 0.9998 -0.0147 -0.0123
vn 0.9571 -0.2715 -0.1009
vn 0.9998 -0.0166 -0.0087
vn -0.9999 -0.0125 -0.0104
vn -0.9969 -0.0243 -0.0755
vn 0.9998 -0.0166 -0.0118
vn 0.9997 -0.0170 -0.0161
vn 0.9997 -0.0173 -0.0197
vn 0.9996 -0.0176 -0.0240
vn 0.9994 -0.0179 -0.0294
vn 0.9992 -0.0184 -0.0352
vn 0.9990 -0.0191 -0.0416
vn 0.9986 -0.0199 -0.0493
vn 0.9980 -0.0204 -0.0604
vn 0.9970 -0.0206 -0.0752
vn 0.9957 -0.0203 -0.0905
vn 0.9940 -0.0190 -0.1078
vn 0.9900 -0.0175 -0.1403
vn 0.9878 -0.0190 -0.1547
vn 0.9840 -0.0196 -0.1771
vn 0.9919 -0.0175 -0.1258
vn 0.9790 -0.0192 -0.2030
vn 0.9772 -0.0237 -0.2109
vn 0.9787 -0.0337 -0.2027
vn 0.9744 -0.0417 -0.2209
vn -0.0054 -0.2022 -0.9793
vn -0.0601 -0.9981 -0.0158
vn -0.5067 -0.8621 -0.0107
vn -0.1891 -0.2321 -0.9541
vn 0.9715 -0.0613 -0.2288
vn 0.9317 -0.3286 -0.1549
vn -1.0000 -0.0017 0.0059
vn -0.9977 -0.0177 0.0647
vn 0.0000 -0.9998 -0.0213
vn 0.0000 -0.1997 -0.9799
vn 0.0580 -0.9982 -0.0160
vn 0.0229 -0.2676 0.9633
vn 0.0000 -0.2664 0.9639
vn -0.7359 -0.1590 -0.6582
vn -0.8139 0.1283 -0.5667
vn -0.2164 0.2155 -0.9522
vn -0.1864 -0.1798 -0.9659
vn -0.8177 0.1377 -0.5589
vn -0.8140 0.1490 -0.5614
vn -0.2164 0.2505 -0.9436
vn -0.2186 0.2334 -0.9475
vn 0.0194 -0.2397 0.9707
vn 0.0000 -0.2392 0.9710
vn 0.0000 -0.2267 0.9740
vn 0.0161 -0.2282 0.9735
vn 0.0000 -0.1111 0.9938
vn 0.0008 -0.1111 0.9938
vn 0.0016 -0.0790 0.9969
vn 0.0000 -0.0792 0.9969
vn 0.0000 -0.1308 0.9914
vn 0.0015 -0.1314 0.9913
vn -0.0647 -0.1756 -0.9823
vn -0.0469 -0.1514 -0.9874
vn -0.0023 -0.1532 -0.9882
vn -0.0030 -0.1786 -0.9839
vn 0.0086 -0.1803 0.9836
vn 0.0000 -0.1768 0.9842
vn -0.0828 -0.1424 -0.9863
vn -0.0798 -0.1842 -0.9797
vn -0.0036 -0.1401 -0.9901
vn -0.0036 -0.1848 -0.9828
vn 0.0037 -0.0291 0.9996
vn 0.0000 -0.0292 0.9996
vn 0.0000 -0.0339 0.9994
vn 0.0033 -0.0338 0.9994
vn 0.0000 -0.0326 0.9995
vn 0.0030 -0.0326 0.9995
vn -0.0879 -0.1070 -0.9904
vn -0.0804 -0.1024 -0.9915
vn -0.0040 -0.1094 -0.9940
vn -0.0036 -0.1025 -0.9947
vn 0.0000 -0.0447 0.9990
vn 0.0026 -0.0445 0.9990
vn 0.0052 -0.0065 1.0000
vn 0.0000 -0.0066 1.0000
vn 0.0000 -0.0200 0.9998
vn 0.0043 -0.0199 0.9998
vn -0.1035 -0.1248 -0.9868
vn -0.1186 -0.1300 -0.9844
vn -0.0047 -0.1269 -0.9919
vn -0.0054 -0.1315 -0.9913
vn -0.1314 -0.1352 -0.9821
vn -0.1485 -0.1607 -0.9758
vn -0.0069 -0.1664 -0.9860
vn -0.0060 -0.1381 -0.9904
vn 0.0000 0.0160 0.9999
vn 0.0071 0.0159 0.9998
vn 0.0075 0.0102 0.9999
vn 0.0000 0.0102 0.9999
vn 0.0000 0.0184 0.9998
vn 0.0067 0.0185 0.9998
vn -0.1734 -0.2045 -0.9634
vn -0.2041 -0.2525 -0.9458
vn -0.0098 -0.2632 -0.9647
vn -0.0081 -0.2125 -0.9771
vn 0.0000 0.0091 1.0000
vn 0.0060 0.0092 0.9999
vn -0.2416 -0.3034 -0.9217
vn -0.2841 -0.3543 -0.8909
vn -0.0144 -0.3749 -0.9270
vn -0.0119 -0.3190 -0.9477
vn -0.3587 -0.4278 -0.8296
vn -0.3232 -0.3934 -0.8607
vn -0.0195 -0.4627 -0.8863
vn -0.0169 -0.4197 -0.9075
vn 0.0000 0.0835 0.9965
vn 0.0000 0.0297 0.9996
vn 0.0090 0.0302 0.9995
vn 0.0119 0.0843 0.9964
vn 0.0251 0.2727 0.9618
vn 0.0000 0.2722 0.9622
vn 0.0000 0.2335 0.9723
vn 0.0218 0.2341 0.9720
vn 0.0000 0.1904 0.9817
vn 0.0186 0.1910 0.9814
vn -0.4319 -0.5257 -0.7329
vn -0.3946 -0.4712 -0.7888
vn -0.0258 -0.5884 -0.8082
vn -0.0224 -0.5181 -0.8551
vn 0.0000 0.1420 0.9899
vn 0.0153 0.1427 0.9897
vn -0.4956 -0.6286 -0.5994
vn -0.4662 -0.5810 -0.6671
vn -0.0331 -0.7267 -0.6862
vn -0.0294 -0.6609 -0.7499
vn -0.5282 -0.6855 -0.5012
vn -0.0371 -0.8104 -0.5847
vn 0.0000 0.3222 0.9467
vn 0.0291 0.3231 0.9459
vn 0.0352 0.4092 0.9118
vn 0.0000 0.4078 0.9131
vn 0.0000 0.9515 0.3078
vn 0.0000 0.7981 0.6025
vn 0.0543 0.7986 0.5994
vn 0.0582 0.9507 0.3047
vn 0.0000 0.9770 -0.2135
vn 0.0000 -0.9405 -0.3398
vn 0.0000 -0.7959 -0.6054
vn 0.0417 -0.9397 -0.3395
vn 0.0000 -0.9014 -0.4331
vn 0.0000 0.5714 0.8207
vn 0.0451 0.5735 0.8180
vn -0.7490 0.4014 -0.5272
vn -0.1915 0.5651 -0.8025
vn 0.5390 0.4884 0.6863
vn 0.5669 0.6602 0.4927
vn 0.4948 0.3611 0.7905
vn 0.5198 -0.8037 -0.2896
vn 0.5736 0.7795 0.2519
vn 0.4524 0.2928 0.8424
vn 0.4156 0.2514 0.8741
vn 0.3447 0.1840 0.9205
vn 0.3003 0.1417 0.9433
vn 0.2483 0.0891 0.9646
vn 0.3825 0.2203 0.8973
vn 0.1929 0.0347 0.9806
vn 0.1580 0.0102 0.9874
vn 0.1409 0.0190 0.9898
vn 0.1292 0.0110 0.9916
vn 0.1124 -0.0045 0.9936
vn 0.1477 0.0152 0.9889
vn 0.0942 -0.0185 0.9954
vn 0.0793 -0.0280 0.9965
vn 0.0566 -0.0422 0.9975
vn 0.0654 -0.0325 0.9973
vn 0.0384 -0.0761 0.9964
vn 0.0701 -0.0334 0.9970
vn 0.3330 -0.2214 0.9166
vn 0.2544 -0.1867 0.9489
vn 0.0483 -0.1353 0.9896
vn 0.0193 -0.1104 0.9937
vn 0.4013 -0.2504 0.8810
vn 0.3616 -0.2272 0.9043
vn 0.4951 -0.8688 -0.0100
vn 0.0000 -0.2001 -0.9798
vn 0.0000 0.2205 -0.9754
vn 0.0000 0.2392 -0.9710
vn 0.0000 0.2567 -0.9665
vn 0.0000 -0.1788 -0.9839
vn 0.0000 -0.1534 -0.9882
vn 0.0000 -0.1849 -0.9828
vn 0.0000 -0.1400 -0.9902
vn 0.0000 -0.1025 -0.9947
vn 0.0000 -0.1095 -0.9940
vn 0.0000 -0.1315 -0.9913
vn 0.0000 -0.1271 -0.9919
vn 0.0000 -0.1666 -0.9860
vn 0.0000 -0.1382 -0.9904
vn 0.0000 -0.2129 -0.9771
vn 0.0000 -0.2636 -0.9646
vn 0.0000 -0.3754 -0.9269
vn 0.0000 -0.3196 -0.9476
vn 0.0000 -0.4632 -0.8862
vn 0.0000 -0.4202 -0.9074
vn 0.0000 -0.5187 -0.8549
vn 0.0000 -0.5892 -0.8080
vn 0.0000 -0.7276 -0.6860
vn 0.0000 -0.6617 -0.7497
vn 0.0000 -0.8115 -0.5844
vn 0.0000 0.5862 -0.8102
# 2452 vertex normals

vt 0.7694 0.9401 0.0000
vt 0.7878 0.9398 0.0000
vt 0.7878 0.9414 0.0000
vt 0.7695 0.9417 0.0000
vt 0.2262 0.9400 0.0000
vt 0.2332 0.9399 0.0000
vt 0.2335 0.9414 0.0000
vt 0.2267 0.9416 0.0000
vt 0.5416 0.4448 0.0000
vt 0.5478 0.4418 0.0000
vt 0.5496 0.4433 0.0000
vt 0.5458 0.4466 0.0000
vt 0.5385 0.4635 0.0000
vt 0.5341 0.4618 0.0000
vt 0.5556 0.4510 0.0000
vt 0.5487 0.4680 0.0000
vt 0.5577 0.4464 0.0000
vt 0.5689 0.4541 0.0000
vt 0.5670 0.4589 0.0000
vt 0.5603 0.4756 0.0000
vt 0.2582 0.9348 0.0000
vt 0.2583 0.9334 0.0000
vt 0.2723 0.9335 0.0000
vt 0.2722 0.9349 0.0000
vt 0.7570 0.4170 0.0000
vt 0.7575 0.4182 0.0000
vt 0.7496 0.4297 0.0000
vt 0.7491 0.4285 0.0000
vt 0.7617 0.4039 0.0000
vt 0.7623 0.4050 0.0000
vt 0.2865 0.9336 0.0000
vt 0.2863 0.9350 0.0000
vt 0.7358 0.4316 0.0000
vt 0.7289 0.4145 0.0000
vt 0.7405 0.4069 0.0000
vt 0.7472 0.4237 0.0000
vt 0.7379 0.4362 0.0000
vt 0.7297 0.4392 0.0000
vt 0.7260 0.4359 0.0000
vt 0.7188 0.4190 0.0000
vt 0.6633 0.9358 0.0000
vt 0.6632 0.9344 0.0000
vt 0.6739 0.9344 0.0000
vt 0.6743 0.9358 0.0000
vt 0.6495 0.9344 0.0000
vt 0.6495 0.9359 0.0000
vt 0.6946 0.3256 0.0000
vt 0.7066 0.3192 0.0000
vt 0.7070 0.3201 0.0000
vt 0.6952 0.3264 0.0000
vt 0.6873 0.3302 0.0000
vt 0.6851 0.3305 0.0000
vt 0.2444 0.9332 0.0000
vt 0.2443 0.9346 0.0000
vt 0.2332 0.9346 0.0000
vt 0.2336 0.9332 0.0000
vt 0.7382 0.4375 0.0000
vt 0.7279 0.4407 0.0000
vt 0.3001 0.9337 0.0000
vt 0.2999 0.9351 0.0000
vt 0.7654 0.3920 0.0000
vt 0.7648 0.3909 0.0000
vt 0.7671 0.3781 0.0000
vt 0.7676 0.3790 0.0000
vt 0.3133 0.9338 0.0000
vt 0.3132 0.9352 0.0000
vt 0.5749 0.4701 0.0000
vt 0.5685 0.4863 0.0000
vt 0.5767 0.4656 0.0000
vt 0.5814 0.4786 0.0000
vt 0.5797 0.4830 0.0000
vt 0.5738 0.4983 0.0000
vt 0.7146 0.3399 0.0000
vt 0.7085 0.3239 0.0000
vt 0.7180 0.3162 0.0000
vt 0.7239 0.3317 0.0000
vt 0.7166 0.3125 0.0000
vt 0.7237 0.3047 0.0000
vt 0.7250 0.3082 0.0000
vt 0.7306 0.3229 0.0000
vt 0.6373 0.9429 0.0000
vt 0.6372 0.9414 0.0000
vt 0.6495 0.9414 0.0000
vt 0.6495 0.9428 0.0000
vt 0.5358 0.5709 0.0000
vt 0.5262 0.5633 0.0000
vt 0.5266 0.5624 0.0000
vt 0.5362 0.5700 0.0000
vt 0.5433 0.5778 0.0000
vt 0.5429 0.5786 0.0000
vt 0.6268 0.9430 0.0000
vt 0.6268 0.9415 0.0000
vt 0.7397 0.3063 0.0000
vt 0.7349 0.2932 0.0000
vt 0.7387 0.2852 0.0000
vt 0.7433 0.2975 0.0000
vt 0.7337 0.2901 0.0000
vt 0.7377 0.2823 0.0000
vt 0.7422 0.2764 0.0000
vt 0.7412 0.2737 0.0000
vt 0.7464 0.2878 0.0000
vt 0.5830 0.4957 0.0000
vt 0.5773 0.5102 0.0000
vt 0.5845 0.4916 0.0000
vt 0.5867 0.5045 0.0000
vt 0.5853 0.5083 0.0000
vt 0.5800 0.5219 0.0000
vt 0.7304 0.3007 0.0000
vt 0.7356 0.3145 0.0000
vt 0.7292 0.2974 0.0000
vt 0.6176 0.9415 0.0000
vt 0.6177 0.9430 0.0000
vt 0.5488 0.5851 0.0000
vt 0.5484 0.5859 0.0000
vt 0.5529 0.5932 0.0000
vt 0.5533 0.5924 0.0000
vt 0.6092 0.9431 0.0000
vt 0.6091 0.9416 0.0000
vt 0.3566 0.9341 0.0000
vt 0.3565 0.9356 0.0000
vt 0.3409 0.9354 0.0000
vt 0.3410 0.9340 0.0000
vt 0.7708 0.3356 0.0000
vt 0.7714 0.3364 0.0000
vt 0.7706 0.3518 0.0000
vt 0.7701 0.3509 0.0000
vt 0.7708 0.3206 0.0000
vt 0.7714 0.3213 0.0000
vt 0.3718 0.9357 0.0000
vt 0.3719 0.9343 0.0000
vt 0.6005 0.9431 0.0000
vt 0.6004 0.9416 0.0000
vt 0.5573 0.6003 0.0000
vt 0.5568 0.6010 0.0000
vt 0.5604 0.6095 0.0000
vt 0.5609 0.6089 0.0000
vt 0.5913 0.9432 0.0000
vt 0.5912 0.9417 0.0000
vt 0.3267 0.9339 0.0000
vt 0.3266 0.9353 0.0000
vt 0.7688 0.3650 0.0000
vt 0.7693 0.3659 0.0000
vt 0.5871 0.5212 0.0000
vt 0.5822 0.5340 0.0000
vt 0.5885 0.5176 0.0000
vt 0.5885 0.5350 0.0000
vt 0.5898 0.5316 0.0000
vt 0.5839 0.5469 0.0000
vt 0.3852 0.9344 0.0000
vt 0.3851 0.9358 0.0000
vt 0.7706 0.3082 0.0000
vt 0.7701 0.3076 0.0000
vt 0.7690 0.2967 0.0000
vt 0.7695 0.2972 0.0000
vt 0.3963 0.9344 0.0000
vt 0.3962 0.9359 0.0000
vt 0.5893 0.5500 0.0000
vt 0.5852 0.5610 0.0000
vt 0.5905 0.5469 0.0000
vt 0.5905 0.5619 0.0000
vt 0.5894 0.5647 0.0000
vt 0.5857 0.5747 0.0000
vt 0.7454 0.2670 0.0000
vt 0.7493 0.2775 0.0000
vt 0.7445 0.2645 0.0000
vt 0.7472 0.2560 0.0000
vt 0.7480 0.2583 0.0000
vt 0.7515 0.2678 0.0000
vt 0.5816 0.9432 0.0000
vt 0.5815 0.9417 0.0000
vt 0.5637 0.6187 0.0000
vt 0.5642 0.6181 0.0000
vt 0.5668 0.6266 0.0000
vt 0.5663 0.6271 0.0000
vt 0.5728 0.9433 0.0000
vt 0.5728 0.9418 0.0000
vt 0.7533 0.2536 0.0000
vt 0.7505 0.2458 0.0000
vt 0.7511 0.2407 0.0000
vt 0.7537 0.2479 0.0000
vt 0.7498 0.2439 0.0000
vt 0.7505 0.2390 0.0000
vt 0.7510 0.2340 0.0000
vt 0.7515 0.2356 0.0000
vt 0.7539 0.2423 0.0000
vt 0.5855 0.5865 0.0000
vt 0.5888 0.5775 0.0000
vt 0.5897 0.5750 0.0000
vt 0.5887 0.5858 0.0000
vt 0.5878 0.5882 0.0000
vt 0.5848 0.5964 0.0000
vt 0.7496 0.2513 0.0000
vt 0.7527 0.2600 0.0000
vt 0.7488 0.2493 0.0000
vt 0.5660 0.9433 0.0000
vt 0.5660 0.9418 0.0000
vt 0.5680 0.6338 0.0000
vt 0.5685 0.6333 0.0000
vt 0.5695 0.6386 0.0000
vt 0.5690 0.6391 0.0000
vt 0.5606 0.9434 0.0000
vt 0.5606 0.9419 0.0000
vt 0.4217 0.9347 0.0000
vt 0.4216 0.9361 0.0000
vt 0.4134 0.9360 0.0000
vt 0.4135 0.9346 0.0000
vt 0.7680 0.2802 0.0000
vt 0.7675 0.2797 0.0000
vt 0.7667 0.2715 0.0000
vt 0.7673 0.2719 0.0000
vt 0.7663 0.2625 0.0000
vt 0.7658 0.2621 0.0000
vt 0.4312 0.9347 0.0000
vt 0.4311 0.9362 0.0000
vt 0.5557 0.9419 0.0000
vt 0.5558 0.9434 0.0000
vt 0.5701 0.6436 0.0000
vt 0.5696 0.6439 0.0000
vt 0.5706 0.6486 0.0000
vt 0.5701 0.6489 0.0000
vt 0.5508 0.9434 0.0000
vt 0.5507 0.9419 0.0000
vt 0.4054 0.9345 0.0000
vt 0.4053 0.9359 0.0000
vt 0.7682 0.2877 0.0000
vt 0.7687 0.2882 0.0000
vt 0.5842 0.6045 0.0000
vt 0.5870 0.5970 0.0000
vt 0.5878 0.5948 0.0000
vt 0.5871 0.6028 0.0000
vt 0.5864 0.6048 0.0000
vt 0.5838 0.6120 0.0000
vt 0.5847 0.6222 0.0000
vt 0.5835 0.6328 0.0000
vt 0.5815 0.6382 0.0000
vt 0.5825 0.6283 0.0000
vt 0.5854 0.6204 0.0000
vt 0.5841 0.6313 0.0000
vt 0.5828 0.6413 0.0000
vt 0.5823 0.6426 0.0000
vt 0.5805 0.6472 0.0000
vt 0.5857 0.6129 0.0000
vt 0.5832 0.6196 0.0000
vt 0.5864 0.6111 0.0000
vt 0.7518 0.2300 0.0000
vt 0.7540 0.2363 0.0000
vt 0.7512 0.2285 0.0000
vt 0.7519 0.2241 0.0000
vt 0.7514 0.2227 0.0000
vt 0.7540 0.2299 0.0000
vt 0.5453 0.9434 0.0000
vt 0.5452 0.9420 0.0000
vt 0.5708 0.6541 0.0000
vt 0.5703 0.6544 0.0000
vt 0.5710 0.6599 0.0000
vt 0.5705 0.6602 0.0000
vt 0.5395 0.9435 0.0000
vt 0.5395 0.9420 0.0000
vt 0.7536 0.2119 0.0000
vt 0.7538 0.2171 0.0000
vt 0.7521 0.2128 0.0000
vt 0.7521 0.2079 0.0000
vt 0.7518 0.2069 0.0000
vt 0.7517 0.2117 0.0000
vt 0.7522 0.2039 0.0000
vt 0.7518 0.2030 0.0000
vt 0.7535 0.2077 0.0000
vt 0.7520 0.2182 0.0000
vt 0.7539 0.2233 0.0000
vt 0.7516 0.2171 0.0000
vt 0.5339 0.9435 0.0000
vt 0.5338 0.9420 0.0000
vt 0.5712 0.6655 0.0000
vt 0.5707 0.6658 0.0000
vt 0.5708 0.6711 0.0000
vt 0.5713 0.6709 0.0000
vt 0.5285 0.9435 0.0000
vt 0.5285 0.9421 0.0000
vt 0.4422 0.9348 0.0000
vt 0.4421 0.9362 0.0000
vt 0.7645 0.2513 0.0000
vt 0.7650 0.2516 0.0000
vt 0.7632 0.2413 0.0000
vt 0.7637 0.2416 0.0000
vt 0.4523 0.9349 0.0000
vt 0.4522 0.9363 0.0000
vt 0.4713 0.9350 0.0000
vt 0.4712 0.9365 0.0000
vt 0.4648 0.9364 0.0000
vt 0.4649 0.9350 0.0000
vt 0.7620 0.2291 0.0000
vt 0.7615 0.2289 0.0000
vt 0.7607 0.2226 0.0000
vt 0.7612 0.2228 0.0000
vt 0.7600 0.2152 0.0000
vt 0.7595 0.2151 0.0000
vt 0.4790 0.9351 0.0000
vt 0.4789 0.9365 0.0000
vt 0.5237 0.9436 0.0000
vt 0.5237 0.9421 0.0000
vt 0.5709 0.6758 0.0000
vt 0.5714 0.6756 0.0000
vt 0.5710 0.6798 0.0000
vt 0.5715 0.6796 0.0000
vt 0.5197 0.9436 0.0000
vt 0.5197 0.9421 0.0000
vt 0.4593 0.9350 0.0000
vt 0.4592 0.9364 0.0000
vt 0.7628 0.2346 0.0000
vt 0.7623 0.2344 0.0000
vt 0.5814 0.6494 0.0000
vt 0.5798 0.6537 0.0000
vt 0.5819 0.6482 0.0000
vt 0.5812 0.6537 0.0000
vt 0.5807 0.6548 0.0000
vt 0.5792 0.6589 0.0000
vt 0.7537 0.2001 0.0000
vt 0.7527 0.1974 0.0000
vt 0.7529 0.1937 0.0000
vt 0.7536 0.1957 0.0000
vt 0.7524 0.1968 0.0000
vt 0.7527 0.1933 0.0000
vt 0.7528 0.1910 0.0000
vt 0.7529 0.1908 0.0000
vt 0.7535 0.1921 0.0000
vt 0.5799 0.6610 0.0000
vt 0.5785 0.6646 0.0000
vt 0.5803 0.6600 0.0000
vt 0.5791 0.6675 0.0000
vt 0.5788 0.6683 0.0000
vt 0.5777 0.6711 0.0000
vt 0.7524 0.2006 0.0000
vt 0.7536 0.2040 0.0000
vt 0.7521 0.1998 0.0000
vt 0.5165 0.9436 0.0000
vt 0.5165 0.9421 0.0000
vt 0.5717 0.6827 0.0000
vt 0.5712 0.6829 0.0000
vt 0.5715 0.6860 0.0000
vt 0.5720 0.6858 0.0000
vt 0.5135 0.9436 0.0000
vt 0.5134 0.9422 0.0000
vt 0.4973 0.9353 0.0000
vt 0.4991 0.9353 0.0000
vt 0.4995 0.9367 0.0000
vt 0.4977 0.9367 0.0000
vt 0.4944 0.9367 0.0000
vt 0.4942 0.9352 0.0000
vt 0.7561 0.1976 0.0000
vt 0.7569 0.2006 0.0000
vt 0.7568 0.2019 0.0000
vt 0.7564 0.2002 0.0000
vt 0.7558 0.1984 0.0000
vt 0.7555 0.1959 0.0000
vt 0.5099 0.9436 0.0000
vt 0.5099 0.9421 0.0000
vt 0.5723 0.6893 0.0000
vt 0.5718 0.6895 0.0000
vt 0.5724 0.6915 0.0000
vt 0.5721 0.6922 0.0000
vt 0.5071 0.9435 0.0000
vt 0.5070 0.9421 0.0000
vt 0.4875 0.9352 0.0000
vt 0.4875 0.9366 0.0000
vt 0.7579 0.2071 0.0000
vt 0.7583 0.2070 0.0000
vt 0.5772 0.6762 0.0000
vt 0.5764 0.6784 0.0000
vt 0.5776 0.6755 0.0000
vt 0.5765 0.6806 0.0000
vt 0.5760 0.6823 0.0000
vt 0.5754 0.6842 0.0000
vt 0.5748 0.6826 0.0000
vt 0.5733 0.6869 0.0000
vt 0.5733 0.6824 0.0000
vt 0.5755 0.6768 0.0000
vt 0.5743 0.6874 0.0000
vt 0.5731 0.6905 0.0000
vt 0.5021 0.9353 0.0000
vt 0.5049 0.9354 0.0000
vt 0.5050 0.9368 0.0000
vt 0.5023 0.9367 0.0000
vt 0.7546 0.1952 0.0000
vt 0.7545 0.1932 0.0000
vt 0.7535 0.1905 0.0000
vt 0.7611 0.2277 0.0000
vt 0.7603 0.2216 0.0000
vt 0.7589 0.2180 0.0000
vt 0.7595 0.2237 0.0000
vt 0.7591 0.2143 0.0000
vt 0.7580 0.2114 0.0000
vt 0.5758 0.6716 0.0000
vt 0.5733 0.6786 0.0000
vt 0.5732 0.6749 0.0000
vt 0.5761 0.6670 0.0000
vt 0.7576 0.2064 0.0000
vt 0.7568 0.2042 0.0000
vt 0.5765 0.6622 0.0000
vt 0.5732 0.6707 0.0000
vt 0.5734 0.6655 0.0000
vt 0.5769 0.6564 0.0000
vt 0.7651 0.2604 0.0000
vt 0.7639 0.2497 0.0000
vt 0.7629 0.2542 0.0000
vt 0.7619 0.2444 0.0000
vt 0.7609 0.2354 0.0000
vt 0.7627 0.2400 0.0000
vt 0.7618 0.2332 0.0000
vt 0.7601 0.2289 0.0000
vt 0.7660 0.2696 0.0000
vt 0.7667 0.2777 0.0000
vt 0.7636 0.2629 0.0000
vt 0.7641 0.2706 0.0000
vt 0.5786 0.6262 0.0000
vt 0.5784 0.6330 0.0000
vt 0.5736 0.6463 0.0000
vt 0.5736 0.6403 0.0000
vt 0.5780 0.6406 0.0000
vt 0.5736 0.6527 0.0000
vt 0.5775 0.6488 0.0000
vt 0.5735 0.6593 0.0000
vt 0.5788 0.6128 0.0000
vt 0.5788 0.6197 0.0000
vt 0.5733 0.6347 0.0000
vt 0.5730 0.6290 0.0000
vt 0.7691 0.3051 0.0000
vt 0.7698 0.3178 0.0000
vt 0.7658 0.2960 0.0000
vt 0.7661 0.3079 0.0000
vt 0.7682 0.2944 0.0000
vt 0.7652 0.2862 0.0000
vt 0.5723 0.6226 0.0000
vt 0.5711 0.6147 0.0000
vt 0.5784 0.5948 0.0000
vt 0.5789 0.6046 0.0000
vt 0.7674 0.2856 0.0000
vt 0.7646 0.2780 0.0000
vt 0.7696 0.3325 0.0000
vt 0.7688 0.3476 0.0000
vt 0.7655 0.3215 0.0000
vt 0.7642 0.3356 0.0000
vt 0.5770 0.5830 0.0000
vt 0.5689 0.6050 0.0000
vt 0.5661 0.5947 0.0000
vt 0.5749 0.5708 0.0000
vt 0.5724 0.5596 0.0000
vt 0.5629 0.5851 0.0000
vt 0.5594 0.5763 0.0000
vt 0.5696 0.5492 0.0000
vt 0.7600 0.3996 0.0000
vt 0.7633 0.3868 0.0000
vt 0.7577 0.3723 0.0000
vt 0.7541 0.3842 0.0000
vt 0.7656 0.3742 0.0000
vt 0.7603 0.3606 0.0000
vt 0.5662 0.5392 0.0000
vt 0.5553 0.5680 0.0000
vt 0.5502 0.5596 0.0000
vt 0.5619 0.5291 0.0000
vt 0.7674 0.3614 0.0000
vt 0.7625 0.3485 0.0000
vt 0.7552 0.4125 0.0000
vt 0.7488 0.3963 0.0000
vt 0.5559 0.5187 0.0000
vt 0.5436 0.5508 0.0000
vt 0.5343 0.5426 0.0000
vt 0.5472 0.5092 0.0000
vt 0.7156 0.3803 0.0000
vt 0.7026 0.3465 0.0000
vt 0.7275 0.3733 0.0000
vt 0.7054 0.3847 0.0000
vt 0.6923 0.3507 0.0000
vt 0.5353 0.5021 0.0000
vt 0.5222 0.5360 0.0000
vt 0.5120 0.5318 0.0000
vt 0.5251 0.4978 0.0000
vt 0.6967 0.9409 0.0000
vt 0.7329 0.9405 0.0000
vt 0.7329 0.9421 0.0000
vt 0.6967 0.9425 0.0000
vt 0.5207 0.4961 0.0000
vt 0.5076 0.5301 0.0000
vt 0.6740 0.9426 0.0000
vt 0.6743 0.9411 0.0000
vt 0.6802 0.9410 0.0000
vt 0.6800 0.9425 0.0000
vt 0.5019 0.5465 0.0000
vt 0.5062 0.5480 0.0000
vt 0.5069 0.5523 0.0000
vt 0.5047 0.5519 0.0000
vt 0.5148 0.5561 0.0000
vt 0.5160 0.5522 0.0000
vt 0.5281 0.5586 0.0000
vt 0.6964 0.3303 0.0000
vt 0.6865 0.3344 0.0000
vt 0.5376 0.5663 0.0000
vt 0.5446 0.5743 0.0000
vt 0.5500 0.5818 0.0000
vt 0.5545 0.5893 0.0000
vt 0.5584 0.5974 0.0000
vt 0.5619 0.6062 0.0000
vt 0.5651 0.6156 0.0000
vt 0.5676 0.6243 0.0000
vt 0.5692 0.6312 0.0000
vt 0.5701 0.6368 0.0000
vt 0.5708 0.6418 0.0000
vt 0.5712 0.6470 0.0000
vt 0.5717 0.6643 0.0000
vt 0.5715 0.6585 0.0000
vt 0.5717 0.6698 0.0000
vt 0.5714 0.6526 0.0000
vt 0.5718 0.6747 0.0000
vt 0.5718 0.6787 0.0000
vt 0.5720 0.6819 0.0000
vt 0.5723 0.6852 0.0000
vt 0.5070 0.9368 0.0000
vt 0.5061 0.9369 0.0000
vt 0.5061 0.9355 0.0000
vt 0.5071 0.9355 0.0000
vt 0.7528 0.1894 0.0000
vt 0.7525 0.1904 0.0000
vt 0.5725 0.6889 0.0000
vt 0.5726 0.6918 0.0000
vt 0.7565 0.2156 0.0000
vt 0.7562 0.2110 0.0000
vt 0.7558 0.2058 0.0000
vt 0.7552 0.1999 0.0000
vt 0.7584 0.2420 0.0000
vt 0.7578 0.2338 0.0000
vt 0.7573 0.2262 0.0000
vt 0.7568 0.2203 0.0000
vt 0.7590 0.2564 0.0000
vt 0.7588 0.2495 0.0000
vt 0.7587 0.2878 0.0000
vt 0.7592 0.2779 0.0000
vt 0.7592 0.2698 0.0000
vt 0.7591 0.2629 0.0000
vt 0.7553 0.3117 0.0000
vt 0.7574 0.2995 0.0000
vt 0.7422 0.3535 0.0000
vt 0.7465 0.3434 0.0000
vt 0.7499 0.3334 0.0000
vt 0.7528 0.3229 0.0000
vt 0.7363 0.3638 0.0000
vt 0.5061 0.9420 0.0000
vt 0.5061 0.9394 0.0000
vt 0.5071 0.9394 0.0000
vt 0.5050 0.9394 0.0000
vt 0.5050 0.9421 0.0000
vt 0.6823 0.3359 0.0000
vt 0.6879 0.3524 0.0000
vt 0.6967 0.9355 0.0000
vt 0.6802 0.9359 0.0000
vt 0.6799 0.9344 0.0000
vt 0.6966 0.9340 0.0000
vt 0.7010 0.3864 0.0000
vt 0.7144 0.4207 0.0000
vt 0.7328 0.9335 0.0000
vt 0.7694 0.9331 0.0000
vt 0.7694 0.9346 0.0000
vt 0.7328 0.9351 0.0000
vt 0.5023 0.9422 0.0000
vt 0.5023 0.9394 0.0000
vt 0.4994 0.9422 0.0000
vt 0.4995 0.9394 0.0000
vt 0.4789 0.9393 0.0000
vt 0.4875 0.9393 0.0000
vt 0.4875 0.9421 0.0000
vt 0.4789 0.9420 0.0000
vt 0.4944 0.9394 0.0000
vt 0.4944 0.9421 0.0000
vt 0.7522 0.1931 0.0000
vt 0.7519 0.1966 0.0000
vt 0.5134 0.9353 0.0000
vt 0.5134 0.9367 0.0000
vt 0.5099 0.9368 0.0000
vt 0.5099 0.9354 0.0000
vt 0.4976 0.9394 0.0000
vt 0.4976 0.9422 0.0000
vt 0.7516 0.1996 0.0000
vt 0.7514 0.2028 0.0000
vt 0.5196 0.9352 0.0000
vt 0.5196 0.9367 0.0000
vt 0.5165 0.9367 0.0000
vt 0.5165 0.9353 0.0000
vt 0.4522 0.9391 0.0000
vt 0.4592 0.9391 0.0000
vt 0.4592 0.9419 0.0000
vt 0.4522 0.9418 0.0000
vt 0.4648 0.9392 0.0000
vt 0.4648 0.9419 0.0000
vt 0.7513 0.2115 0.0000
vt 0.7513 0.2067 0.0000
vt 0.5285 0.9352 0.0000
vt 0.5285 0.9366 0.0000
vt 0.5237 0.9366 0.0000
vt 0.5237 0.9352 0.0000
vt 0.4712 0.9392 0.0000
vt 0.4712 0.9420 0.0000
vt 0.4311 0.9416 0.0000
vt 0.4311 0.9389 0.0000
vt 0.4421 0.9390 0.0000
vt 0.4421 0.9417 0.0000
vt 0.7509 0.2224 0.0000
vt 0.7511 0.2168 0.0000
vt 0.5395 0.9351 0.0000
vt 0.5394 0.9365 0.0000
vt 0.5338 0.9366 0.0000
vt 0.5338 0.9352 0.0000
vt 0.7505 0.2336 0.0000
vt 0.7508 0.2281 0.0000
vt 0.5452 0.9365 0.0000
vt 0.5452 0.9351 0.0000
vt 0.5507 0.9351 0.0000
vt 0.5507 0.9365 0.0000
vt 0.4053 0.9387 0.0000
vt 0.4052 0.9414 0.0000
vt 0.3962 0.9414 0.0000
vt 0.3962 0.9386 0.0000
vt 0.4133 0.9387 0.0000
vt 0.4133 0.9415 0.0000
vt 0.7494 0.2435 0.0000
vt 0.7501 0.2386 0.0000
vt 0.5606 0.9364 0.0000
vt 0.5557 0.9364 0.0000
vt 0.5557 0.9350 0.0000
vt 0.5606 0.9350 0.0000
vt 0.4216 0.9416 0.0000
vt 0.4216 0.9388 0.0000
vt 0.7467 0.2555 0.0000
vt 0.7484 0.2488 0.0000
vt 0.5660 0.9350 0.0000
vt 0.5728 0.9349 0.0000
vt 0.5727 0.9363 0.0000
vt 0.5659 0.9364 0.0000
vt 0.7408 0.2730 0.0000
vt 0.7441 0.2639 0.0000
vt 0.5816 0.9349 0.0000
vt 0.5912 0.9348 0.0000
vt 0.5912 0.9362 0.0000
vt 0.5815 0.9363 0.0000
vt 0.3850 0.9413 0.0000
vt 0.3717 0.9412 0.0000
vt 0.3717 0.9384 0.0000
vt 0.3851 0.9385 0.0000
vt 0.3265 0.9408 0.0000
vt 0.3131 0.9407 0.0000
vt 0.3131 0.9379 0.0000
vt 0.3266 0.9381 0.0000
vt 0.3409 0.9382 0.0000
vt 0.3409 0.9409 0.0000
vt 0.7333 0.2894 0.0000
vt 0.7373 0.2816 0.0000
vt 0.6091 0.9361 0.0000
vt 0.6004 0.9362 0.0000
vt 0.6004 0.9347 0.0000
vt 0.6092 0.9347 0.0000
vt 0.3564 0.9383 0.0000
vt 0.3564 0.9410 0.0000
vt 0.7233 0.3039 0.0000
vt 0.7288 0.2966 0.0000
vt 0.6267 0.9360 0.0000
vt 0.6176 0.9361 0.0000
vt 0.6177 0.9346 0.0000
vt 0.6268 0.9346 0.0000
vt 0.7162 0.3117 0.0000
vt 0.6372 0.9359 0.0000
vt 0.6372 0.9345 0.0000
vt 0.2999 0.9378 0.0000
vt 0.2999 0.9406 0.0000
vt 0.2863 0.9405 0.0000
vt 0.2863 0.9377 0.0000
vt 0.2442 0.9374 0.0000
vt 0.2582 0.9375 0.0000
vt 0.2581 0.9402 0.0000
vt 0.2442 0.9401 0.0000
vt 0.2332 0.9373 0.0000
vt 0.6633 0.9385 0.0000
vt 0.6743 0.9385 0.0000
vt 0.6633 0.9413 0.0000
vt 0.6495 0.9386 0.0000
vt 0.2721 0.9404 0.0000
vt 0.2722 0.9376 0.0000
vt 0.7218 0.4377 0.0000
vt 0.2263 0.9344 0.0000
vt 0.2268 0.9329 0.0000
vt 0.7877 0.9329 0.0000
vt 0.7877 0.9344 0.0000
vt 0.5773 0.4644 0.0000
vt 0.5694 0.4529 0.0000
vt 0.2582 0.9417 0.0000
vt 0.2722 0.9418 0.0000
vt 0.2864 0.9420 0.0000
vt 0.5820 0.4775 0.0000
vt 0.5142 0.5568 0.0000
vt 0.6632 0.9427 0.0000
vt 0.5580 0.4450 0.0000
vt 0.2443 0.9416 0.0000
vt 0.5851 0.4906 0.0000
vt 0.3000 0.9421 0.0000
vt 0.3132 0.9422 0.0000
vt 0.5873 0.5035 0.0000
vt 0.5903 0.5307 0.0000
vt 0.5911 0.5461 0.0000
vt 0.3565 0.9425 0.0000
vt 0.3410 0.9424 0.0000
vt 0.3718 0.9426 0.0000
vt 0.5911 0.5612 0.0000
vt 0.5891 0.5166 0.0000
vt 0.3266 0.9423 0.0000
vt 0.5903 0.5744 0.0000
vt 0.3851 0.9427 0.0000
vt 0.3962 0.9428 0.0000
vt 0.5892 0.5853 0.0000
vt 0.5877 0.6024 0.0000
vt 0.5869 0.6106 0.0000
vt 0.4216 0.9430 0.0000
vt 0.4134 0.9430 0.0000
vt 0.4311 0.9431 0.0000
vt 0.5860 0.6201 0.0000
vt 0.5884 0.5943 0.0000
vt 0.4053 0.9429 0.0000
vt 0.5847 0.6310 0.0000
vt 0.4421 0.9432 0.0000
vt 0.4522 0.9433 0.0000
vt 0.5834 0.6410 0.0000
vt 0.5817 0.6535 0.0000
vt 0.5809 0.6598 0.0000
vt 0.4712 0.9434 0.0000
vt 0.4648 0.9434 0.0000
vt 0.4789 0.9435 0.0000
vt 0.5797 0.6673 0.0000
vt 0.5825 0.6479 0.0000
vt 0.4592 0.9433 0.0000
vt 0.5758 0.6850 0.0000
vt 0.5752 0.6867 0.0000
vt 0.5766 0.6820 0.0000
vt 0.4972 0.9436 0.0000
vt 0.4941 0.9436 0.0000
vt 0.4991 0.9436 0.0000
vt 0.5780 0.6756 0.0000
vt 0.4874 0.9436 0.0000
vt 0.5742 0.6894 0.0000
vt 0.5732 0.6921 0.0000
vt 0.5020 0.9436 0.0000
vt 0.5049 0.9436 0.0000
vt 0.5724 0.6932 0.0000
vt 0.5061 0.9435 0.0000
vt 0.6802 0.9384 0.0000
vt 0.6967 0.9382 0.0000
vt 0.7329 0.9378 0.0000
vt 0.7694 0.9373 0.0000
vt 0.5134 0.9394 0.0000
vt 0.5099 0.9394 0.0000
vt 0.5196 0.9394 0.0000
vt 0.5165 0.9394 0.0000
vt 0.5237 0.9394 0.0000
vt 0.5285 0.9393 0.0000
vt 0.5338 0.9393 0.0000
vt 0.5395 0.9393 0.0000
vt 0.5452 0.9392 0.0000
vt 0.5507 0.9392 0.0000
vt 0.5606 0.9391 0.0000
vt 0.5557 0.9392 0.0000
vt 0.5660 0.9391 0.0000
vt 0.5727 0.9391 0.0000
vt 0.5815 0.9390 0.0000
vt 0.5912 0.9389 0.0000
vt 0.6091 0.9388 0.0000
vt 0.6004 0.9389 0.0000
vt 0.6176 0.9388 0.0000
vt 0.6267 0.9387 0.0000
vt 0.6372 0.9387 0.0000
vt 0.7878 0.9371 0.0000
vt 0.2262 0.9372 0.0000
vt 0.7694 0.9519 0.0000
vt 0.7878 0.9517 0.0000
vt 0.7878 0.9533 0.0000
vt 0.7695 0.9535 0.0000
vt 0.2335 0.9533 0.0000
vt 0.2267 0.9534 0.0000
vt 0.2262 0.9518 0.0000
vt 0.2332 0.9518 0.0000
vt 0.6318 0.1924 0.0000
vt 0.6380 0.1894 0.0000
vt 0.6398 0.1909 0.0000
vt 0.6360 0.1942 0.0000
vt 0.6243 0.2094 0.0000
vt 0.6287 0.2111 0.0000
vt 0.6458 0.1986 0.0000
vt 0.6389 0.2156 0.0000
vt 0.6479 0.1940 0.0000
vt 0.6590 0.2017 0.0000
vt 0.6571 0.2064 0.0000
vt 0.6505 0.2232 0.0000
vt 0.2583 0.9452 0.0000
vt 0.2723 0.9453 0.0000
vt 0.2722 0.9467 0.0000
vt 0.2582 0.9466 0.0000
vt 0.8471 0.6694 0.0000
vt 0.8476 0.6706 0.0000
vt 0.8397 0.6821 0.0000
vt 0.8392 0.6809 0.0000
vt 0.8518 0.6563 0.0000
vt 0.8524 0.6575 0.0000
vt 0.2865 0.9454 0.0000
vt 0.2863 0.9468 0.0000
vt 0.8259 0.6840 0.0000
vt 0.8191 0.6669 0.0000
vt 0.8307 0.6593 0.0000
vt 0.8373 0.6761 0.0000
vt 0.8280 0.6886 0.0000
vt 0.8199 0.6916 0.0000
vt 0.8161 0.6883 0.0000
vt 0.8089 0.6714 0.0000
vt 0.6632 0.9462 0.0000
vt 0.6739 0.9462 0.0000
vt 0.6743 0.9476 0.0000
vt 0.6633 0.9476 0.0000
vt 0.6495 0.9463 0.0000
vt 0.6495 0.9477 0.0000
vt 0.7853 0.5788 0.0000
vt 0.7847 0.5780 0.0000
vt 0.7967 0.5716 0.0000
vt 0.7971 0.5725 0.0000
vt 0.7774 0.5826 0.0000
vt 0.7752 0.5829 0.0000
vt 0.2444 0.9450 0.0000
vt 0.2443 0.9465 0.0000
vt 0.2336 0.9450 0.0000
vt 0.2332 0.9464 0.0000
vt 0.8283 0.6899 0.0000
vt 0.8181 0.6931 0.0000
vt 0.2999 0.9469 0.0000
vt 0.3001 0.9455 0.0000
vt 0.8550 0.6433 0.0000
vt 0.8555 0.6444 0.0000
vt 0.8572 0.6305 0.0000
vt 0.8577 0.6315 0.0000
vt 0.3133 0.9456 0.0000
vt 0.3132 0.9470 0.0000
vt 0.6651 0.2177 0.0000
vt 0.6587 0.2339 0.0000
vt 0.6669 0.2132 0.0000
vt 0.6716 0.2262 0.0000
vt 0.6699 0.2306 0.0000
vt 0.6639 0.2459 0.0000
vt 0.8140 0.5841 0.0000
vt 0.8047 0.5923 0.0000
vt 0.7986 0.5763 0.0000
vt 0.8081 0.5686 0.0000
vt 0.8067 0.5649 0.0000
vt 0.8151 0.5606 0.0000
vt 0.8138 0.5571 0.0000
vt 0.8207 0.5753 0.0000
vt 0.6372 0.9533 0.0000
vt 0.6495 0.9532 0.0000
vt 0.6495 0.9547 0.0000
vt 0.6373 0.9547 0.0000
vt 0.6264 0.3176 0.0000
vt 0.6260 0.3185 0.0000
vt 0.6164 0.3109 0.0000
vt 0.6168 0.3100 0.0000
vt 0.6335 0.3254 0.0000
vt 0.6331 0.3262 0.0000
vt 0.6268 0.9548 0.0000
vt 0.6268 0.9533 0.0000
vt 0.8288 0.5376 0.0000
vt 0.8334 0.5499 0.0000
vt 0.8298 0.5587 0.0000
vt 0.8250 0.5456 0.0000
vt 0.8238 0.5425 0.0000
vt 0.8278 0.5347 0.0000
vt 0.8314 0.5261 0.0000
vt 0.8324 0.5288 0.0000
vt 0.8366 0.5403 0.0000
vt 0.6675 0.2578 0.0000
vt 0.6731 0.2433 0.0000
vt 0.6747 0.2392 0.0000
vt 0.6754 0.2559 0.0000
vt 0.6769 0.2521 0.0000
vt 0.6702 0.2695 0.0000
vt 0.8205 0.5531 0.0000
vt 0.8257 0.5670 0.0000
vt 0.8193 0.5498 0.0000
vt 0.6177 0.9548 0.0000
vt 0.6176 0.9534 0.0000
vt 0.6390 0.3327 0.0000
vt 0.6386 0.3335 0.0000
vt 0.6435 0.3400 0.0000
vt 0.6431 0.3407 0.0000
vt 0.6092 0.9549 0.0000
vt 0.6091 0.9534 0.0000
vt 0.3409 0.9473 0.0000
vt 0.3410 0.9458 0.0000
vt 0.3566 0.9460 0.0000
vt 0.3565 0.9474 0.0000
vt 0.8607 0.6042 0.0000
vt 0.8602 0.6033 0.0000
vt 0.8609 0.5880 0.0000
vt 0.8615 0.5888 0.0000
vt 0.8609 0.5730 0.0000
vt 0.8615 0.5737 0.0000
vt 0.3719 0.9461 0.0000
vt 0.3718 0.9475 0.0000
vt 0.6004 0.9535 0.0000
vt 0.6005 0.9549 0.0000
vt 0.6470 0.3486 0.0000
vt 0.6475 0.3479 0.0000
vt 0.6510 0.3565 0.0000
vt 0.6506 0.3571 0.0000
vt 0.5913 0.9550 0.0000
vt 0.5912 0.9535 0.0000
vt 0.3267 0.9457 0.0000
vt 0.3266 0.9472 0.0000
vt 0.8589 0.6174 0.0000
vt 0.8595 0.6183 0.0000
vt 0.6773 0.2688 0.0000
vt 0.6723 0.2816 0.0000
vt 0.6787 0.2652 0.0000
vt 0.6786 0.2826 0.0000
vt 0.6799 0.2792 0.0000
vt 0.6741 0.2945 0.0000
vt 0.3852 0.9462 0.0000
vt 0.3851 0.9476 0.0000
vt 0.8607 0.5606 0.0000
vt 0.8602 0.5600 0.0000
vt 0.8597 0.5497 0.0000
vt 0.8591 0.5491 0.0000
vt 0.3962 0.9477 0.0000
vt 0.3963 0.9463 0.0000
vt 0.6753 0.3086 0.0000
vt 0.6795 0.2976 0.0000
vt 0.6807 0.2945 0.0000
vt 0.6807 0.3095 0.0000
vt 0.6796 0.3123 0.0000
vt 0.6759 0.3223 0.0000
vt 0.8356 0.5194 0.0000
vt 0.8394 0.5299 0.0000
vt 0.8346 0.5169 0.0000
vt 0.8381 0.5107 0.0000
vt 0.8373 0.5084 0.0000
vt 0.8416 0.5202 0.0000
vt 0.5815 0.9536 0.0000
vt 0.5816 0.9551 0.0000
vt 0.6543 0.3657 0.0000
vt 0.6539 0.3663 0.0000
vt 0.6570 0.3742 0.0000
vt 0.6565 0.3747 0.0000
vt 0.5728 0.9551 0.0000
vt 0.5728 0.9536 0.0000
vt 0.8406 0.4982 0.0000
vt 0.8413 0.4931 0.0000
vt 0.8438 0.5003 0.0000
vt 0.8434 0.5060 0.0000
vt 0.8406 0.4914 0.0000
vt 0.8400 0.4963 0.0000
vt 0.8411 0.4864 0.0000
vt 0.8416 0.4880 0.0000
vt 0.8441 0.4947 0.0000
vt 0.6789 0.3251 0.0000
vt 0.6757 0.3341 0.0000
vt 0.6799 0.3226 0.0000
vt 0.6780 0.3357 0.0000
vt 0.6788 0.3334 0.0000
vt 0.6750 0.3440 0.0000
vt 0.8397 0.5038 0.0000
vt 0.8428 0.5124 0.0000
vt 0.8390 0.5017 0.0000
vt 0.5660 0.9537 0.0000
vt 0.5660 0.9552 0.0000
vt 0.6586 0.3809 0.0000
vt 0.6582 0.3813 0.0000
vt 0.6596 0.3862 0.0000
vt 0.6592 0.3867 0.0000
vt 0.5606 0.9552 0.0000
vt 0.5606 0.9537 0.0000
vt 0.4135 0.9464 0.0000
vt 0.4217 0.9465 0.0000
vt 0.4216 0.9479 0.0000
vt 0.4134 0.9478 0.0000
vt 0.8581 0.5326 0.0000
vt 0.8576 0.5321 0.0000
vt 0.8569 0.5239 0.0000
vt 0.8574 0.5244 0.0000
vt 0.8559 0.5145 0.0000
vt 0.8564 0.5149 0.0000
vt 0.4311 0.9480 0.0000
vt 0.4312 0.9466 0.0000
vt 0.5558 0.9552 0.0000
vt 0.5557 0.9537 0.0000
vt 0.6603 0.3911 0.0000
vt 0.6598 0.3915 0.0000
vt 0.6608 0.3962 0.0000
vt 0.6602 0.3965 0.0000
vt 0.5508 0.9552 0.0000
vt 0.5507 0.9538 0.0000
vt 0.4054 0.9464 0.0000
vt 0.4053 0.9478 0.0000
vt 0.8583 0.5401 0.0000
vt 0.8588 0.5406 0.0000
vt 0.6772 0.3446 0.0000
vt 0.6744 0.3521 0.0000
vt 0.6780 0.3424 0.0000
vt 0.6773 0.3504 0.0000
vt 0.6765 0.3524 0.0000
vt 0.6740 0.3596 0.0000
vt 0.6717 0.3858 0.0000
vt 0.6727 0.3759 0.0000
vt 0.6749 0.3698 0.0000
vt 0.6737 0.3804 0.0000
vt 0.6756 0.3680 0.0000
vt 0.6743 0.3789 0.0000
vt 0.6730 0.3889 0.0000
vt 0.6725 0.3902 0.0000
vt 0.6707 0.3948 0.0000
vt 0.6758 0.3605 0.0000
vt 0.6734 0.3672 0.0000
vt 0.6766 0.3586 0.0000
vt 0.8419 0.4824 0.0000
vt 0.8441 0.4887 0.0000
vt 0.8413 0.4809 0.0000
vt 0.8415 0.4751 0.0000
vt 0.8420 0.4765 0.0000
vt 0.8441 0.4823 0.0000
vt 0.5453 0.9553 0.0000
vt 0.5452 0.9538 0.0000
vt 0.6605 0.4020 0.0000
vt 0.6610 0.4017 0.0000
vt 0.6612 0.4075 0.0000
vt 0.6607 0.4078 0.0000
vt 0.5395 0.9538 0.0000
vt 0.5395 0.9553 0.0000
vt 0.8439 0.4695 0.0000
vt 0.8422 0.4652 0.0000
vt 0.8422 0.4603 0.0000
vt 0.8437 0.4643 0.0000
vt 0.8418 0.4641 0.0000
vt 0.8419 0.4593 0.0000
vt 0.8419 0.4554 0.0000
vt 0.8423 0.4563 0.0000
vt 0.8437 0.4601 0.0000
vt 0.8422 0.4707 0.0000
vt 0.8440 0.4757 0.0000
vt 0.8417 0.4695 0.0000
vt 0.5339 0.9553 0.0000
vt 0.5338 0.9539 0.0000
vt 0.6609 0.4134 0.0000
vt 0.6614 0.4131 0.0000
vt 0.6615 0.4184 0.0000
vt 0.6610 0.4187 0.0000
vt 0.5285 0.9554 0.0000
vt 0.5285 0.9539 0.0000
vt 0.4422 0.9467 0.0000
vt 0.4421 0.9481 0.0000
vt 0.8551 0.5040 0.0000
vt 0.8546 0.5037 0.0000
vt 0.8533 0.4937 0.0000
vt 0.8538 0.4940 0.0000
vt 0.4523 0.9467 0.0000
vt 0.4522 0.9482 0.0000
vt 0.4713 0.9469 0.0000
vt 0.4712 0.9483 0.0000
vt 0.4648 0.9483 0.0000
vt 0.4649 0.9468 0.0000
vt 0.8516 0.4813 0.0000
vt 0.8508 0.4750 0.0000
vt 0.8513 0.4752 0.0000
vt 0.8521 0.4815 0.0000
vt 0.8496 0.4675 0.0000
vt 0.8501 0.4677 0.0000
vt 0.4790 0.9469 0.0000
vt 0.4789 0.9484 0.0000
vt 0.5237 0.9554 0.0000
vt 0.5237 0.9539 0.0000
vt 0.6610 0.4234 0.0000
vt 0.6616 0.4232 0.0000
vt 0.6616 0.4272 0.0000
vt 0.6611 0.4274 0.0000
vt 0.5197 0.9554 0.0000
vt 0.5197 0.9540 0.0000
vt 0.4592 0.9482 0.0000
vt 0.4593 0.9468 0.0000
vt 0.8524 0.4868 0.0000
vt 0.8529 0.4871 0.0000
vt 0.6716 0.3970 0.0000
vt 0.6699 0.4013 0.0000
vt 0.6721 0.3958 0.0000
vt 0.6713 0.4013 0.0000
vt 0.6709 0.4024 0.0000
vt 0.6693 0.4065 0.0000
vt 0.8428 0.4498 0.0000
vt 0.8430 0.4461 0.0000
vt 0.8437 0.4481 0.0000
vt 0.8438 0.4525 0.0000
vt 0.8428 0.4457 0.0000
vt 0.8425 0.4492 0.0000
vt 0.8429 0.4435 0.0000
vt 0.8431 0.4432 0.0000
vt 0.8436 0.4445 0.0000
vt 0.6701 0.4086 0.0000
vt 0.6687 0.4121 0.0000
vt 0.6705 0.4076 0.0000
vt 0.6693 0.4151 0.0000
vt 0.6689 0.4159 0.0000
vt 0.6678 0.4187 0.0000
vt 0.8425 0.4530 0.0000
vt 0.8437 0.4564 0.0000
vt 0.8422 0.4522 0.0000
vt 0.5165 0.9554 0.0000
vt 0.5165 0.9540 0.0000
vt 0.6619 0.4303 0.0000
vt 0.6614 0.4305 0.0000
vt 0.6622 0.4334 0.0000
vt 0.6617 0.4336 0.0000
vt 0.5135 0.9555 0.0000
vt 0.5134 0.9540 0.0000
vt 0.4992 0.9471 0.0000
vt 0.4995 0.9485 0.0000
vt 0.4977 0.9485 0.0000
vt 0.4973 0.9471 0.0000
vt 0.4942 0.9471 0.0000
vt 0.4944 0.9485 0.0000
vt 0.8462 0.4500 0.0000
vt 0.8470 0.4530 0.0000
vt 0.8469 0.4543 0.0000
vt 0.8465 0.4527 0.0000
vt 0.8459 0.4508 0.0000
vt 0.8456 0.4483 0.0000
vt 0.5099 0.9540 0.0000
vt 0.5099 0.9554 0.0000
vt 0.6625 0.4369 0.0000
vt 0.6620 0.4371 0.0000
vt 0.6626 0.4391 0.0000
vt 0.6623 0.4398 0.0000
vt 0.5071 0.9554 0.0000
vt 0.5071 0.9539 0.0000
vt 0.4875 0.9470 0.0000
vt 0.4875 0.9484 0.0000
vt 0.8485 0.4594 0.0000
vt 0.8480 0.4595 0.0000
vt 0.6666 0.4260 0.0000
vt 0.6674 0.4238 0.0000
vt 0.6677 0.4231 0.0000
vt 0.6667 0.4282 0.0000
vt 0.6662 0.4299 0.0000
vt 0.6656 0.4318 0.0000
vt 0.6656 0.4244 0.0000
vt 0.6650 0.4302 0.0000
vt 0.6634 0.4345 0.0000
vt 0.6635 0.4300 0.0000
vt 0.6645 0.4350 0.0000
vt 0.6633 0.4381 0.0000
vt 0.5050 0.9487 0.0000
vt 0.5023 0.9486 0.0000
vt 0.5021 0.9472 0.0000
vt 0.5049 0.9473 0.0000
vt 0.8447 0.4456 0.0000
vt 0.8447 0.4476 0.0000
vt 0.8437 0.4429 0.0000
vt 0.8512 0.4801 0.0000
vt 0.8504 0.4740 0.0000
vt 0.8496 0.4761 0.0000
vt 0.8490 0.4704 0.0000
vt 0.8493 0.4667 0.0000
vt 0.8481 0.4639 0.0000
vt 0.6634 0.4262 0.0000
vt 0.6634 0.4225 0.0000
vt 0.6663 0.4146 0.0000
vt 0.6660 0.4192 0.0000
vt 0.8477 0.4588 0.0000
vt 0.8469 0.4566 0.0000
vt 0.6636 0.4131 0.0000
vt 0.6671 0.4040 0.0000
vt 0.6666 0.4098 0.0000
vt 0.6634 0.4183 0.0000
vt 0.8540 0.5022 0.0000
vt 0.8552 0.5128 0.0000
vt 0.8530 0.5067 0.0000
vt 0.8520 0.4968 0.0000
vt 0.8510 0.4878 0.0000
vt 0.8528 0.4924 0.0000
vt 0.8519 0.4856 0.0000
vt 0.8503 0.4813 0.0000
vt 0.8568 0.5301 0.0000
vt 0.8562 0.5220 0.0000
vt 0.8543 0.5230 0.0000
vt 0.8537 0.5153 0.0000
vt 0.6688 0.3738 0.0000
vt 0.6686 0.3806 0.0000
vt 0.6638 0.3939 0.0000
vt 0.6637 0.3878 0.0000
vt 0.6682 0.3882 0.0000
vt 0.6638 0.4003 0.0000
vt 0.6677 0.3964 0.0000
vt 0.6637 0.4069 0.0000
vt 0.6690 0.3603 0.0000
vt 0.6689 0.3673 0.0000
vt 0.6635 0.3823 0.0000
vt 0.6631 0.3766 0.0000
vt 0.8592 0.5575 0.0000
vt 0.8599 0.5702 0.0000
vt 0.8562 0.5603 0.0000
vt 0.8560 0.5484 0.0000
vt 0.8553 0.5386 0.0000
vt 0.8583 0.5468 0.0000
vt 0.6686 0.3423 0.0000
vt 0.6690 0.3522 0.0000
vt 0.6625 0.3702 0.0000
vt 0.6613 0.3623 0.0000
vt 0.8575 0.5380 0.0000
vt 0.8547 0.5304 0.0000
vt 0.8589 0.6000 0.0000
vt 0.8598 0.5849 0.0000
vt 0.8556 0.5739 0.0000
vt 0.8544 0.5880 0.0000
vt 0.6591 0.3526 0.0000
vt 0.6563 0.3423 0.0000
vt 0.6651 0.3184 0.0000
vt 0.6672 0.3306 0.0000
vt 0.6495 0.3239 0.0000
vt 0.6598 0.2968 0.0000
vt 0.6626 0.3072 0.0000
vt 0.6531 0.3327 0.0000
vt 0.8502 0.6520 0.0000
vt 0.8534 0.6392 0.0000
vt 0.8442 0.6366 0.0000
vt 0.8478 0.6247 0.0000
vt 0.8557 0.6266 0.0000
vt 0.8504 0.6130 0.0000
vt 0.6521 0.2766 0.0000
vt 0.6564 0.2868 0.0000
vt 0.6454 0.3156 0.0000
vt 0.6404 0.3072 0.0000
vt 0.8575 0.6138 0.0000
vt 0.8526 0.6010 0.0000
vt 0.8453 0.6649 0.0000
vt 0.8389 0.6487 0.0000
vt 0.6373 0.2568 0.0000
vt 0.6461 0.2663 0.0000
vt 0.6337 0.2984 0.0000
vt 0.6245 0.2902 0.0000
vt 0.7927 0.5989 0.0000
vt 0.8176 0.6257 0.0000
vt 0.8057 0.6327 0.0000
vt 0.7955 0.6371 0.0000
vt 0.7824 0.6031 0.0000
vt 0.6255 0.2497 0.0000
vt 0.6124 0.2836 0.0000
vt 0.6021 0.2793 0.0000
vt 0.6153 0.2454 0.0000
vt 0.7329 0.9539 0.0000
vt 0.6967 0.9544 0.0000
vt 0.6967 0.9527 0.0000
vt 0.7329 0.9523 0.0000
vt 0.6109 0.2437 0.0000
vt 0.5977 0.2777 0.0000
vt 0.6802 0.9528 0.0000
vt 0.6800 0.9543 0.0000
vt 0.6740 0.9544 0.0000
vt 0.6743 0.9530 0.0000
vt 0.5964 0.2956 0.0000
vt 0.5921 0.2941 0.0000
vt 0.5949 0.2995 0.0000
vt 0.5971 0.2999 0.0000
vt 0.6062 0.2998 0.0000
vt 0.6050 0.3036 0.0000
vt 0.6183 0.3062 0.0000
vt 0.7865 0.5827 0.0000
vt 0.7767 0.5868 0.0000
vt 0.6278 0.3139 0.0000
vt 0.6348 0.3219 0.0000
vt 0.6402 0.3294 0.0000
vt 0.6447 0.3369 0.0000
vt 0.6485 0.3450 0.0000
vt 0.6520 0.3538 0.0000
vt 0.6552 0.3632 0.0000
vt 0.6578 0.3719 0.0000
vt 0.6594 0.3788 0.0000
vt 0.6603 0.3844 0.0000
vt 0.6609 0.3894 0.0000
vt 0.6613 0.3946 0.0000
vt 0.6617 0.4061 0.0000
vt 0.6618 0.4119 0.0000
vt 0.6619 0.4174 0.0000
vt 0.6616 0.4002 0.0000
vt 0.6619 0.4223 0.0000
vt 0.6620 0.4263 0.0000
vt 0.6622 0.4295 0.0000
vt 0.6625 0.4328 0.0000
vt 0.5070 0.9487 0.0000
vt 0.5061 0.9487 0.0000
vt 0.5061 0.9474 0.0000
vt 0.5071 0.9473 0.0000
vt 0.8429 0.4418 0.0000
vt 0.8426 0.4428 0.0000
vt 0.6627 0.4365 0.0000
vt 0.6628 0.4394 0.0000
vt 0.8463 0.4634 0.0000
vt 0.8466 0.4680 0.0000
vt 0.8459 0.4582 0.0000
vt 0.8453 0.4524 0.0000
vt 0.8485 0.4944 0.0000
vt 0.8480 0.4862 0.0000
vt 0.8474 0.4786 0.0000
vt 0.8469 0.4727 0.0000
vt 0.8489 0.5020 0.0000
vt 0.8491 0.5088 0.0000
vt 0.8493 0.5303 0.0000
vt 0.8489 0.5402 0.0000
vt 0.8493 0.5222 0.0000
vt 0.8492 0.5153 0.0000
vt 0.8475 0.5519 0.0000
vt 0.8454 0.5641 0.0000
vt 0.8323 0.6059 0.0000
vt 0.8367 0.5958 0.0000
vt 0.8400 0.5858 0.0000
vt 0.8429 0.5754 0.0000
vt 0.8264 0.6163 0.0000
vt 0.5061 0.9513 0.0000
vt 0.5071 0.9513 0.0000
vt 0.5061 0.9539 0.0000
vt 0.5050 0.9539 0.0000
vt 0.5050 0.9513 0.0000
vt 0.7724 0.5883 0.0000
vt 0.7780 0.6048 0.0000
vt 0.6799 0.9462 0.0000
vt 0.6966 0.9458 0.0000
vt 0.6967 0.9474 0.0000
vt 0.6802 0.9477 0.0000
vt 0.7911 0.6388 0.0000
vt 0.8045 0.6731 0.0000
vt 0.7328 0.9453 0.0000
vt 0.7694 0.9449 0.0000
vt 0.7694 0.9465 0.0000
vt 0.7328 0.9469 0.0000
vt 0.5023 0.9540 0.0000
vt 0.5023 0.9513 0.0000
vt 0.4995 0.9513 0.0000
vt 0.4994 0.9540 0.0000
vt 0.4875 0.9512 0.0000
vt 0.4875 0.9539 0.0000
vt 0.4789 0.9539 0.0000
vt 0.4789 0.9511 0.0000
vt 0.4944 0.9512 0.0000
vt 0.4944 0.9540 0.0000
vt 0.8421 0.4490 0.0000
vt 0.8423 0.4455 0.0000
vt 0.5099 0.9486 0.0000
vt 0.5099 0.9472 0.0000
vt 0.5134 0.9471 0.0000
vt 0.5134 0.9485 0.0000
vt 0.4976 0.9540 0.0000
vt 0.4976 0.9512 0.0000
vt 0.8415 0.4552 0.0000
vt 0.8418 0.4520 0.0000
vt 0.5197 0.9471 0.0000
vt 0.5196 0.9485 0.0000
vt 0.5165 0.9485 0.0000
vt 0.5165 0.9471 0.0000
vt 0.4522 0.9536 0.0000
vt 0.4522 0.9509 0.0000
vt 0.4592 0.9509 0.0000
vt 0.4592 0.9537 0.0000
vt 0.4648 0.9510 0.0000
vt 0.4648 0.9537 0.0000
vt 0.8414 0.4639 0.0000
vt 0.8414 0.4591 0.0000
vt 0.5285 0.9470 0.0000
vt 0.5285 0.9484 0.0000
vt 0.5237 0.9485 0.0000
vt 0.5237 0.9471 0.0000
vt 0.4712 0.9510 0.0000
vt 0.4712 0.9538 0.0000
vt 0.4311 0.9535 0.0000
vt 0.4311 0.9507 0.0000
vt 0.4421 0.9508 0.0000
vt 0.4421 0.9536 0.0000
vt 0.8413 0.4692 0.0000
vt 0.8411 0.4748 0.0000
vt 0.5338 0.9484 0.0000
vt 0.5338 0.9470 0.0000
vt 0.5395 0.9470 0.0000
vt 0.5394 0.9484 0.0000
vt 0.8409 0.4806 0.0000
vt 0.8406 0.4860 0.0000
vt 0.5507 0.9469 0.0000
vt 0.5507 0.9483 0.0000
vt 0.5452 0.9483 0.0000
vt 0.5452 0.9469 0.0000
vt 0.4053 0.9505 0.0000
vt 0.4052 0.9533 0.0000
vt 0.3962 0.9532 0.0000
vt 0.3962 0.9504 0.0000
vt 0.4133 0.9506 0.0000
vt 0.4133 0.9533 0.0000
vt 0.8402 0.4910 0.0000
vt 0.8395 0.4959 0.0000
vt 0.5606 0.9482 0.0000
vt 0.5557 0.9483 0.0000
vt 0.5557 0.9469 0.0000
vt 0.5606 0.9468 0.0000
vt 0.4216 0.9506 0.0000
vt 0.4216 0.9534 0.0000
vt 0.8385 0.5012 0.0000
vt 0.8369 0.5079 0.0000
vt 0.5660 0.9468 0.0000
vt 0.5728 0.9468 0.0000
vt 0.5727 0.9482 0.0000
vt 0.5659 0.9482 0.0000
vt 0.8310 0.5254 0.0000
vt 0.8342 0.5163 0.0000
vt 0.5912 0.9481 0.0000
vt 0.5815 0.9481 0.0000
vt 0.5816 0.9467 0.0000
vt 0.5912 0.9466 0.0000
vt 0.3717 0.9502 0.0000
vt 0.3851 0.9504 0.0000
vt 0.3850 0.9531 0.0000
vt 0.3717 0.9530 0.0000
vt 0.3131 0.9525 0.0000
vt 0.3131 0.9498 0.0000
vt 0.3266 0.9499 0.0000
vt 0.3265 0.9526 0.0000
vt 0.3409 0.9500 0.0000
vt 0.3409 0.9528 0.0000
vt 0.8234 0.5418 0.0000
vt 0.8274 0.5340 0.0000
vt 0.6004 0.9466 0.0000
vt 0.6092 0.9465 0.0000
vt 0.6091 0.9479 0.0000
vt 0.6004 0.9480 0.0000
vt 0.3564 0.9501 0.0000
vt 0.3564 0.9529 0.0000
vt 0.8134 0.5563 0.0000
vt 0.8189 0.5491 0.0000
vt 0.6177 0.9465 0.0000
vt 0.6268 0.9464 0.0000
vt 0.6267 0.9478 0.0000
vt 0.6176 0.9479 0.0000
vt 0.8064 0.5641 0.0000
vt 0.6372 0.9478 0.0000
vt 0.6372 0.9463 0.0000
vt 0.2999 0.9497 0.0000
vt 0.2999 0.9524 0.0000
vt 0.2863 0.9523 0.0000
vt 0.2863 0.9496 0.0000
vt 0.2442 0.9492 0.0000
vt 0.2582 0.9493 0.0000
vt 0.2581 0.9521 0.0000
vt 0.2442 0.9520 0.0000
vt 0.2332 0.9491 0.0000
vt 0.6633 0.9504 0.0000
vt 0.6743 0.9503 0.0000
vt 0.6633 0.9531 0.0000
vt 0.6495 0.9504 0.0000
vt 0.2722 0.9495 0.0000
vt 0.2721 0.9522 0.0000
vt 0.8119 0.6901 0.0000
vt 0.2268 0.9447 0.0000
vt 0.2263 0.9462 0.0000
vt 0.7877 0.9447 0.0000
vt 0.7877 0.9462 0.0000
vt 0.6674 0.2120 0.0000
vt 0.6596 0.2005 0.0000
vt 0.2722 0.9537 0.0000
vt 0.2582 0.9536 0.0000
vt 0.2864 0.9538 0.0000
vt 0.6722 0.2251 0.0000
vt 0.6044 0.3044 0.0000
vt 0.6632 0.9546 0.0000
vt 0.6482 0.1926 0.0000
vt 0.2443 0.9534 0.0000
vt 0.6753 0.2382 0.0000
vt 0.3000 0.9539 0.0000
vt 0.3132 0.9540 0.0000
vt 0.6775 0.2511 0.0000
vt 0.6812 0.2937 0.0000
vt 0.6805 0.2783 0.0000
vt 0.3565 0.9544 0.0000
vt 0.3410 0.9542 0.0000
vt 0.3718 0.9545 0.0000
vt 0.6812 0.3088 0.0000
vt 0.6792 0.2642 0.0000
vt 0.3266 0.9541 0.0000
vt 0.6805 0.3219 0.0000
vt 0.3851 0.9546 0.0000
vt 0.3962 0.9547 0.0000
vt 0.6794 0.3329 0.0000
vt 0.6779 0.3500 0.0000
vt 0.6771 0.3582 0.0000
vt 0.4216 0.9549 0.0000
vt 0.4134 0.9548 0.0000
vt 0.4311 0.9550 0.0000
vt 0.6762 0.3676 0.0000
vt 0.6786 0.3419 0.0000
vt 0.4053 0.9547 0.0000
vt 0.6749 0.3786 0.0000
vt 0.4421 0.9550 0.0000
vt 0.4522 0.9551 0.0000
vt 0.6736 0.3886 0.0000
vt 0.6719 0.4011 0.0000
vt 0.6710 0.4074 0.0000
vt 0.4712 0.9553 0.0000
vt 0.4648 0.9552 0.0000
vt 0.4789 0.9553 0.0000
vt 0.6698 0.4149 0.0000
vt 0.6726 0.3955 0.0000
vt 0.4592 0.9552 0.0000
vt 0.6659 0.4325 0.0000
vt 0.6654 0.4343 0.0000
vt 0.6668 0.4296 0.0000
vt 0.4972 0.9555 0.0000
vt 0.4941 0.9554 0.0000
vt 0.4991 0.9555 0.0000
vt 0.6682 0.4232 0.0000
vt 0.4874 0.9554 0.0000
vt 0.6644 0.4370 0.0000
vt 0.6634 0.4397 0.0000
vt 0.5020 0.9555 0.0000
vt 0.5049 0.9554 0.0000
vt 0.6626 0.4408 0.0000
vt 0.5062 0.9553 0.0000
vt 0.6802 0.9502 0.0000
vt 0.6967 0.9500 0.0000
vt 0.7329 0.9496 0.0000
vt 0.7694 0.9492 0.0000
vt 0.5134 0.9513 0.0000
vt 0.5099 0.9513 0.0000
vt 0.5165 0.9512 0.0000
vt 0.5197 0.9512 0.0000
vt 0.5237 0.9512 0.0000
vt 0.5285 0.9512 0.0000
vt 0.5395 0.9511 0.0000
vt 0.5338 0.9511 0.0000
vt 0.5507 0.9510 0.0000
vt 0.5452 0.9511 0.0000
vt 0.5606 0.9510 0.0000
vt 0.5557 0.9510 0.0000
vt 0.5727 0.9509 0.0000
vt 0.5660 0.9509 0.0000
vt 0.5912 0.9508 0.0000
vt 0.5815 0.9508 0.0000
vt 0.6004 0.9507 0.0000
vt 0.6091 0.9507 0.0000
vt 0.6267 0.9506 0.0000
vt 0.6176 0.9506 0.0000
vt 0.6372 0.9505 0.0000
vt 0.7878 0.9489 0.0000
vt 0.2262 0.9490 0.0000
vt 0.7695 0.9637 0.0000
vt 0.7878 0.9635 0.0000
vt 0.7878 0.9651 0.0000
vt 0.7695 0.9653 0.0000
vt 0.2335 0.9651 0.0000
vt 0.2267 0.9652 0.0000
vt 0.2262 0.9636 0.0000
vt 0.2332 0.9636 0.0000
vt 0.6318 0.4448 0.0000
vt 0.6380 0.4418 0.0000
vt 0.6398 0.4433 0.0000
vt 0.6360 0.4466 0.0000
vt 0.6243 0.4618 0.0000
vt 0.6287 0.4635 0.0000
vt 0.6458 0.4510 0.0000
vt 0.6389 0.4680 0.0000
vt 0.6479 0.4464 0.0000
vt 0.6590 0.4541 0.0000
vt 0.6571 0.4589 0.0000
vt 0.6505 0.4756 0.0000
vt 0.2583 0.9570 0.0000
vt 0.2724 0.9571 0.0000
vt 0.2722 0.9586 0.0000
vt 0.2582 0.9585 0.0000
vt 0.8471 0.4170 0.0000
vt 0.8476 0.4182 0.0000
vt 0.8397 0.4297 0.0000
vt 0.8392 0.4285 0.0000
vt 0.8518 0.4039 0.0000
vt 0.8524 0.4050 0.0000
vt 0.2865 0.9572 0.0000
vt 0.2864 0.9587 0.0000
vt 0.8259 0.4316 0.0000
vt 0.8191 0.4145 0.0000
vt 0.8307 0.4069 0.0000
vt 0.8373 0.4237 0.0000
vt 0.8280 0.4362 0.0000
vt 0.8199 0.4392 0.0000
vt 0.8161 0.4359 0.0000
vt 0.8089 0.4190 0.0000
vt 0.6632 0.9580 0.0000
vt 0.6740 0.9581 0.0000
vt 0.6743 0.9595 0.0000
vt 0.6633 0.9594 0.0000
vt 0.6495 0.9581 0.0000
vt 0.6495 0.9595 0.0000
vt 0.7853 0.3264 0.0000
vt 0.7847 0.3256 0.0000
vt 0.7967 0.3192 0.0000
vt 0.7971 0.3201 0.0000
vt 0.7774 0.3302 0.0000
vt 0.7752 0.3305 0.0000
vt 0.2444 0.9569 0.0000
vt 0.2443 0.9583 0.0000
vt 0.2336 0.9568 0.0000
vt 0.2332 0.9583 0.0000
vt 0.8283 0.4375 0.0000
vt 0.8181 0.4407 0.0000
vt 0.3000 0.9588 0.0000
vt 0.3001 0.9574 0.0000
vt 0.8550 0.3909 0.0000
vt 0.8555 0.3920 0.0000
vt 0.8572 0.3781 0.0000
vt 0.8577 0.3790 0.0000
vt 0.3134 0.9575 0.0000
vt 0.3132 0.9589 0.0000
vt 0.6651 0.4701 0.0000
vt 0.6587 0.4863 0.0000
vt 0.6669 0.4656 0.0000
vt 0.6716 0.4786 0.0000
vt 0.6699 0.4830 0.0000
vt 0.6639 0.4983 0.0000
vt 0.8140 0.3317 0.0000
vt 0.8047 0.3399 0.0000
vt 0.7986 0.3239 0.0000
vt 0.8081 0.3162 0.0000
vt 0.8067 0.3125 0.0000
vt 0.8151 0.3082 0.0000
vt 0.8138 0.3047 0.0000
vt 0.8207 0.3229 0.0000
vt 0.6373 0.9651 0.0000
vt 0.6495 0.9650 0.0000
vt 0.6496 0.9665 0.0000
vt 0.6373 0.9666 0.0000
vt 0.6264 0.5700 0.0000
vt 0.6260 0.5709 0.0000
vt 0.6164 0.5633 0.0000
vt 0.6168 0.5624 0.0000
vt 0.6335 0.5778 0.0000
vt 0.6331 0.5786 0.0000
vt 0.6269 0.9666 0.0000
vt 0.6268 0.9652 0.0000
vt 0.8288 0.2852 0.0000
vt 0.8334 0.2975 0.0000
vt 0.8298 0.3063 0.0000
vt 0.8250 0.2932 0.0000
vt 0.8238 0.2901 0.0000
vt 0.8278 0.2823 0.0000
vt 0.8314 0.2737 0.0000
vt 0.8324 0.2764 0.0000
vt 0.8366 0.2878 0.0000
vt 0.6675 0.5102 0.0000
vt 0.6731 0.4957 0.0000
vt 0.6747 0.4916 0.0000
vt 0.6754 0.5083 0.0000
vt 0.6769 0.5045 0.0000
vt 0.6702 0.5219 0.0000
vt 0.8205 0.3007 0.0000
vt 0.8257 0.3145 0.0000
vt 0.8193 0.2974 0.0000
vt 0.6178 0.9667 0.0000
vt 0.6177 0.9652 0.0000
vt 0.6390 0.5851 0.0000
vt 0.6386 0.5859 0.0000
vt 0.6435 0.5924 0.0000
vt 0.6431 0.5932 0.0000
vt 0.6093 0.9667 0.0000
vt 0.6092 0.9653 0.0000
vt 0.3410 0.9591 0.0000
vt 0.3411 0.9577 0.0000
vt 0.3566 0.9578 0.0000
vt 0.3565 0.9592 0.0000
vt 0.8607 0.3518 0.0000
vt 0.8602 0.3509 0.0000
vt 0.8609 0.3356 0.0000
vt 0.8615 0.3364 0.0000
vt 0.8609 0.3206 0.0000
vt 0.8615 0.3213 0.0000
vt 0.3719 0.9579 0.0000
vt 0.3718 0.9594 0.0000
vt 0.6005 0.9653 0.0000
vt 0.6005 0.9668 0.0000
vt 0.6470 0.6010 0.0000
vt 0.6475 0.6003 0.0000
vt 0.6510 0.6089 0.0000
vt 0.6506 0.6095 0.0000
vt 0.5913 0.9668 0.0000
vt 0.5912 0.9654 0.0000
vt 0.3268 0.9576 0.0000
vt 0.3266 0.9590 0.0000
vt 0.8589 0.3650 0.0000
vt 0.8595 0.3659 0.0000
vt 0.6773 0.5212 0.0000
vt 0.6723 0.5340 0.0000
vt 0.6787 0.5176 0.0000
vt 0.6786 0.5350 0.0000
vt 0.6799 0.5316 0.0000
vt 0.6741 0.5469 0.0000
vt 0.3852 0.9580 0.0000
vt 0.3851 0.9595 0.0000
vt 0.8607 0.3082 0.0000
vt 0.8602 0.3076 0.0000
vt 0.8597 0.2972 0.0000
vt 0.8591 0.2967 0.0000
vt 0.3963 0.9596 0.0000
vt 0.3963 0.9581 0.0000
vt 0.6753 0.5610 0.0000
vt 0.6795 0.5500 0.0000
vt 0.6807 0.5469 0.0000
vt 0.6807 0.5619 0.0000
vt 0.6796 0.5647 0.0000
vt 0.6759 0.5747 0.0000
vt 0.8356 0.2670 0.0000
vt 0.8394 0.2775 0.0000
vt 0.8346 0.2645 0.0000
vt 0.8381 0.2583 0.0000
vt 0.8373 0.2560 0.0000
vt 0.8416 0.2678 0.0000
vt 0.5816 0.9654 0.0000
vt 0.5817 0.9669 0.0000
vt 0.6543 0.6181 0.0000
vt 0.6539 0.6187 0.0000
vt 0.6570 0.6266 0.0000
vt 0.6565 0.6271 0.0000
vt 0.5729 0.9670 0.0000
vt 0.5728 0.9655 0.0000
vt 0.8406 0.2458 0.0000
vt 0.8413 0.2407 0.0000
vt 0.8438 0.2479 0.0000
vt 0.8434 0.2536 0.0000
vt 0.8406 0.2390 0.0000
vt 0.8400 0.2439 0.0000
vt 0.8411 0.2340 0.0000
vt 0.8416 0.2356 0.0000
vt 0.8441 0.2423 0.0000
vt 0.6789 0.5775 0.0000
vt 0.6757 0.5865 0.0000
vt 0.6799 0.5750 0.0000
vt 0.6780 0.5882 0.0000
vt 0.6788 0.5858 0.0000
vt 0.6750 0.5964 0.0000
vt 0.8397 0.2513 0.0000
vt 0.8428 0.2600 0.0000
vt 0.8390 0.2493 0.0000
vt 0.5660 0.9655 0.0000
vt 0.5661 0.9670 0.0000
vt 0.6586 0.6333 0.0000
vt 0.6582 0.6338 0.0000
vt 0.6596 0.6386 0.0000
vt 0.6592 0.6391 0.0000
vt 0.5607 0.9670 0.0000
vt 0.5606 0.9656 0.0000
vt 0.4135 0.9583 0.0000
vt 0.4218 0.9583 0.0000
vt 0.4217 0.9598 0.0000
vt 0.4134 0.9597 0.0000
vt 0.8581 0.2802 0.0000
vt 0.8576 0.2797 0.0000
vt 0.8569 0.2715 0.0000
vt 0.8574 0.2719 0.0000
vt 0.8559 0.2621 0.0000
vt 0.8564 0.2625 0.0000
vt 0.4312 0.9598 0.0000
vt 0.4312 0.9584 0.0000
vt 0.5558 0.9671 0.0000
vt 0.5557 0.9656 0.0000
vt 0.6603 0.6436 0.0000
vt 0.6598 0.6439 0.0000
vt 0.6608 0.6486 0.0000
vt 0.6602 0.6489 0.0000
vt 0.5508 0.9671 0.0000
vt 0.5507 0.9656 0.0000
vt 0.4054 0.9582 0.0000
vt 0.4053 0.9596 0.0000
vt 0.8583 0.2877 0.0000
vt 0.8588 0.2882 0.0000
vt 0.6772 0.5970 0.0000
vt 0.6744 0.6045 0.0000
vt 0.6780 0.5948 0.0000
vt 0.6773 0.6028 0.0000
vt 0.6765 0.6048 0.0000
vt 0.6740 0.6120 0.0000
vt 0.6717 0.6382 0.0000
vt 0.6727 0.6283 0.0000
vt 0.6749 0.6222 0.0000
vt 0.6737 0.6328 0.0000
vt 0.6756 0.6204 0.0000
vt 0.6743 0.6313 0.0000
vt 0.6730 0.6413 0.0000
vt 0.6725 0.6426 0.0000
vt 0.6707 0.6472 0.0000
vt 0.6758 0.6129 0.0000
vt 0.6734 0.6196 0.0000
vt 0.6766 0.6111 0.0000
vt 0.8419 0.2300 0.0000
vt 0.8441 0.2363 0.0000
vt 0.8413 0.2285 0.0000
vt 0.8415 0.2227 0.0000
vt 0.8420 0.2241 0.0000
vt 0.8441 0.2299 0.0000
vt 0.5453 0.9671 0.0000
vt 0.5453 0.9656 0.0000
vt 0.6605 0.6544 0.0000
vt 0.6610 0.6541 0.0000
vt 0.6612 0.6599 0.0000
vt 0.6607 0.6602 0.0000
vt 0.5395 0.9657 0.0000
vt 0.5396 0.9672 0.0000
vt 0.8439 0.2171 0.0000
vt 0.8422 0.2128 0.0000
vt 0.8422 0.2079 0.0000
vt 0.8437 0.2119 0.0000
vt 0.8418 0.2117 0.0000
vt 0.8419 0.2069 0.0000
vt 0.8419 0.2030 0.0000
vt 0.8423 0.2039 0.0000
vt 0.8437 0.2077 0.0000
vt 0.8422 0.2182 0.0000
vt 0.8440 0.2233 0.0000
vt 0.8417 0.2171 0.0000
vt 0.5339 0.9672 0.0000
vt 0.5339 0.9657 0.0000
vt 0.6609 0.6658 0.0000
vt 0.6614 0.6655 0.0000
vt 0.6615 0.6709 0.0000
vt 0.6610 0.6711 0.0000
vt 0.5286 0.9672 0.0000
vt 0.5286 0.9658 0.0000
vt 0.4422 0.9585 0.0000
vt 0.4422 0.9599 0.0000
vt 0.8551 0.2516 0.0000
vt 0.8546 0.2513 0.0000
vt 0.8533 0.2413 0.0000
vt 0.8538 0.2416 0.0000
vt 0.4523 0.9586 0.0000
vt 0.4523 0.9600 0.0000
vt 0.4713 0.9587 0.0000
vt 0.4713 0.9601 0.0000
vt 0.4649 0.9601 0.0000
vt 0.4649 0.9587 0.0000
vt 0.8516 0.2289 0.0000
vt 0.8508 0.2226 0.0000
vt 0.8513 0.2228 0.0000
vt 0.8521 0.2291 0.0000
vt 0.8496 0.2151 0.0000
vt 0.8501 0.2152 0.0000
vt 0.4790 0.9588 0.0000
vt 0.4790 0.9602 0.0000
vt 0.5238 0.9673 0.0000
vt 0.5237 0.9658 0.0000
vt 0.6610 0.6758 0.0000
vt 0.6616 0.6756 0.0000
vt 0.6616 0.6796 0.0000
vt 0.6611 0.6798 0.0000
vt 0.5197 0.9673 0.0000
vt 0.5197 0.9658 0.0000
vt 0.4593 0.9601 0.0000
vt 0.4593 0.9586 0.0000
vt 0.8524 0.2344 0.0000
vt 0.8529 0.2346 0.0000
vt 0.6716 0.6494 0.0000
vt 0.6699 0.6537 0.0000
vt 0.6721 0.6482 0.0000
vt 0.6713 0.6537 0.0000
vt 0.6709 0.6548 0.0000
vt 0.6693 0.6589 0.0000
vt 0.8428 0.1974 0.0000
vt 0.8430 0.1937 0.0000
vt 0.8437 0.1957 0.0000
vt 0.8438 0.2001 0.0000
vt 0.8428 0.1933 0.0000
vt 0.8425 0.1968 0.0000
vt 0.8429 0.1910 0.0000
vt 0.8431 0.1908 0.0000
vt 0.8436 0.1921 0.0000
vt 0.6701 0.6610 0.0000
vt 0.6687 0.6646 0.0000
vt 0.6705 0.6600 0.0000
vt 0.6693 0.6675 0.0000
vt 0.6689 0.6683 0.0000
vt 0.6678 0.6711 0.0000
vt 0.8425 0.2006 0.0000
vt 0.8437 0.2040 0.0000
vt 0.8422 0.1998 0.0000
vt 0.5166 0.9673 0.0000
vt 0.5166 0.9658 0.0000
vt 0.6619 0.6827 0.0000
vt 0.6614 0.6829 0.0000
vt 0.6622 0.6858 0.0000
vt 0.6617 0.6860 0.0000
vt 0.5135 0.9673 0.0000
vt 0.5135 0.9658 0.0000
vt 0.4992 0.9590 0.0000
vt 0.4995 0.9604 0.0000
vt 0.4977 0.9604 0.0000
vt 0.4973 0.9589 0.0000
vt 0.4942 0.9589 0.0000
vt 0.4945 0.9603 0.0000
vt 0.8462 0.1976 0.0000
vt 0.8470 0.2006 0.0000
vt 0.8469 0.2019 0.0000
vt 0.8465 0.2002 0.0000
vt 0.8459 0.1984 0.0000
vt 0.8456 0.1959 0.0000
vt 0.5099 0.9658 0.0000
vt 0.5099 0.9673 0.0000
vt 0.6625 0.6893 0.0000
vt 0.6620 0.6895 0.0000
vt 0.6626 0.6915 0.0000
vt 0.6623 0.6922 0.0000
vt 0.5071 0.9672 0.0000
vt 0.5071 0.9657 0.0000
vt 0.4875 0.9589 0.0000
vt 0.4875 0.9603 0.0000
vt 0.8485 0.2070 0.0000
vt 0.8480 0.2071 0.0000
vt 0.6666 0.6784 0.0000
vt 0.6674 0.6762 0.0000
vt 0.6677 0.6755 0.0000
vt 0.6667 0.6806 0.0000
vt 0.6662 0.6823 0.0000
vt 0.6656 0.6842 0.0000
vt 0.6656 0.6768 0.0000
vt 0.6650 0.6826 0.0000
vt 0.6634 0.6869 0.0000
vt 0.6635 0.6824 0.0000
vt 0.6645 0.6874 0.0000
vt 0.6633 0.6905 0.0000
vt 0.5051 0.9605 0.0000
vt 0.5023 0.9604 0.0000
vt 0.5021 0.9590 0.0000
vt 0.5050 0.9591 0.0000
vt 0.8447 0.1932 0.0000
vt 0.8447 0.1952 0.0000
vt 0.8437 0.1905 0.0000
vt 0.8512 0.2277 0.0000
vt 0.8504 0.2216 0.0000
vt 0.8496 0.2237 0.0000
vt 0.8490 0.2180 0.0000
vt 0.8493 0.2143 0.0000
vt 0.8481 0.2114 0.0000
vt 0.6634 0.6786 0.0000
vt 0.6634 0.6749 0.0000
vt 0.6663 0.6670 0.0000
vt 0.6660 0.6716 0.0000
vt 0.8477 0.2064 0.0000
vt 0.8469 0.2042 0.0000
vt 0.6636 0.6655 0.0000
vt 0.6671 0.6564 0.0000
vt 0.6666 0.6622 0.0000
vt 0.6634 0.6707 0.0000
vt 0.8540 0.2497 0.0000
vt 0.8552 0.2604 0.0000
vt 0.8530 0.2542 0.0000
vt 0.8520 0.2444 0.0000
vt 0.8510 0.2354 0.0000
vt 0.8528 0.2400 0.0000
vt 0.8519 0.2332 0.0000
vt 0.8503 0.2289 0.0000
vt 0.8568 0.2777 0.0000
vt 0.8562 0.2696 0.0000
vt 0.8543 0.2706 0.0000
vt 0.8537 0.2629 0.0000
vt 0.6688 0.6262 0.0000
vt 0.6686 0.6330 0.0000
vt 0.6638 0.6463 0.0000
vt 0.6637 0.6403 0.0000
vt 0.6682 0.6406 0.0000
vt 0.6638 0.6527 0.0000
vt 0.6677 0.6488 0.0000
vt 0.6637 0.6593 0.0000
vt 0.6690 0.6128 0.0000
vt 0.6689 0.6197 0.0000
vt 0.6635 0.6347 0.0000
vt 0.6631 0.6290 0.0000
vt 0.8592 0.3051 0.0000
vt 0.8599 0.3178 0.0000
vt 0.8562 0.3079 0.0000
vt 0.8560 0.2960 0.0000
vt 0.8553 0.2862 0.0000
vt 0.8583 0.2944 0.0000
vt 0.6686 0.5948 0.0000
vt 0.6690 0.6046 0.0000
vt 0.6625 0.6226 0.0000
vt 0.6613 0.6147 0.0000
vt 0.8575 0.2856 0.0000
vt 0.8547 0.2780 0.0000
vt 0.8589 0.3476 0.0000
vt 0.8598 0.3325 0.0000
vt 0.8556 0.3215 0.0000
vt 0.8544 0.3356 0.0000
vt 0.6591 0.6050 0.0000
vt 0.6563 0.5947 0.0000
vt 0.6651 0.5708 0.0000
vt 0.6672 0.5830 0.0000
vt 0.6495 0.5763 0.0000
vt 0.6598 0.5492 0.0000
vt 0.6626 0.5596 0.0000
vt 0.6531 0.5851 0.0000
vt 0.8502 0.3996 0.0000
vt 0.8534 0.3868 0.0000
vt 0.8442 0.3842 0.0000
vt 0.8478 0.3723 0.0000
vt 0.8557 0.3742 0.0000
vt 0.8504 0.3606 0.0000
vt 0.6521 0.5291 0.0000
vt 0.6564 0.5392 0.0000
vt 0.6454 0.5680 0.0000
vt 0.6404 0.5596 0.0000
vt 0.8575 0.3614 0.0000
vt 0.8526 0.3485 0.0000
vt 0.8453 0.4125 0.0000
vt 0.8389 0.3963 0.0000
vt 0.6373 0.5092 0.0000
vt 0.6461 0.5187 0.0000
vt 0.6337 0.5508 0.0000
vt 0.6245 0.5426 0.0000
vt 0.7927 0.3465 0.0000
vt 0.8176 0.3733 0.0000
vt 0.8057 0.3803 0.0000
vt 0.7955 0.3847 0.0000
vt 0.7824 0.3507 0.0000
vt 0.6255 0.5021 0.0000
vt 0.6124 0.5360 0.0000
vt 0.6021 0.5318 0.0000
vt 0.6153 0.4978 0.0000
vt 0.7329 0.9658 0.0000
vt 0.6967 0.9662 0.0000
vt 0.6967 0.9646 0.0000
vt 0.7329 0.9642 0.0000
vt 0.6109 0.4961 0.0000
vt 0.5977 0.5301 0.0000
vt 0.6803 0.9646 0.0000
vt 0.6800 0.9661 0.0000
vt 0.6740 0.9663 0.0000
vt 0.6744 0.9648 0.0000
vt 0.5964 0.5480 0.0000
vt 0.5921 0.5465 0.0000
vt 0.5949 0.5519 0.0000
vt 0.5971 0.5523 0.0000
vt 0.6062 0.5522 0.0000
vt 0.6050 0.5561 0.0000
vt 0.6183 0.5586 0.0000
vt 0.7865 0.3303 0.0000
vt 0.7767 0.3344 0.0000
vt 0.6278 0.5663 0.0000
vt 0.6348 0.5743 0.0000
vt 0.6402 0.5818 0.0000
vt 0.6447 0.5893 0.0000
vt 0.6485 0.5974 0.0000
vt 0.6520 0.6062 0.0000
vt 0.6552 0.6156 0.0000
vt 0.6578 0.6243 0.0000
vt 0.6594 0.6312 0.0000
vt 0.6603 0.6368 0.0000
vt 0.6609 0.6418 0.0000
vt 0.6613 0.6470 0.0000
vt 0.6617 0.6585 0.0000
vt 0.6618 0.6643 0.0000
vt 0.6619 0.6698 0.0000
vt 0.6616 0.6526 0.0000
vt 0.6619 0.6747 0.0000
vt 0.6620 0.6787 0.0000
vt 0.6622 0.6819 0.0000
vt 0.6625 0.6852 0.0000
vt 0.5071 0.9605 0.0000
vt 0.5062 0.9606 0.0000
vt 0.5062 0.9592 0.0000
vt 0.5071 0.9591 0.0000
vt 0.8429 0.1894 0.0000
vt 0.8426 0.1904 0.0000
vt 0.6627 0.6889 0.0000
vt 0.6628 0.6918 0.0000
vt 0.8463 0.2110 0.0000
vt 0.8466 0.2156 0.0000
vt 0.8459 0.2058 0.0000
vt 0.8453 0.1999 0.0000
vt 0.8485 0.2420 0.0000
vt 0.8480 0.2338 0.0000
vt 0.8474 0.2262 0.0000
vt 0.8469 0.2203 0.0000
vt 0.8489 0.2495 0.0000
vt 0.8491 0.2564 0.0000
vt 0.8493 0.2779 0.0000
vt 0.8489 0.2878 0.0000
vt 0.8493 0.2698 0.0000
vt 0.8492 0.2629 0.0000
vt 0.8475 0.2995 0.0000
vt 0.8454 0.3117 0.0000
vt 0.8323 0.3535 0.0000
vt 0.8367 0.3434 0.0000
vt 0.8400 0.3334 0.0000
vt 0.8429 0.3229 0.0000
vt 0.8264 0.3638 0.0000
vt 0.5062 0.9631 0.0000
vt 0.5071 0.9631 0.0000
vt 0.5062 0.9657 0.0000
vt 0.5051 0.9658 0.0000
vt 0.5050 0.9631 0.0000
vt 0.7724 0.3359 0.0000
vt 0.7780 0.3524 0.0000
vt 0.6799 0.9581 0.0000
vt 0.6966 0.9576 0.0000
vt 0.6967 0.9592 0.0000
vt 0.6802 0.9595 0.0000
vt 0.7911 0.3864 0.0000
vt 0.8045 0.4207 0.0000
vt 0.7328 0.9572 0.0000
vt 0.7694 0.9567 0.0000
vt 0.7694 0.9583 0.0000
vt 0.7328 0.9587 0.0000
vt 0.5023 0.9658 0.0000
vt 0.5023 0.9631 0.0000
vt 0.4995 0.9631 0.0000
vt 0.4995 0.9658 0.0000
vt 0.4875 0.9630 0.0000
vt 0.4875 0.9658 0.0000
vt 0.4789 0.9657 0.0000
vt 0.4790 0.9629 0.0000
vt 0.4944 0.9631 0.0000
vt 0.4944 0.9658 0.0000
vt 0.8421 0.1966 0.0000
vt 0.8423 0.1931 0.0000
vt 0.5099 0.9604 0.0000
vt 0.5099 0.9590 0.0000
vt 0.5135 0.9590 0.0000
vt 0.5135 0.9604 0.0000
vt 0.4977 0.9658 0.0000
vt 0.4977 0.9631 0.0000
vt 0.8415 0.2028 0.0000
vt 0.8418 0.1996 0.0000
vt 0.5197 0.9589 0.0000
vt 0.5197 0.9603 0.0000
vt 0.5165 0.9604 0.0000
vt 0.5165 0.9589 0.0000
vt 0.4522 0.9655 0.0000
vt 0.4522 0.9627 0.0000
vt 0.4592 0.9628 0.0000
vt 0.4592 0.9655 0.0000
vt 0.4648 0.9628 0.0000
vt 0.4648 0.9656 0.0000
vt 0.8414 0.2115 0.0000
vt 0.8414 0.2067 0.0000
vt 0.5285 0.9589 0.0000
vt 0.5285 0.9603 0.0000
vt 0.5237 0.9603 0.0000
vt 0.5237 0.9589 0.0000
vt 0.4712 0.9629 0.0000
vt 0.4712 0.9656 0.0000
vt 0.4311 0.9653 0.0000
vt 0.4311 0.9626 0.0000
vt 0.4422 0.9626 0.0000
vt 0.4421 0.9654 0.0000
vt 0.8413 0.2168 0.0000
vt 0.8411 0.2224 0.0000
vt 0.5338 0.9603 0.0000
vt 0.5339 0.9588 0.0000
vt 0.5395 0.9588 0.0000
vt 0.5395 0.9602 0.0000
vt 0.8409 0.2281 0.0000
vt 0.8406 0.2336 0.0000
vt 0.5507 0.9587 0.0000
vt 0.5507 0.9602 0.0000
vt 0.5452 0.9602 0.0000
vt 0.5453 0.9588 0.0000
vt 0.4053 0.9624 0.0000
vt 0.4053 0.9651 0.0000
vt 0.3962 0.9650 0.0000
vt 0.3962 0.9623 0.0000
vt 0.4134 0.9624 0.0000
vt 0.4134 0.9652 0.0000
vt 0.8402 0.2386 0.0000
vt 0.8395 0.2435 0.0000
vt 0.5606 0.9601 0.0000
vt 0.5557 0.9601 0.0000
vt 0.5557 0.9587 0.0000
vt 0.5606 0.9587 0.0000
vt 0.4217 0.9625 0.0000
vt 0.4216 0.9652 0.0000
vt 0.8385 0.2488 0.0000
vt 0.8369 0.2555 0.0000
vt 0.5660 0.9586 0.0000
vt 0.5728 0.9586 0.0000
vt 0.5728 0.9600 0.0000
vt 0.5660 0.9601 0.0000
vt 0.8310 0.2730 0.0000
vt 0.8342 0.2639 0.0000
vt 0.5912 0.9599 0.0000
vt 0.5816 0.9600 0.0000
vt 0.5816 0.9585 0.0000
vt 0.5913 0.9585 0.0000
vt 0.3718 0.9621 0.0000
vt 0.3851 0.9622 0.0000
vt 0.3851 0.9649 0.0000
vt 0.3718 0.9648 0.0000
vt 0.3132 0.9644 0.0000
vt 0.3132 0.9616 0.0000
vt 0.3266 0.9617 0.0000
vt 0.3266 0.9645 0.0000
vt 0.3409 0.9618 0.0000
vt 0.3409 0.9646 0.0000
vt 0.8234 0.2894 0.0000
vt 0.8274 0.2816 0.0000
vt 0.6005 0.9584 0.0000
vt 0.6092 0.9584 0.0000
vt 0.6091 0.9598 0.0000
vt 0.6004 0.9598 0.0000
vt 0.3565 0.9620 0.0000
vt 0.3565 0.9647 0.0000
vt 0.8134 0.3039 0.0000
vt 0.8189 0.2966 0.0000
vt 0.6177 0.9583 0.0000
vt 0.6268 0.9583 0.0000
vt 0.6268 0.9597 0.0000
vt 0.6177 0.9597 0.0000
vt 0.8064 0.3117 0.0000
vt 0.6372 0.9596 0.0000
vt 0.6373 0.9582 0.0000
vt 0.2999 0.9615 0.0000
vt 0.2999 0.9643 0.0000
vt 0.2863 0.9642 0.0000
vt 0.2863 0.9614 0.0000
vt 0.2443 0.9610 0.0000
vt 0.2582 0.9612 0.0000
vt 0.2582 0.9639 0.0000
vt 0.2442 0.9638 0.0000
vt 0.2332 0.9609 0.0000
vt 0.6633 0.9622 0.0000
vt 0.6743 0.9621 0.0000
vt 0.6633 0.9649 0.0000
vt 0.6495 0.9623 0.0000
vt 0.2722 0.9613 0.0000
vt 0.2722 0.9640 0.0000
vt 0.8119 0.4377 0.0000
vt 0.2268 0.9565 0.0000
vt 0.2263 0.9581 0.0000
vt 0.7877 0.9565 0.0000
vt 0.7877 0.9581 0.0000
vt 0.6674 0.4644 0.0000
vt 0.6596 0.4529 0.0000
vt 0.2723 0.9655 0.0000
vt 0.2582 0.9654 0.0000
vt 0.2864 0.9656 0.0000
vt 0.6722 0.4775 0.0000
vt 0.6044 0.5568 0.0000
vt 0.6633 0.9664 0.0000
vt 0.6482 0.4450 0.0000
vt 0.2443 0.9653 0.0000
vt 0.6753 0.4906 0.0000
vt 0.3000 0.9657 0.0000
vt 0.3133 0.9659 0.0000
vt 0.6775 0.5035 0.0000
vt 0.6805 0.5307 0.0000
vt 0.6812 0.5461 0.0000
vt 0.3566 0.9662 0.0000
vt 0.3410 0.9661 0.0000
vt 0.3719 0.9663 0.0000
vt 0.6812 0.5612 0.0000
vt 0.6792 0.5166 0.0000
vt 0.3267 0.9660 0.0000
vt 0.6805 0.5744 0.0000
vt 0.3852 0.9664 0.0000
vt 0.3963 0.9665 0.0000
vt 0.6794 0.5853 0.0000
vt 0.6779 0.6024 0.0000
vt 0.6771 0.6106 0.0000
vt 0.4217 0.9667 0.0000
vt 0.4134 0.9667 0.0000
vt 0.4312 0.9668 0.0000
vt 0.6762 0.6201 0.0000
vt 0.6786 0.5943 0.0000
vt 0.4054 0.9666 0.0000
vt 0.6749 0.6310 0.0000
vt 0.4422 0.9669 0.0000
vt 0.4523 0.9670 0.0000
vt 0.6736 0.6410 0.0000
vt 0.6710 0.6598 0.0000
vt 0.6719 0.6535 0.0000
vt 0.4712 0.9671 0.0000
vt 0.4648 0.9671 0.0000
vt 0.4790 0.9672 0.0000
vt 0.6698 0.6673 0.0000
vt 0.6726 0.6479 0.0000
vt 0.4593 0.9670 0.0000
vt 0.6659 0.6850 0.0000
vt 0.6654 0.6867 0.0000
vt 0.6668 0.6820 0.0000
vt 0.4941 0.9673 0.0000
vt 0.4973 0.9673 0.0000
vt 0.4991 0.9673 0.0000
vt 0.6682 0.6756 0.0000
vt 0.4875 0.9672 0.0000
vt 0.6634 0.6921 0.0000
vt 0.6644 0.6894 0.0000
vt 0.5021 0.9673 0.0000
vt 0.5050 0.9672 0.0000
vt 0.6626 0.6932 0.0000
vt 0.5062 0.9671 0.0000
vt 0.6802 0.9621 0.0000
vt 0.6967 0.9619 0.0000
vt 0.7329 0.9614 0.0000
vt 0.7694 0.9610 0.0000
vt 0.5135 0.9631 0.0000
vt 0.5100 0.9631 0.0000
vt 0.5165 0.9631 0.0000
vt 0.5197 0.9631 0.0000
vt 0.5237 0.9630 0.0000
vt 0.5285 0.9630 0.0000
vt 0.5395 0.9629 0.0000
vt 0.5339 0.9630 0.0000
vt 0.5507 0.9629 0.0000
vt 0.5452 0.9629 0.0000
vt 0.5606 0.9628 0.0000
vt 0.5557 0.9628 0.0000
vt 0.5728 0.9627 0.0000
vt 0.5660 0.9628 0.0000
vt 0.5912 0.9626 0.0000
vt 0.5816 0.9627 0.0000
vt 0.6005 0.9626 0.0000
vt 0.6092 0.9625 0.0000
vt 0.6268 0.9624 0.0000
vt 0.6177 0.9625 0.0000
vt 0.6373 0.9623 0.0000
vt 0.7878 0.9608 0.0000
vt 0.2262 0.9609 0.0000
vt 0.7694 0.9282 0.0000
vt 0.7878 0.9280 0.0000
vt 0.7878 0.9296 0.0000
vt 0.7695 0.9298 0.0000
vt 0.2335 0.9296 0.0000
vt 0.2267 0.9297 0.0000
vt 0.2262 0.9281 0.0000
vt 0.2332 0.9281 0.0000
vt 0.5416 0.1924 0.0000
vt 0.5478 0.1894 0.0000
vt 0.5496 0.1909 0.0000
vt 0.5458 0.1942 0.0000
vt 0.5341 0.2094 0.0000
vt 0.5385 0.2111 0.0000
vt 0.5556 0.1986 0.0000
vt 0.5487 0.2156 0.0000
vt 0.5577 0.1940 0.0000
vt 0.5689 0.2017 0.0000
vt 0.5670 0.2064 0.0000
vt 0.5603 0.2232 0.0000
vt 0.2583 0.9215 0.0000
vt 0.2723 0.9216 0.0000
vt 0.2722 0.9231 0.0000
vt 0.2582 0.9229 0.0000
vt 0.7570 0.6694 0.0000
vt 0.7575 0.6706 0.0000
vt 0.7496 0.6821 0.0000
vt 0.7491 0.6809 0.0000
vt 0.7617 0.6563 0.0000
vt 0.7623 0.6575 0.0000
vt 0.2865 0.9217 0.0000
vt 0.2863 0.9232 0.0000
vt 0.7358 0.6840 0.0000
vt 0.7289 0.6669 0.0000
vt 0.7405 0.6593 0.0000
vt 0.7472 0.6761 0.0000
vt 0.7379 0.6886 0.0000
vt 0.7297 0.6916 0.0000
vt 0.7260 0.6883 0.0000
vt 0.7188 0.6714 0.0000
vt 0.6632 0.9225 0.0000
vt 0.6739 0.9225 0.0000
vt 0.6743 0.9239 0.0000
vt 0.6633 0.9239 0.0000
vt 0.6495 0.9226 0.0000
vt 0.6495 0.9240 0.0000
vt 0.6952 0.5788 0.0000
vt 0.6946 0.5780 0.0000
vt 0.7066 0.5716 0.0000
vt 0.7070 0.5725 0.0000
vt 0.6873 0.5826 0.0000
vt 0.6851 0.5829 0.0000
vt 0.2444 0.9214 0.0000
vt 0.2443 0.9228 0.0000
vt 0.2336 0.9213 0.0000
vt 0.2332 0.9228 0.0000
vt 0.7382 0.6899 0.0000
vt 0.7279 0.6931 0.0000
vt 0.2999 0.9233 0.0000
vt 0.3001 0.9218 0.0000
vt 0.7648 0.6433 0.0000
vt 0.7654 0.6444 0.0000
vt 0.7671 0.6305 0.0000
vt 0.7676 0.6315 0.0000
vt 0.3133 0.9220 0.0000
vt 0.3132 0.9234 0.0000
vt 0.5749 0.2177 0.0000
vt 0.5685 0.2339 0.0000
vt 0.5767 0.2132 0.0000
vt 0.5814 0.2262 0.0000
vt 0.5797 0.2306 0.0000
vt 0.5738 0.2459 0.0000
vt 0.7239 0.5841 0.0000
vt 0.7146 0.5923 0.0000
vt 0.7085 0.5763 0.0000
vt 0.7180 0.5686 0.0000
vt 0.7166 0.5649 0.0000
vt 0.7250 0.5606 0.0000
vt 0.7237 0.5571 0.0000
vt 0.7306 0.5753 0.0000
vt 0.6372 0.9296 0.0000
vt 0.6495 0.9295 0.0000
vt 0.6495 0.9310 0.0000
vt 0.6373 0.9311 0.0000
vt 0.5362 0.3176 0.0000
vt 0.5358 0.3185 0.0000
vt 0.5262 0.3109 0.0000
vt 0.5266 0.3100 0.0000
vt 0.5433 0.3254 0.0000
vt 0.5429 0.3262 0.0000
vt 0.6268 0.9311 0.0000
vt 0.6268 0.9296 0.0000
vt 0.7387 0.5376 0.0000
vt 0.7433 0.5499 0.0000
vt 0.7397 0.5587 0.0000
vt 0.7349 0.5456 0.0000
vt 0.7337 0.5425 0.0000
vt 0.7377 0.5347 0.0000
vt 0.7412 0.5261 0.0000
vt 0.7422 0.5288 0.0000
vt 0.7464 0.5403 0.0000
vt 0.5773 0.2578 0.0000
vt 0.5830 0.2433 0.0000
vt 0.5845 0.2392 0.0000
vt 0.5853 0.2559 0.0000
vt 0.5867 0.2521 0.0000
vt 0.5800 0.2695 0.0000
vt 0.7304 0.5531 0.0000
vt 0.7356 0.5670 0.0000
vt 0.7292 0.5498 0.0000
vt 0.6177 0.9312 0.0000
vt 0.6176 0.9297 0.0000
vt 0.5488 0.3327 0.0000
vt 0.5484 0.3335 0.0000
vt 0.5533 0.3400 0.0000
vt 0.5529 0.3407 0.0000
vt 0.6092 0.9312 0.0000
vt 0.6091 0.9298 0.0000
vt 0.3409 0.9236 0.0000
vt 0.3410 0.9222 0.0000
vt 0.3566 0.9223 0.0000
vt 0.3565 0.9237 0.0000
vt 0.7706 0.6042 0.0000
vt 0.7701 0.6033 0.0000
vt 0.7708 0.5880 0.0000
vt 0.7714 0.5888 0.0000
vt 0.7708 0.5730 0.0000
vt 0.7714 0.5737 0.0000
vt 0.3719 0.9224 0.0000
vt 0.3718 0.9238 0.0000
vt 0.6004 0.9298 0.0000
vt 0.6005 0.9313 0.0000
vt 0.5568 0.3486 0.0000
vt 0.5573 0.3479 0.0000
vt 0.5609 0.3565 0.0000
vt 0.5604 0.3571 0.0000
vt 0.5913 0.9313 0.0000
vt 0.5912 0.9299 0.0000
vt 0.3267 0.9221 0.0000
vt 0.3266 0.9235 0.0000
vt 0.7688 0.6174 0.0000
vt 0.7693 0.6183 0.0000
vt 0.5871 0.2688 0.0000
vt 0.5822 0.2816 0.0000
vt 0.5885 0.2652 0.0000
vt 0.5885 0.2826 0.0000
vt 0.5898 0.2792 0.0000
vt 0.5839 0.2945 0.0000
vt 0.3852 0.9225 0.0000
vt 0.3851 0.9240 0.0000
vt 0.7706 0.5606 0.0000
vt 0.7701 0.5600 0.0000
vt 0.7695 0.5497 0.0000
vt 0.7690 0.5491 0.0000
vt 0.3962 0.9240 0.0000
vt 0.3963 0.9226 0.0000
vt 0.5852 0.3086 0.0000
vt 0.5893 0.2976 0.0000
vt 0.5905 0.2945 0.0000
vt 0.5905 0.3095 0.0000
vt 0.5894 0.3123 0.0000
vt 0.5857 0.3223 0.0000
vt 0.7454 0.5194 0.0000
vt 0.7493 0.5299 0.0000
vt 0.7445 0.5169 0.0000
vt 0.7480 0.5107 0.0000
vt 0.7472 0.5084 0.0000
vt 0.7515 0.5202 0.0000
vt 0.5815 0.9299 0.0000
vt 0.5816 0.9314 0.0000
vt 0.5642 0.3657 0.0000
vt 0.5637 0.3663 0.0000
vt 0.5668 0.3742 0.0000
vt 0.5663 0.3747 0.0000
vt 0.5728 0.9314 0.0000
vt 0.5728 0.9300 0.0000
vt 0.7505 0.4982 0.0000
vt 0.7511 0.4931 0.0000
vt 0.7537 0.5003 0.0000
vt 0.7533 0.5060 0.0000
vt 0.7505 0.4914 0.0000
vt 0.7498 0.4963 0.0000
vt 0.7510 0.4864 0.0000
vt 0.7515 0.4880 0.0000
vt 0.7539 0.4947 0.0000
vt 0.5888 0.3251 0.0000
vt 0.5855 0.3341 0.0000
vt 0.5897 0.3226 0.0000
vt 0.5878 0.3357 0.0000
vt 0.5887 0.3334 0.0000
vt 0.5848 0.3440 0.0000
vt 0.7496 0.5038 0.0000
vt 0.7527 0.5124 0.0000
vt 0.7488 0.5017 0.0000
vt 0.5660 0.9300 0.0000
vt 0.5660 0.9315 0.0000
vt 0.5685 0.3809 0.0000
vt 0.5680 0.3813 0.0000
vt 0.5695 0.3862 0.0000
vt 0.5690 0.3867 0.0000
vt 0.5606 0.9315 0.0000
vt 0.5606 0.9300 0.0000
vt 0.4135 0.9228 0.0000
vt 0.4217 0.9228 0.0000
vt 0.4216 0.9242 0.0000
vt 0.4134 0.9242 0.0000
vt 0.7680 0.5326 0.0000
vt 0.7675 0.5321 0.0000
vt 0.7667 0.5239 0.0000
vt 0.7673 0.5244 0.0000
vt 0.7658 0.5145 0.0000
vt 0.7663 0.5149 0.0000
vt 0.4311 0.9243 0.0000
vt 0.4312 0.9229 0.0000
vt 0.5558 0.9315 0.0000
vt 0.5557 0.9301 0.0000
vt 0.5701 0.3911 0.0000
vt 0.5696 0.3915 0.0000
vt 0.5706 0.3962 0.0000
vt 0.5701 0.3965 0.0000
vt 0.5508 0.9316 0.0000
vt 0.5507 0.9301 0.0000
vt 0.4054 0.9227 0.0000
vt 0.4053 0.9241 0.0000
vt 0.7682 0.5401 0.0000
vt 0.7687 0.5406 0.0000
vt 0.5870 0.3446 0.0000
vt 0.5842 0.3521 0.0000
vt 0.5878 0.3424 0.0000
vt 0.5871 0.3504 0.0000
vt 0.5864 0.3524 0.0000
vt 0.5838 0.3596 0.0000
vt 0.5815 0.3858 0.0000
vt 0.5825 0.3759 0.0000
vt 0.5847 0.3698 0.0000
vt 0.5835 0.3804 0.0000
vt 0.5854 0.3680 0.0000
vt 0.5841 0.3789 0.0000
vt 0.5828 0.3889 0.0000
vt 0.5823 0.3902 0.0000
vt 0.5805 0.3948 0.0000
vt 0.5857 0.3605 0.0000
vt 0.5832 0.3672 0.0000
vt 0.5864 0.3586 0.0000
vt 0.7518 0.4824 0.0000
vt 0.7540 0.4887 0.0000
vt 0.7512 0.4809 0.0000
vt 0.7514 0.4751 0.0000
vt 0.7519 0.4765 0.0000
vt 0.7540 0.4823 0.0000
vt 0.5453 0.9316 0.0000
vt 0.5452 0.9301 0.0000
vt 0.5703 0.4020 0.0000
vt 0.5708 0.4017 0.0000
vt 0.5710 0.4075 0.0000
vt 0.5705 0.4078 0.0000
vt 0.5395 0.9302 0.0000
vt 0.5395 0.9316 0.0000
vt 0.7538 0.4695 0.0000
vt 0.7521 0.4652 0.0000
vt 0.7521 0.4603 0.0000
vt 0.7536 0.4643 0.0000
vt 0.7517 0.4641 0.0000
vt 0.7518 0.4593 0.0000
vt 0.7518 0.4554 0.0000
vt 0.7522 0.4563 0.0000
vt 0.7535 0.4601 0.0000
vt 0.7520 0.4707 0.0000
vt 0.7539 0.4757 0.0000
vt 0.7516 0.4695 0.0000
vt 0.5339 0.9317 0.0000
vt 0.5338 0.9302 0.0000
vt 0.5707 0.4134 0.0000
vt 0.5712 0.4131 0.0000
vt 0.5713 0.4184 0.0000
vt 0.5708 0.4187 0.0000
vt 0.5285 0.9317 0.0000
vt 0.5285 0.9302 0.0000
vt 0.4422 0.9230 0.0000
vt 0.4421 0.9244 0.0000
vt 0.7650 0.5040 0.0000
vt 0.7645 0.5037 0.0000
vt 0.7632 0.4937 0.0000
vt 0.7637 0.4940 0.0000
vt 0.4523 0.9231 0.0000
vt 0.4522 0.9245 0.0000
vt 0.4713 0.9232 0.0000
vt 0.4712 0.9246 0.0000
vt 0.4648 0.9246 0.0000
vt 0.4649 0.9232 0.0000
vt 0.7615 0.4813 0.0000
vt 0.7607 0.4750 0.0000
vt 0.7612 0.4752 0.0000
vt 0.7620 0.4815 0.0000
vt 0.7595 0.4675 0.0000
vt 0.7600 0.4677 0.0000
vt 0.4790 0.9233 0.0000
vt 0.4789 0.9247 0.0000
vt 0.5237 0.9317 0.0000
vt 0.5237 0.9303 0.0000
vt 0.5709 0.4234 0.0000
vt 0.5714 0.4232 0.0000
vt 0.5715 0.4272 0.0000
vt 0.5710 0.4274 0.0000
vt 0.5197 0.9318 0.0000
vt 0.5197 0.9303 0.0000
vt 0.4592 0.9245 0.0000
vt 0.4593 0.9231 0.0000
vt 0.7623 0.4868 0.0000
vt 0.7628 0.4871 0.0000
vt 0.5814 0.3970 0.0000
vt 0.5798 0.4013 0.0000
vt 0.5819 0.3958 0.0000
vt 0.5812 0.4013 0.0000
vt 0.5807 0.4024 0.0000
vt 0.5792 0.4065 0.0000
vt 0.7527 0.4498 0.0000
vt 0.7529 0.4461 0.0000
vt 0.7536 0.4481 0.0000
vt 0.7537 0.4525 0.0000
vt 0.7527 0.4457 0.0000
vt 0.7524 0.4492 0.0000
vt 0.7528 0.4435 0.0000
vt 0.7529 0.4432 0.0000
vt 0.7535 0.4445 0.0000
vt 0.5799 0.4086 0.0000
vt 0.5785 0.4121 0.0000
vt 0.5803 0.4076 0.0000
vt 0.5791 0.4151 0.0000
vt 0.5788 0.4159 0.0000
vt 0.5777 0.4187 0.0000
vt 0.7524 0.4530 0.0000
vt 0.7536 0.4564 0.0000
vt 0.7521 0.4522 0.0000
vt 0.5165 0.9318 0.0000
vt 0.5165 0.9303 0.0000
vt 0.5717 0.4303 0.0000
vt 0.5712 0.4305 0.0000
vt 0.5720 0.4334 0.0000
vt 0.5715 0.4336 0.0000
vt 0.5135 0.9318 0.0000
vt 0.5134 0.9303 0.0000
vt 0.4991 0.9234 0.0000
vt 0.4995 0.9249 0.0000
vt 0.4977 0.9249 0.0000
vt 0.4973 0.9234 0.0000
vt 0.4942 0.9234 0.0000
vt 0.4944 0.9248 0.0000
vt 0.7561 0.4500 0.0000
vt 0.7569 0.4530 0.0000
vt 0.7568 0.4543 0.0000
vt 0.7564 0.4527 0.0000
vt 0.7558 0.4508 0.0000
vt 0.7555 0.4483 0.0000
vt 0.5099 0.9303 0.0000
vt 0.5099 0.9318 0.0000
vt 0.5723 0.4369 0.0000
vt 0.5718 0.4371 0.0000
vt 0.5724 0.4391 0.0000
vt 0.5721 0.4398 0.0000
vt 0.5071 0.9317 0.0000
vt 0.5070 0.9302 0.0000
vt 0.4875 0.9233 0.0000
vt 0.4875 0.9248 0.0000
vt 0.7583 0.4594 0.0000
vt 0.7579 0.4595 0.0000
vt 0.5764 0.4260 0.0000
vt 0.5772 0.4238 0.0000
vt 0.5776 0.4231 0.0000
vt 0.5765 0.4282 0.0000
vt 0.5760 0.4299 0.0000
vt 0.5754 0.4318 0.0000
vt 0.5755 0.4244 0.0000
vt 0.5748 0.4302 0.0000
vt 0.5733 0.4345 0.0000
vt 0.5733 0.4300 0.0000
vt 0.5743 0.4350 0.0000
vt 0.5731 0.4381 0.0000
vt 0.5050 0.9250 0.0000
vt 0.5023 0.9249 0.0000
vt 0.5021 0.9235 0.0000
vt 0.5049 0.9236 0.0000
vt 0.7545 0.4456 0.0000
vt 0.7546 0.4476 0.0000
vt 0.7535 0.4429 0.0000
vt 0.7611 0.4801 0.0000
vt 0.7603 0.4740 0.0000
vt 0.7595 0.4761 0.0000
vt 0.7589 0.4704 0.0000
vt 0.7591 0.4667 0.0000
vt 0.7580 0.4639 0.0000
vt 0.5733 0.4262 0.0000
vt 0.5732 0.4225 0.0000
vt 0.5761 0.4146 0.0000
vt 0.5758 0.4192 0.0000
vt 0.7576 0.4588 0.0000
vt 0.7568 0.4566 0.0000
vt 0.5734 0.4131 0.0000
vt 0.5769 0.4040 0.0000
vt 0.5765 0.4098 0.0000
vt 0.5732 0.4183 0.0000
vt 0.7639 0.5022 0.0000
vt 0.7651 0.5128 0.0000
vt 0.7629 0.5067 0.0000
vt 0.7619 0.4968 0.0000
vt 0.7609 0.4878 0.0000
vt 0.7627 0.4924 0.0000
vt 0.7618 0.4856 0.0000
vt 0.7601 0.4813 0.0000
vt 0.7667 0.5301 0.0000
vt 0.7660 0.5220 0.0000
vt 0.7641 0.5230 0.0000
vt 0.7636 0.5153 0.0000
vt 0.5786 0.3738 0.0000
vt 0.5784 0.3806 0.0000
vt 0.5736 0.3939 0.0000
vt 0.5736 0.3878 0.0000
vt 0.5780 0.3882 0.0000
vt 0.5736 0.4003 0.0000
vt 0.5775 0.3964 0.0000
vt 0.5735 0.4069 0.0000
vt 0.5788 0.3603 0.0000
vt 0.5788 0.3673 0.0000
vt 0.5733 0.3823 0.0000
vt 0.5730 0.3766 0.0000
vt 0.7691 0.5575 0.0000
vt 0.7698 0.5702 0.0000
vt 0.7661 0.5603 0.0000
vt 0.7658 0.5484 0.0000
vt 0.7652 0.5386 0.0000
vt 0.7682 0.5468 0.0000
vt 0.5784 0.3423 0.0000
vt 0.5789 0.3522 0.0000
vt 0.5723 0.3702 0.0000
vt 0.5711 0.3623 0.0000
vt 0.7674 0.5380 0.0000
vt 0.7646 0.5304 0.0000
vt 0.7688 0.6000 0.0000
vt 0.7696 0.5849 0.0000
vt 0.7655 0.5739 0.0000
vt 0.7642 0.5880 0.0000
vt 0.5689 0.3526 0.0000
vt 0.5661 0.3423 0.0000
vt 0.5749 0.3184 0.0000
vt 0.5770 0.3306 0.0000
vt 0.5594 0.3239 0.0000
vt 0.5696 0.2968 0.0000
vt 0.5724 0.3072 0.0000
vt 0.5629 0.3327 0.0000
vt 0.7600 0.6520 0.0000
vt 0.7633 0.6392 0.0000
vt 0.7541 0.6366 0.0000
vt 0.7577 0.6247 0.0000
vt 0.7656 0.6266 0.0000
vt 0.7603 0.6130 0.0000
vt 0.5619 0.2766 0.0000
vt 0.5662 0.2868 0.0000
vt 0.5553 0.3156 0.0000
vt 0.5502 0.3072 0.0000
vt 0.7674 0.6138 0.0000
vt 0.7625 0.6010 0.0000
vt 0.7552 0.6649 0.0000
vt 0.7488 0.6487 0.0000
vt 0.5472 0.2568 0.0000
vt 0.5559 0.2663 0.0000
vt 0.5436 0.2984 0.0000
vt 0.5343 0.2902 0.0000
vt 0.7026 0.5989 0.0000
vt 0.7275 0.6257 0.0000
vt 0.7156 0.6327 0.0000
vt 0.7054 0.6371 0.0000
vt 0.6923 0.6031 0.0000
vt 0.5353 0.2497 0.0000
vt 0.5222 0.2836 0.0000
vt 0.5120 0.2793 0.0000
vt 0.5251 0.2454 0.0000
vt 0.7329 0.9303 0.0000
vt 0.6967 0.9307 0.0000
vt 0.6967 0.9291 0.0000
vt 0.7329 0.9287 0.0000
vt 0.5207 0.2437 0.0000
vt 0.5076 0.2777 0.0000
vt 0.6802 0.9291 0.0000
vt 0.6800 0.9306 0.0000
vt 0.6740 0.9307 0.0000
vt 0.6743 0.9293 0.0000
vt 0.5062 0.2956 0.0000
vt 0.5019 0.2941 0.0000
vt 0.5047 0.2995 0.0000
vt 0.5069 0.2999 0.0000
vt 0.5160 0.2998 0.0000
vt 0.5148 0.3036 0.0000
vt 0.5281 0.3062 0.0000
vt 0.6964 0.5827 0.0000
vt 0.6865 0.5868 0.0000
vt 0.5376 0.3139 0.0000
vt 0.5446 0.3219 0.0000
vt 0.5500 0.3294 0.0000
vt 0.5545 0.3369 0.0000
vt 0.5584 0.3450 0.0000
vt 0.5619 0.3538 0.0000
vt 0.5651 0.3632 0.0000
vt 0.5676 0.3719 0.0000
vt 0.5692 0.3788 0.0000
vt 0.5701 0.3844 0.0000
vt 0.5708 0.3894 0.0000
vt 0.5712 0.3946 0.0000
vt 0.5715 0.4061 0.0000
vt 0.5717 0.4119 0.0000
vt 0.5717 0.4174 0.0000
vt 0.5714 0.4002 0.0000
vt 0.5718 0.4223 0.0000
vt 0.5718 0.4263 0.0000
vt 0.5720 0.4295 0.0000
vt 0.5723 0.4328 0.0000
vt 0.5070 0.9250 0.0000
vt 0.5061 0.9251 0.0000
vt 0.5061 0.9237 0.0000
vt 0.5071 0.9236 0.0000
vt 0.7528 0.4418 0.0000
vt 0.7525 0.4428 0.0000
vt 0.5725 0.4365 0.0000
vt 0.5726 0.4394 0.0000
vt 0.7562 0.4634 0.0000
vt 0.7565 0.4680 0.0000
vt 0.7558 0.4582 0.0000
vt 0.7552 0.4524 0.0000
vt 0.7584 0.4944 0.0000
vt 0.7578 0.4862 0.0000
vt 0.7573 0.4786 0.0000
vt 0.7568 0.4727 0.0000
vt 0.7588 0.5020 0.0000
vt 0.7590 0.5088 0.0000
vt 0.7592 0.5303 0.0000
vt 0.7587 0.5402 0.0000
vt 0.7592 0.5222 0.0000
vt 0.7591 0.5153 0.0000
vt 0.7574 0.5519 0.0000
vt 0.7553 0.5641 0.0000
vt 0.7422 0.6059 0.0000
vt 0.7465 0.5958 0.0000
vt 0.7499 0.5858 0.0000
vt 0.7528 0.5754 0.0000
vt 0.7363 0.6163 0.0000
vt 0.5061 0.9276 0.0000
vt 0.5071 0.9276 0.0000
vt 0.5061 0.9302 0.0000
vt 0.5050 0.9302 0.0000
vt 0.5050 0.9276 0.0000
vt 0.6823 0.5883 0.0000
vt 0.6879 0.6048 0.0000
vt 0.6799 0.9226 0.0000
vt 0.6966 0.9221 0.0000
vt 0.6967 0.9237 0.0000
vt 0.6802 0.9240 0.0000
vt 0.7010 0.6388 0.0000
vt 0.7144 0.6731 0.0000
vt 0.7328 0.9217 0.0000
vt 0.7694 0.9212 0.0000
vt 0.7694 0.9228 0.0000
vt 0.7328 0.9232 0.0000
vt 0.5023 0.9303 0.0000
vt 0.5023 0.9276 0.0000
vt 0.4995 0.9276 0.0000
vt 0.4994 0.9303 0.0000
vt 0.4875 0.9275 0.0000
vt 0.4875 0.9303 0.0000
vt 0.4789 0.9302 0.0000
vt 0.4789 0.9274 0.0000
vt 0.4944 0.9276 0.0000
vt 0.4944 0.9303 0.0000
vt 0.7519 0.4490 0.0000
vt 0.7522 0.4455 0.0000
vt 0.5099 0.9249 0.0000
vt 0.5099 0.9235 0.0000
vt 0.5134 0.9235 0.0000
vt 0.5134 0.9249 0.0000
vt 0.4976 0.9303 0.0000
vt 0.4976 0.9276 0.0000
vt 0.7514 0.4552 0.0000
vt 0.7516 0.4520 0.0000
vt 0.5196 0.9234 0.0000
vt 0.5196 0.9248 0.0000
vt 0.5165 0.9249 0.0000
vt 0.5165 0.9234 0.0000
vt 0.4522 0.9300 0.0000
vt 0.4522 0.9272 0.0000
vt 0.4592 0.9273 0.0000
vt 0.4592 0.9300 0.0000
vt 0.4648 0.9273 0.0000
vt 0.4648 0.9301 0.0000
vt 0.7513 0.4639 0.0000
vt 0.7513 0.4591 0.0000
vt 0.5285 0.9234 0.0000
vt 0.5285 0.9248 0.0000
vt 0.5237 0.9248 0.0000
vt 0.5237 0.9234 0.0000
vt 0.4712 0.9274 0.0000
vt 0.4712 0.9301 0.0000
vt 0.4311 0.9298 0.0000
vt 0.4311 0.9270 0.0000
vt 0.4421 0.9271 0.0000
vt 0.4421 0.9299 0.0000
vt 0.7511 0.4692 0.0000
vt 0.7509 0.4748 0.0000
vt 0.5338 0.9247 0.0000
vt 0.5338 0.9233 0.0000
vt 0.5395 0.9233 0.0000
vt 0.5394 0.9247 0.0000
vt 0.7508 0.4806 0.0000
vt 0.7505 0.4860 0.0000
vt 0.5507 0.9232 0.0000
vt 0.5507 0.9246 0.0000
vt 0.5452 0.9247 0.0000
vt 0.5452 0.9233 0.0000
vt 0.4053 0.9268 0.0000
vt 0.4052 0.9296 0.0000
vt 0.3962 0.9295 0.0000
vt 0.3962 0.9268 0.0000
vt 0.4133 0.9269 0.0000
vt 0.4133 0.9297 0.0000
vt 0.7501 0.4910 0.0000
vt 0.7494 0.4959 0.0000
vt 0.5606 0.9246 0.0000
vt 0.5557 0.9246 0.0000
vt 0.5557 0.9232 0.0000
vt 0.5606 0.9232 0.0000
vt 0.4216 0.9270 0.0000
vt 0.4216 0.9297 0.0000
vt 0.7484 0.5012 0.0000
vt 0.7467 0.5079 0.0000
vt 0.5660 0.9231 0.0000
vt 0.5728 0.9231 0.0000
vt 0.5727 0.9245 0.0000
vt 0.5659 0.9245 0.0000
vt 0.7408 0.5254 0.0000
vt 0.7441 0.5163 0.0000
vt 0.5912 0.9244 0.0000
vt 0.5815 0.9244 0.0000
vt 0.5816 0.9230 0.0000
vt 0.5912 0.9230 0.0000
vt 0.3717 0.9266 0.0000
vt 0.3851 0.9267 0.0000
vt 0.3850 0.9294 0.0000
vt 0.3717 0.9293 0.0000
vt 0.3131 0.9289 0.0000
vt 0.3131 0.9261 0.0000
vt 0.3266 0.9262 0.0000
vt 0.3265 0.9290 0.0000
vt 0.3409 0.9263 0.0000
vt 0.3409 0.9291 0.0000
vt 0.7333 0.5418 0.0000
vt 0.7373 0.5340 0.0000
vt 0.6004 0.9229 0.0000
vt 0.6092 0.9229 0.0000
vt 0.6091 0.9243 0.0000
vt 0.6004 0.9243 0.0000
vt 0.3564 0.9265 0.0000
vt 0.3564 0.9292 0.0000
vt 0.7233 0.5563 0.0000
vt 0.7288 0.5491 0.0000
vt 0.6177 0.9228 0.0000
vt 0.6268 0.9227 0.0000
vt 0.6267 0.9242 0.0000
vt 0.6176 0.9242 0.0000
vt 0.7162 0.5641 0.0000
vt 0.6372 0.9241 0.0000
vt 0.6372 0.9227 0.0000
vt 0.2999 0.9260 0.0000
vt 0.2999 0.9288 0.0000
vt 0.2863 0.9286 0.0000
vt 0.2863 0.9259 0.0000
vt 0.2442 0.9255 0.0000
vt 0.2582 0.9257 0.0000
vt 0.2581 0.9284 0.0000
vt 0.2442 0.9283 0.0000
vt 0.2332 0.9254 0.0000
vt 0.6633 0.9267 0.0000
vt 0.6743 0.9266 0.0000
vt 0.6633 0.9294 0.0000
vt 0.6495 0.9268 0.0000
vt 0.2722 0.9258 0.0000
vt 0.2721 0.9285 0.0000
vt 0.7218 0.6901 0.0000
vt 0.2268 0.9210 0.0000
vt 0.2263 0.9225 0.0000
vt 0.7877 0.9210 0.0000
vt 0.7877 0.9226 0.0000
vt 0.5773 0.2120 0.0000
vt 0.5694 0.2005 0.0000
vt 0.2722 0.9300 0.0000
vt 0.2582 0.9299 0.0000
vt 0.2864 0.9301 0.0000
vt 0.5820 0.2251 0.0000
vt 0.5142 0.3044 0.0000
vt 0.6632 0.9309 0.0000
vt 0.5580 0.1926 0.0000
vt 0.2443 0.9298 0.0000
vt 0.5851 0.2382 0.0000
vt 0.3000 0.9302 0.0000
vt 0.3132 0.9303 0.0000
vt 0.5873 0.2511 0.0000
vt 0.5903 0.2783 0.0000
vt 0.5911 0.2937 0.0000
vt 0.3565 0.9307 0.0000
vt 0.3410 0.9306 0.0000
vt 0.3718 0.9308 0.0000
vt 0.5911 0.3088 0.0000
vt 0.5891 0.2642 0.0000
vt 0.3266 0.9304 0.0000
vt 0.5903 0.3219 0.0000
vt 0.3851 0.9309 0.0000
vt 0.3962 0.9310 0.0000
vt 0.5892 0.3329 0.0000
vt 0.5877 0.3500 0.0000
vt 0.5869 0.3582 0.0000
vt 0.4216 0.9312 0.0000
vt 0.4134 0.9311 0.0000
vt 0.4311 0.9313 0.0000
vt 0.5860 0.3676 0.0000
vt 0.5884 0.3419 0.0000
vt 0.4053 0.9311 0.0000
vt 0.5847 0.3786 0.0000
vt 0.4421 0.9314 0.0000
vt 0.4522 0.9314 0.0000
vt 0.5834 0.3886 0.0000
vt 0.5809 0.4074 0.0000
vt 0.5817 0.4011 0.0000
vt 0.4712 0.9316 0.0000
vt 0.4648 0.9315 0.0000
vt 0.4789 0.9317 0.0000
vt 0.5797 0.4149 0.0000
vt 0.5825 0.3955 0.0000
vt 0.4592 0.9315 0.0000
vt 0.5752 0.4343 0.0000
vt 0.5758 0.4325 0.0000
vt 0.5766 0.4296 0.0000
vt 0.4941 0.9318 0.0000
vt 0.4972 0.9318 0.0000
vt 0.4991 0.9318 0.0000
vt 0.5780 0.4232 0.0000
vt 0.4874 0.9317 0.0000
vt 0.5732 0.4397 0.0000
vt 0.5742 0.4370 0.0000
vt 0.5020 0.9318 0.0000
vt 0.5049 0.9317 0.0000
vt 0.5724 0.4408 0.0000
vt 0.5061 0.9316 0.0000
vt 0.6802 0.9266 0.0000
vt 0.6967 0.9263 0.0000
vt 0.7329 0.9259 0.0000
vt 0.7694 0.9255 0.0000
vt 0.5134 0.9276 0.0000
vt 0.5099 0.9276 0.0000
vt 0.5165 0.9276 0.0000
vt 0.5196 0.9276 0.0000
vt 0.5237 0.9275 0.0000
vt 0.5285 0.9275 0.0000
vt 0.5395 0.9274 0.0000
vt 0.5338 0.9275 0.0000
vt 0.5507 0.9274 0.0000
vt 0.5452 0.9274 0.0000
vt 0.5557 0.9273 0.0000
vt 0.5606 0.9273 0.0000
vt 0.5727 0.9272 0.0000
vt 0.5660 0.9273 0.0000
vt 0.5912 0.9271 0.0000
vt 0.5815 0.9272 0.0000
vt 0.6004 0.9271 0.0000
vt 0.6091 0.9270 0.0000
vt 0.6267 0.9269 0.0000
vt 0.6176 0.9270 0.0000
vt 0.6372 0.9268 0.0000
vt 0.7878 0.9253 0.0000
vt 0.2262 0.9253 0.0000
# 3100 texture coords

o Wings_Cube_003
g Wings_Cube_003
usemtl Material__25
s 1
f 625/729/625 626/730/626 627/731/627 
f 627/731/627 628/732/628 625/729/625 
f 626/733/626 629/734/629 630/735/630 
f 630/735/630 627/736/627 626/733/626 
f 627/737/627 630/738/630 631/739/631 
f 631/739/631 632/740/632 627/737/627 
f 632/740/632 633/741/633 628/742/628 
f 628/742/628 627/737/627 632/740/632 
f 633/741/633 632/740/632 634/743/634 
f 634/743/634 635/744/635 633/741/633 
f 632/740/632 631/739/631 636/745/636 
f 636/745/636 634/743/634 632/740/632 
f 634/743/634 636/745/636 637/746/637 
f 637/746/637 638/747/638 634/743/634 
f 634/743/634 638/747/638 639/748/639 
f 639/748/639 635/744/635 634/743/634 
f 640/749/640 641/750/641 642/751/642 
f 642/751/642 643/752/643 640/749/640 
f 644/753/644 642/754/642 641/755/641 
f 641/755/641 645/756/645 644/753/644 
f 646/757/646 647/758/647 642/754/642 
f 642/754/642 644/753/644 646/757/646 
f 642/751/642 647/759/647 648/760/648 
f 648/760/648 643/752/643 642/751/642 
f 649/761/649 650/762/650 651/763/651 
f 651/763/651 652/764/652 649/761/649 
f 653/765/653 649/761/649 652/764/652 
f 652/764/652 645/756/645 653/765/653 
f 654/766/654 655/767/655 649/761/649 
f 649/761/649 653/765/653 654/766/654 
f 656/768/656 650/762/650 649/761/649 
f 649/761/649 655/767/655 656/768/656 
f 657/769/657 658/770/658 659/771/659 
f 659/771/659 660/772/660 657/769/657 
f 661/773/661 658/770/658 657/769/657 
f 657/769/657 662/774/662 661/773/661 
f 658/775/658 661/776/661 663/777/663 
f 663/777/663 664/778/664 658/775/658 
f 665/779/665 659/780/659 658/775/658 
f 658/775/658 664/778/664 665/779/665 
f 666/781/666 641/750/641 640/749/640 
f 640/749/640 667/782/667 666/781/666 
f 668/783/668 669/784/669 666/781/666 
f 666/781/666 667/782/667 668/783/668 
f 654/766/654 653/765/653 666/785/666 
f 666/785/666 669/786/669 654/766/654 
f 645/756/645 641/755/641 666/785/666 
f 666/785/666 653/765/653 645/756/645 
f 647/759/647 670/787/670 671/788/671 
f 671/788/671 648/760/648 647/759/647 
f 670/789/670 647/758/647 646/757/646 
f 646/757/646 672/790/672 670/789/670 
f 670/789/670 672/790/672 673/791/673 
f 673/791/673 674/792/674 670/789/670 
f 671/788/671 670/787/670 674/793/674 
f 674/793/674 675/794/675 671/788/671 
f 639/748/639 638/747/638 676/795/676 
f 676/795/676 677/796/677 639/748/639 
f 678/797/678 676/795/676 638/747/638 
f 638/747/638 637/746/637 678/797/678 
f 679/798/679 680/799/680 676/795/676 
f 676/795/676 678/797/678 679/798/679 
f 676/795/676 680/799/680 681/800/681 
f 681/800/681 677/796/677 676/795/676 
f 682/801/682 683/802/683 684/803/684 
f 684/803/684 685/804/685 682/801/682 
f 684/803/684 683/802/683 663/777/663 
f 663/777/663 686/805/686 684/803/684 
f 687/806/687 688/807/688 684/803/684 
f 684/803/684 686/805/686 687/806/687 
f 684/803/684 688/807/688 689/808/689 
f 689/808/689 685/804/685 684/803/684 
f 690/809/690 691/810/691 692/811/692 
f 692/811/692 693/812/693 690/809/690 
f 690/813/690 693/814/693 694/815/694 
f 694/815/694 695/816/695 690/813/690 
f 696/817/696 697/818/697 690/813/690 
f 690/813/690 695/816/695 696/817/696 
f 691/810/691 690/809/690 697/819/697 
f 697/819/697 698/820/698 691/810/691 
f 699/821/699 700/822/700 701/823/701 
f 701/823/701 702/824/702 699/821/699 
f 700/822/700 703/825/703 704/826/704 
f 704/826/704 701/823/701 700/822/700 
f 705/827/705 701/823/701 704/826/704 
f 704/826/704 706/828/706 705/827/705 
f 701/823/701 705/827/705 707/829/707 
f 707/829/707 702/824/702 701/823/701 
f 681/800/681 680/799/680 708/830/708 
f 708/830/708 709/831/709 681/800/681 
f 708/830/708 680/799/680 679/798/679 
f 679/798/679 710/832/710 708/830/708 
f 708/830/708 710/832/710 711/833/711 
f 711/833/711 712/834/712 708/830/708 
f 713/835/713 709/831/709 708/830/708 
f 708/830/708 712/834/712 713/835/713 
f 689/808/689 688/807/688 714/836/714 
f 714/836/714 715/837/715 689/808/689 
f 714/836/714 688/807/688 687/806/687 
f 687/806/687 716/838/716 714/836/714 
f 700/822/700 714/836/714 716/838/716 
f 716/838/716 703/825/703 700/822/700 
f 699/821/699 715/837/715 714/836/714 
f 714/836/714 700/822/700 699/821/699 
f 717/839/717 698/820/698 697/819/697 
f 697/819/697 718/840/718 717/839/717 
f 697/818/697 696/817/696 719/841/719 
f 719/841/719 718/842/718 697/818/697 
f 720/843/720 718/842/718 719/841/719 
f 719/841/719 721/844/721 720/843/720 
f 717/839/717 718/840/718 720/845/720 
f 720/845/720 722/846/722 717/839/717 
f 723/847/723 724/848/724 725/849/725 
f 725/849/725 726/850/726 723/847/723 
f 727/851/727 723/852/723 726/853/726 
f 726/853/726 728/854/728 727/851/727 
f 727/851/727 729/855/729 730/856/730 
f 730/856/730 723/852/723 727/851/727 
f 731/857/731 724/848/724 723/847/723 
f 723/847/723 730/858/730 731/857/731 
f 720/845/720 732/859/732 733/860/733 
f 733/860/733 722/846/722 720/845/720 
f 734/861/734 732/862/732 720/843/720 
f 720/843/720 721/844/721 734/861/734 
f 735/863/735 732/862/732 734/861/734 
f 734/861/734 736/864/736 735/863/735 
f 733/860/733 732/859/732 735/865/735 
f 735/865/735 737/866/737 733/860/733 
f 674/793/674 738/867/738 739/868/739 
f 739/868/739 675/794/675 674/793/674 
f 740/869/740 738/870/738 674/792/674 
f 674/792/674 673/791/673 740/869/740 
f 726/853/726 738/870/738 740/869/740 
f 740/869/740 728/854/728 726/853/726 
f 739/868/739 738/867/738 726/850/726 
f 726/850/726 725/849/725 739/868/739 
f 712/834/712 741/871/741 742/872/742 
f 742/872/742 713/835/713 712/834/712 
f 743/873/743 741/871/741 712/834/712 
f 712/834/712 711/833/711 743/873/743 
f 744/874/744 741/871/741 743/873/743 
f 743/873/743 745/875/745 744/874/744 
f 742/872/742 741/871/741 744/874/744 
f 744/874/744 746/876/746 742/872/742 
f 731/857/731 730/858/730 747/877/747 
f 747/877/747 748/878/748 731/857/731 
f 747/879/747 730/856/730 729/855/729 
f 729/855/729 749/880/749 747/879/747 
f 750/881/750 751/882/751 747/879/747 
f 747/879/747 749/880/749 750/881/750 
f 747/877/747 751/883/751 752/884/752 
f 752/884/752 748/878/748 747/877/747 
f 753/885/753 754/886/754 746/876/746 
f 746/876/746 744/874/744 753/885/753 
f 753/885/753 744/874/744 745/875/745 
f 745/875/745 755/887/755 753/885/753 
f 756/888/756 757/889/757 753/885/753 
f 753/885/753 755/887/755 756/888/756 
f 758/890/758 754/886/754 753/885/753 
f 753/885/753 757/889/757 758/890/758 
f 707/829/707 705/827/705 759/891/759 
f 759/891/759 760/892/760 707/829/707 
f 761/893/761 759/891/759 705/827/705 
f 705/827/705 706/828/706 761/893/761 
f 762/894/762 763/895/763 759/891/759 
f 759/891/759 761/893/761 762/894/762 
f 759/891/759 763/895/763 764/896/764 
f 764/896/764 760/892/760 759/891/759 
f 737/866/737 735/865/735 765/897/765 
f 765/897/765 766/898/766 737/866/737 
f 765/899/765 735/863/735 736/864/736 
f 736/864/736 767/900/767 765/899/765 
f 768/901/768 769/902/769 765/899/765 
f 765/899/765 767/900/767 768/901/768 
f 766/898/766 765/897/765 769/903/769 
f 769/903/769 770/904/770 766/898/766 
f 771/905/771 772/906/772 773/907/773 
f 773/907/773 774/908/774 771/905/771 
f 773/907/773 772/906/772 775/909/775 
f 775/909/775 776/910/776 773/907/773 
f 773/907/773 776/910/776 777/911/777 
f 777/911/777 778/912/778 773/907/773 
f 779/913/779 774/908/774 773/907/773 
f 773/907/773 778/912/778 779/913/779 
f 780/914/780 758/890/758 757/889/757 
f 757/889/757 781/915/781 780/914/780 
f 781/915/781 757/889/757 756/888/756 
f 756/888/756 782/916/782 781/915/781 
f 783/917/783 784/918/784 781/915/781 
f 781/915/781 782/916/782 783/917/783 
f 785/919/785 780/914/780 781/915/781 
f 781/915/781 784/918/784 785/919/785 
f 786/920/786 787/921/787 764/896/764 
f 764/896/764 763/895/763 786/920/786 
f 786/920/786 763/895/763 762/894/762 
f 762/894/762 788/922/788 786/920/786 
f 775/909/775 772/906/772 786/920/786 
f 786/920/786 788/922/788 775/909/775 
f 786/920/786 772/906/772 771/905/771 
f 771/905/771 787/921/787 786/920/786 
f 770/904/770 769/903/769 789/923/789 
f 789/923/789 790/924/790 770/904/770 
f 789/925/789 769/902/769 768/901/768 
f 768/901/768 791/926/791 789/925/789 
f 792/927/792 793/928/793 789/925/789 
f 789/925/789 791/926/791 792/927/792 
f 789/923/789 793/929/793 794/930/794 
f 794/930/794 790/924/790 789/923/789 
f 795/931/795 796/932/796 797/933/797 
f 797/933/797 798/934/798 795/931/795 
f 798/935/798 799/936/799 800/937/800 
f 800/937/800 795/938/795 798/935/798 
f 801/939/801 795/938/795 800/937/800 
f 800/937/800 802/940/802 801/939/801 
f 795/931/795 801/941/801 803/942/803 
f 803/942/803 796/932/796 795/931/795 
f 804/943/804 794/930/794 793/929/793 
f 793/929/793 805/944/805 804/943/804 
f 793/928/793 792/927/792 806/945/806 
f 806/945/806 805/946/805 793/928/793 
f 806/945/806 807/947/807 808/948/808 
f 808/948/808 805/946/805 806/945/806 
f 808/949/808 809/950/809 804/943/804 
f 804/943/804 805/944/805 808/949/808 
f 751/883/751 810/951/810 811/952/811 
f 811/952/811 752/884/752 751/883/751 
f 812/953/812 810/954/810 751/882/751 
f 751/882/751 750/881/750 812/953/812 
f 799/936/799 798/935/798 810/954/810 
f 810/954/810 812/953/812 799/936/799 
f 811/952/811 810/951/810 798/934/798 
f 798/934/798 797/933/797 811/952/811 
f 813/955/813 785/919/785 784/918/784 
f 784/918/784 814/956/814 813/955/813 
f 784/918/784 783/917/783 815/957/815 
f 815/957/815 814/956/814 784/918/784 
f 814/956/814 815/957/815 816/958/816 
f 816/958/816 817/959/817 814/956/814 
f 813/955/813 814/956/814 817/959/817 
f 817/959/817 818/960/818 813/955/813 
f 819/961/819 820/962/820 821/963/821 
f 821/963/821 822/964/822 819/961/819 
f 823/965/823 824/966/824 820/962/820 
f 820/962/820 819/961/819 823/965/823 
f 820/962/820 824/966/824 825/967/825 
f 825/967/825 826/968/826 820/962/820 
f 821/963/821 820/962/820 826/968/826 
f 826/968/826 827/969/827 821/963/821 
f 817/959/817 828/970/828 829/971/829 
f 829/971/829 818/960/818 817/959/817 
f 830/972/830 828/970/828 817/959/817 
f 817/959/817 816/958/816 830/972/830 
f 828/970/828 830/972/830 823/965/823 
f 823/965/823 819/961/819 828/970/828 
f 829/971/829 828/970/828 819/961/819 
f 819/961/819 822/964/822 829/971/829 
f 779/913/779 778/912/778 831/973/831 
f 831/973/831 832/974/832 779/913/779 
f 778/912/778 777/911/777 833/975/833 
f 833/975/833 831/973/831 778/912/778 
f 834/976/834 831/973/831 833/975/833 
f 833/975/833 835/977/835 834/976/834 
f 834/976/834 836/978/836 832/974/832 
f 832/974/832 831/973/831 834/976/834 
f 809/950/809 808/949/808 837/979/837 
f 837/979/837 838/980/838 809/950/809 
f 808/948/808 807/947/807 839/981/839 
f 839/981/839 837/982/837 808/948/808 
f 840/983/840 841/984/841 837/982/837 
f 837/982/837 839/981/839 840/983/840 
f 841/985/841 842/986/842 838/980/838 
f 838/980/838 837/979/837 841/985/841 
f 843/987/843 844/988/844 845/989/845 
f 845/989/845 846/990/846 843/987/843 
f 847/991/847 846/990/846 845/989/845 
f 845/989/845 848/992/848 847/991/847 
f 849/993/849 846/990/846 847/991/847 
f 847/991/847 850/994/850 849/993/849 
f 849/993/849 851/995/851 843/987/843 
f 843/987/843 846/990/846 849/993/849 
f 852/996/852 853/997/853 836/978/836 
f 836/978/836 834/976/834 852/996/852 
f 854/998/854 852/996/852 834/976/834 
f 834/976/834 835/977/835 854/998/854 
f 845/989/845 852/996/852 854/998/854 
f 854/998/854 848/992/848 845/989/845 
f 845/989/845 844/988/844 853/997/853 
f 853/997/853 852/996/852 845/989/845 
f 842/986/842 841/985/841 855/999/855 
f 855/999/855 856/1000/856 842/986/842 
f 857/1001/857 855/1002/855 841/984/841 
f 841/984/841 840/983/840 857/1001/857 
f 858/1003/858 855/1002/855 857/1001/857 
f 857/1001/857 859/1004/859 858/1003/858 
f 855/999/855 858/1005/858 860/1006/860 
f 860/1006/860 856/1000/856 855/999/855 
f 803/942/803 801/941/801 861/1007/861 
f 861/1007/861 862/1008/862 803/942/803 
f 863/1009/863 861/1010/861 801/939/801 
f 801/939/801 802/940/802 863/1009/863 
f 863/1009/863 864/1011/864 865/1012/865 
f 865/1012/865 861/1010/861 863/1009/863 
f 861/1007/861 865/1013/865 866/1014/866 
f 866/1014/866 862/1008/862 861/1007/861 
f 867/1015/867 868/1016/868 869/1017/869 
f 869/1017/869 870/1018/870 867/1015/867 
f 870/1019/870 871/1020/871 872/1021/872 
f 872/1021/872 867/1022/867 870/1019/870 
f 873/1023/873 867/1022/867 872/1021/872 
f 872/1021/872 874/1024/874 873/1023/873 
f 867/1015/867 873/1025/873 875/1026/875 
f 875/1026/875 868/1016/868 867/1015/867 
f 860/1006/860 858/1005/858 876/1027/876 
f 876/1027/876 877/1028/877 860/1006/860 
f 876/1029/876 858/1003/858 859/1004/859 
f 859/1004/859 878/1030/878 876/1029/876 
f 879/1031/879 876/1029/876 878/1030/878 
f 878/1030/878 880/1032/880 879/1031/879 
f 876/1027/876 879/1033/879 881/1034/881 
f 881/1034/881 877/1028/877 876/1027/876 
f 882/1035/882 883/1036/883 866/1014/866 
f 866/1014/866 865/1013/865 882/1035/882 
f 882/1037/882 865/1012/865 864/1011/864 
f 864/1011/864 884/1038/884 882/1037/882 
f 870/1019/870 882/1037/882 884/1038/884 
f 884/1038/884 871/1020/871 870/1019/870 
f 869/1017/869 883/1036/883 882/1035/882 
f 882/1035/882 870/1018/870 869/1017/869 
f 885/1039/885 886/1040/886 827/969/827 
f 827/969/827 826/968/826 885/1039/885 
f 826/968/826 825/967/825 887/1041/887 
f 887/1041/887 885/1039/885 826/968/826 
f 887/1041/887 888/1042/888 889/1043/889 
f 889/1043/889 885/1039/885 887/1041/887 
f 890/1044/890 886/1040/886 885/1039/885 
f 885/1039/885 889/1043/889 890/1044/890 
f 891/1045/891 892/1046/892 893/1047/893 
f 893/1047/893 894/1048/894 891/1045/891 
f 892/1046/892 895/1049/895 896/1050/896 
f 896/1050/896 893/1047/893 892/1046/892 
f 896/1050/896 897/1051/897 898/1052/898 
f 898/1052/898 893/1047/893 896/1050/896 
f 893/1047/893 898/1052/898 899/1053/899 
f 899/1053/899 894/1048/894 893/1047/893 
f 900/1054/900 901/1055/901 890/1044/890 
f 890/1044/890 889/1043/889 900/1054/900 
f 889/1043/889 888/1042/888 902/1056/902 
f 902/1056/902 900/1054/900 889/1043/889 
f 902/1056/902 903/1057/903 904/1058/904 
f 904/1058/904 900/1054/900 902/1056/902 
f 905/1059/905 901/1055/901 900/1054/900 
f 900/1054/900 904/1058/904 905/1059/905 
f 906/1060/906 907/1061/907 851/995/851 
f 851/995/851 849/993/849 906/1060/906 
f 849/993/849 850/994/850 908/1062/908 
f 908/1062/908 906/1060/906 849/993/849 
f 906/1060/906 908/1062/908 895/1049/895 
f 895/1049/895 892/1046/892 906/1060/906 
f 906/1060/906 892/1046/892 891/1045/891 
f 891/1045/891 907/1061/907 906/1060/906 
f 881/1034/881 879/1033/879 909/1063/909 
f 909/1063/909 910/1064/910 881/1034/881 
f 879/1031/879 880/1032/880 911/1065/911 
f 911/1065/911 909/1066/909 879/1031/879 
f 912/1067/912 909/1066/909 911/1065/911 
f 911/1065/911 913/1068/913 912/1067/912 
f 909/1063/909 912/1069/912 914/1070/914 
f 914/1070/914 910/1064/910 909/1063/909 
f 915/1071/915 916/1072/916 917/1073/917 
f 917/1073/917 918/1074/918 915/1071/915 
f 918/1074/918 919/1075/919 920/1076/920 
f 920/1076/920 915/1071/915 918/1074/918 
f 915/1077/915 920/1078/920 921/1079/921 
f 921/1079/921 922/1080/922 915/1077/915 
f 922/1080/922 923/1081/923 916/1082/916 
f 916/1082/916 915/1077/915 922/1080/922 
f 914/1070/914 912/1069/912 924/1083/924 
f 924/1083/924 925/1084/925 914/1070/914 
f 912/1067/912 913/1068/913 926/1085/926 
f 926/1085/926 924/1086/924 912/1067/912 
f 926/1085/926 927/1087/927 928/1088/928 
f 928/1088/928 924/1086/924 926/1085/926 
f 924/1083/924 928/1089/928 929/1090/929 
f 929/1090/929 925/1084/925 924/1083/924 
f 875/1026/875 873/1025/873 930/1091/930 
f 930/1091/930 931/1092/931 875/1026/875 
f 873/1023/873 874/1024/874 932/1093/932 
f 932/1093/932 930/1094/930 873/1023/873 
f 932/1093/932 921/1079/921 920/1078/920 
f 920/1078/920 930/1094/930 932/1093/932 
f 930/1091/930 920/1076/920 919/1075/919 
f 919/1075/919 931/1092/931 930/1091/930 
f 933/1095/933 934/1096/934 905/1059/905 
f 905/1059/905 904/1058/904 933/1095/933 
f 903/1057/903 935/1097/935 933/1095/933 
f 933/1095/933 904/1058/904 903/1057/903 
f 935/1097/935 936/1098/936 937/1099/937 
f 937/1099/937 933/1095/933 935/1097/935 
f 938/1100/938 934/1096/934 933/1095/933 
f 933/1095/933 937/1099/937 938/1100/938 
f 939/1101/939 940/1102/940 941/1103/941 
f 941/1103/941 942/1104/942 939/1101/939 
f 934/1096/934 939/1101/939 942/1104/942 
f 942/1104/942 905/1059/905 934/1096/934 
f 938/1100/938 943/1105/943 939/1101/939 
f 939/1101/939 934/1096/934 938/1100/938 
f 944/1106/944 940/1102/940 939/1101/939 
f 939/1101/939 943/1105/943 944/1106/944 
f 945/1107/945 946/1108/946 947/1109/947 
f 947/1109/947 948/1110/948 945/1107/945 
f 916/1072/916 945/1107/945 948/1110/948 
f 948/1110/948 917/1073/917 916/1072/916 
f 923/1081/923 949/1111/949 945/1112/945 
f 945/1112/945 916/1082/916 923/1081/923 
f 899/1053/899 946/1113/946 945/1112/945 
f 945/1112/945 949/1111/949 899/1053/899 
f 872/1021/872 871/1020/871 950/1114/950 
f 950/1114/950 951/1115/951 872/1021/872 
f 952/1116/952 951/1115/951 950/1114/950 
f 950/1114/950 953/1117/953 952/1116/952 
f 954/1118/954 951/1115/951 952/1116/952 
f 952/1116/952 955/1119/955 954/1118/954 
f 954/1118/954 874/1024/874 872/1021/872 
f 872/1021/872 951/1115/951 954/1118/954 
f 956/1120/956 957/1121/957 958/1122/958 
f 958/1122/958 959/1123/956 956/1120/956 
f 959/1123/956 890/1044/890 901/1055/901 
f 901/1055/901 956/1120/956 959/1123/956 
f 956/1120/956 901/1055/901 905/1059/905 
f 905/1059/905 942/1104/942 956/1120/956 
f 942/1104/942 941/1103/941 957/1121/957 
f 957/1121/957 956/1120/956 942/1104/942 
f 874/1024/874 954/1118/954 960/1124/959 
f 960/1124/959 932/1093/932 874/1024/874 
f 954/1118/954 955/1119/955 961/1125/960 
f 961/1125/960 960/1124/959 954/1118/954 
f 961/1125/960 923/1081/923 922/1080/922 
f 922/1080/922 960/1124/959 961/1125/960 
f 960/1124/959 922/1080/922 921/1079/921 
f 921/1079/921 932/1093/932 960/1124/959 
f 962/1126/956 963/1127/961 964/1128/962 
f 964/1128/962 965/1129/956 962/1126/956 
f 965/1129/956 827/969/827 886/1040/886 
f 886/1040/886 962/1126/956 965/1129/956 
f 962/1126/956 886/1040/886 890/1044/890 
f 890/1044/890 959/1123/956 962/1126/956 
f 959/1123/956 958/1122/958 963/1127/961 
f 963/1127/961 962/1126/956 959/1123/956 
f 802/940/802 966/1130/963 967/1131/964 
f 967/1131/964 863/1009/863 802/940/802 
f 968/1132/965 969/1133/966 967/1131/964 
f 967/1131/964 966/1130/963 968/1132/965 
f 967/1131/964 969/1133/966 970/1134/967 
f 970/1134/967 971/1135/968 967/1131/964 
f 967/1131/964 971/1135/968 864/1011/864 
f 864/1011/864 863/1009/863 967/1131/964 
f 864/1011/864 971/1135/968 972/1136/969 
f 972/1136/969 884/1038/884 864/1011/864 
f 971/1135/968 970/1134/967 973/1137/970 
f 973/1137/970 972/1136/969 971/1135/968 
f 973/1137/970 953/1117/953 950/1114/950 
f 950/1114/950 972/1136/969 973/1137/970 
f 972/1136/969 950/1114/950 871/1020/871 
f 871/1020/871 884/1038/884 972/1136/969 
f 974/1138/971 800/937/800 799/936/799 
f 799/936/799 975/1139/972 974/1138/971 
f 976/1140/973 974/1138/971 975/1139/972 
f 975/1139/972 977/1141/974 976/1140/973 
f 966/1130/963 974/1138/971 976/1140/973 
f 976/1140/973 968/1132/965 966/1130/963 
f 802/940/802 800/937/800 974/1138/971 
f 974/1138/971 966/1130/963 802/940/802 
f 978/1142/956 979/1143/956 980/1144/975 
f 980/1144/975 981/1145/976 978/1142/956 
f 829/971/829 979/1143/956 978/1142/956 
f 978/1142/956 818/960/818 829/971/829 
f 982/1146/956 979/1143/956 829/971/829 
f 829/971/829 822/964/822 982/1146/956 
f 980/1144/975 979/1143/956 982/1146/956 
f 982/1146/956 983/1147/977 980/1144/975 
f 982/1146/956 984/1148/956 985/1149/978 
f 985/1149/978 983/1147/977 982/1146/956 
f 821/963/821 984/1148/956 982/1146/956 
f 982/1146/956 822/964/822 821/963/821 
f 984/1148/956 821/963/821 827/969/827 
f 827/969/827 965/1129/956 984/1148/956 
f 985/1149/978 984/1148/956 965/1129/956 
f 965/1129/956 964/1128/962 985/1149/978 
f 986/1150/956 987/1151/956 988/1152/979 
f 988/1152/979 989/1153/980 986/1150/956 
f 813/955/813 987/1151/956 986/1150/956 
f 986/1150/956 785/919/785 813/955/813 
f 978/1142/956 987/1151/956 813/955/813 
f 813/955/813 818/960/818 978/1142/956 
f 988/1152/979 987/1151/956 978/1142/956 
f 978/1142/956 981/1145/976 988/1152/979 
f 990/1154/981 749/880/749 729/855/729 
f 729/855/729 991/1155/982 990/1154/981 
f 992/1156/983 990/1154/981 991/1155/982 
f 991/1155/982 993/1157/984 992/1156/983 
f 994/1158/985 990/1154/981 992/1156/983 
f 992/1156/983 995/1159/986 994/1158/985 
f 994/1158/985 750/881/750 749/880/749 
f 749/880/749 990/1154/981 994/1158/985 
f 996/1160/987 997/1161/988 998/1162/956 
f 998/1162/956 999/1163/956 996/1160/987 
f 998/1162/956 758/890/758 780/914/780 
f 780/914/780 999/1163/956 998/1162/956 
f 986/1150/956 999/1163/956 780/914/780 
f 780/914/780 785/919/785 986/1150/956 
f 996/1160/987 999/1163/956 986/1150/956 
f 986/1150/956 989/1153/980 996/1160/987 
f 812/953/812 750/881/750 994/1158/985 
f 994/1158/985 1000/1164/989 812/953/812 
f 1001/1165/990 1000/1164/989 994/1158/985 
f 994/1158/985 995/1159/986 1001/1165/990 
f 975/1139/972 1000/1164/989 1001/1165/990 
f 1001/1165/990 977/1141/974 975/1139/972 
f 799/936/799 812/953/812 1000/1164/989 
f 1000/1164/989 975/1139/972 799/936/799 
f 1002/1166/991 727/851/727 728/854/728 
f 728/854/728 1003/1167/992 1002/1166/991 
f 1004/1168/993 1002/1166/991 1003/1167/992 
f 1003/1167/992 1005/1169/994 1004/1168/993 
f 991/1155/982 1002/1166/991 1004/1168/993 
f 1004/1168/993 993/1157/984 991/1155/982 
f 729/855/729 727/851/727 1002/1166/991 
f 1002/1166/991 991/1155/982 729/855/729 
f 1006/1170/956 1007/1171/995 1008/1172/996 
f 1008/1172/996 1009/1173/956 1006/1170/956 
f 1009/1173/956 746/876/746 754/886/754 
f 754/886/754 1006/1170/956 1009/1173/956 
f 754/886/754 758/890/758 998/1162/956 
f 998/1162/956 1006/1170/956 754/886/754 
f 997/1161/988 1007/1171/995 1006/1170/956 
f 1006/1170/956 998/1162/956 997/1161/988 
f 1010/1174/956 1011/1175/997 1012/1176/998 
f 1012/1176/998 1013/1177/956 1010/1174/956 
f 1013/1177/956 713/835/713 742/872/742 
f 742/872/742 1010/1174/956 1013/1177/956 
f 742/872/742 746/876/746 1009/1173/956 
f 1009/1173/956 1010/1174/956 742/872/742 
f 1008/1172/996 1011/1175/997 1010/1174/956 
f 1010/1174/956 1009/1173/956 1008/1172/996 
f 646/757/646 1014/1178/999 1015/1179/1000 
f 1015/1179/1000 672/790/672 646/757/646 
f 1016/1180/1001 1015/1179/1000 1014/1178/999 
f 1014/1178/999 1017/1181/1002 1016/1180/1001 
f 1018/1182/1003 1015/1179/1000 1016/1180/1001 
f 1016/1180/1001 1019/1183/1004 1018/1182/1003 
f 1015/1179/1000 1018/1182/1003 673/791/673 
f 673/791/673 672/790/672 1015/1179/1000 
f 1020/1184/956 1021/1185/1005 1022/1186/1006 
f 1022/1186/1006 1023/1187/956 1020/1184/956 
f 1023/1187/956 681/800/681 709/831/709 
f 709/831/709 1020/1184/956 1023/1187/956 
f 709/831/709 713/835/713 1013/1177/956 
f 1013/1177/956 1020/1184/956 709/831/709 
f 1012/1176/998 1021/1185/1005 1020/1184/956 
f 1020/1184/956 1013/1177/956 1012/1176/998 
f 740/869/740 673/791/673 1018/1182/1003 
f 1018/1182/1003 1024/1188/1007 740/869/740 
f 1025/1189/1008 1024/1188/1007 1018/1182/1003 
f 1018/1182/1003 1019/1183/1004 1025/1189/1008 
f 1003/1167/992 1024/1188/1007 1025/1189/1008 
f 1025/1189/1008 1005/1169/994 1003/1167/992 
f 1024/1188/1007 1003/1167/992 728/854/728 
f 728/854/728 740/869/740 1024/1188/1007 
f 644/753/644 645/756/645 652/764/652 
f 652/764/652 1026/1190/1009 644/753/644 
f 651/763/651 1027/1191/1010 1026/1190/1009 
f 1026/1190/1009 652/764/652 651/763/651 
f 1014/1178/999 1026/1190/1009 1027/1191/1010 
f 1027/1191/1010 1017/1181/1002 1014/1178/999 
f 1026/1190/1009 1014/1178/999 646/757/646 
f 646/757/646 644/753/644 1026/1190/1009 
f 1028/1192/956 1029/1193/1011 1030/1194/1012 
f 1030/1194/1012 1031/1195/1013 1028/1192/956 
f 1031/1195/1013 639/748/639 677/796/677 
f 677/796/677 1028/1192/956 1031/1195/1013 
f 677/796/677 681/800/681 1023/1187/956 
f 1023/1187/956 1028/1192/956 677/796/677 
f 1022/1186/1006 1029/1193/1011 1028/1192/956 
f 1028/1192/956 1023/1187/956 1022/1186/1006 
f 1032/1196/1014 1033/1197/1015 682/801/682 
f 682/801/682 1034/1198/1016 1032/1196/1014 
f 1034/1198/1016 651/763/651 650/762/650 
f 650/762/650 1032/1196/1014 1034/1198/1016 
f 1032/1196/1014 650/762/650 656/768/656 
f 656/768/656 1035/1199/1017 1032/1196/1014 
f 1036/1200/1018 1033/1197/1015 1032/1196/1014 
f 1032/1196/1014 1035/1199/1017 1036/1200/1018 
f 1037/1201/1019 1038/1202/1020 1039/1203/1021 
f 1039/1203/1021 1040/1204/1022 1037/1201/1019 
f 635/744/635 1037/1201/1019 1040/1204/1022 
f 1040/1204/1022 633/741/633 635/744/635 
f 1031/1195/1013 1037/1201/1019 635/744/635 
f 635/744/635 639/748/639 1031/1195/1013 
f 1030/1194/1012 1038/1202/1020 1037/1201/1019 
f 1037/1201/1019 1031/1195/1013 1030/1194/1012 
f 1041/1205/1023 1042/1206/1024 1043/1207/1025 
f 1043/1207/1025 1044/1208/1026 1041/1205/1023 
f 625/729/625 628/732/628 1043/1207/1025 
f 1043/1207/1025 1042/1206/1024 625/729/625 
f 1040/1204/1022 1043/1209/1025 628/742/628 
f 628/742/628 633/741/633 1040/1204/1022 
f 1039/1203/1021 1044/1210/1026 1043/1209/1025 
f 1043/1209/1025 1040/1204/1022 1039/1203/1021 
f 1045/1211/1027 1046/1212/1028 1047/1213/1029 
f 1047/1213/1029 1048/1214/1030 1045/1211/1027 
f 1041/1205/1023 1044/1208/1026 1048/1214/1030 
f 1048/1214/1030 1047/1213/1029 1041/1205/1023 
f 1048/1215/1030 1044/1210/1026 1039/1203/1021 
f 1039/1203/1021 1049/1216/1031 1048/1215/1030 
f 1049/1216/1031 1050/1217/1032 1045/1218/1027 
f 1045/1218/1027 1048/1215/1030 1049/1216/1031 
f 1051/1219/1033 1050/1217/1032 1049/1216/1031 
f 1049/1216/1031 1052/1220/1034 1051/1219/1033 
f 1039/1203/1021 1038/1202/1020 1052/1220/1034 
f 1052/1220/1034 1049/1216/1031 1039/1203/1021 
f 1052/1220/1034 1038/1202/1020 1030/1194/1012 
f 1030/1194/1012 1053/1221/1035 1052/1220/1034 
f 1053/1221/1035 694/815/694 1051/1219/1033 
f 1051/1219/1033 1052/1220/1034 1053/1221/1035 
f 664/778/664 663/777/663 683/802/683 
f 683/802/683 1054/1222/1036 664/778/664 
f 682/801/682 1033/1197/1015 1054/1222/1036 
f 1054/1222/1036 683/802/683 682/801/682 
f 1036/1200/1018 1055/1223/1037 1054/1222/1036 
f 1054/1222/1036 1033/1197/1015 1036/1200/1018 
f 1054/1222/1036 1055/1223/1037 665/779/665 
f 665/779/665 664/778/664 1054/1222/1036 
f 1053/1221/1035 1056/1224/1038 695/816/695 
f 695/816/695 694/815/694 1053/1221/1035 
f 1030/1194/1012 1029/1193/1011 1056/1224/1038 
f 1056/1224/1038 1053/1221/1035 1030/1194/1012 
f 1056/1224/1038 1029/1193/1011 1022/1186/1006 
f 1022/1186/1006 1057/1225/1039 1056/1224/1038 
f 695/816/695 1056/1224/1038 1057/1225/1039 
f 1057/1225/1039 696/817/696 695/816/695 
f 1057/1225/1039 1058/1226/1040 719/841/719 
f 719/841/719 696/817/696 1057/1225/1039 
f 1022/1186/1006 1021/1185/1005 1058/1226/1040 
f 1058/1226/1040 1057/1225/1039 1022/1186/1006 
f 1058/1226/1040 1021/1185/1005 1012/1176/998 
f 1012/1176/998 1059/1227/1041 1058/1226/1040 
f 721/844/721 719/841/719 1058/1226/1040 
f 1058/1226/1040 1059/1227/1041 721/844/721 
f 1060/1228/1042 734/861/734 721/844/721 
f 721/844/721 1059/1227/1041 1060/1228/1042 
f 1012/1176/998 1011/1175/997 1060/1228/1042 
f 1060/1228/1042 1059/1227/1041 1012/1176/998 
f 1060/1228/1042 1011/1175/997 1008/1172/996 
f 1008/1172/996 1061/1229/1043 1060/1228/1042 
f 1061/1229/1043 736/864/736 734/861/734 
f 734/861/734 1060/1228/1042 1061/1229/1043 
f 1062/1230/1044 767/900/767 736/864/736 
f 736/864/736 1061/1229/1043 1062/1230/1044 
f 1008/1172/996 1007/1171/995 1062/1230/1044 
f 1062/1230/1044 1061/1229/1043 1008/1172/996 
f 1062/1230/1044 1007/1171/995 997/1161/988 
f 997/1161/988 1063/1231/1045 1062/1230/1044 
f 768/901/768 767/900/767 1062/1230/1044 
f 1062/1230/1044 1063/1231/1045 768/901/768 
f 768/901/768 1063/1231/1045 1064/1232/1046 
f 1064/1232/1046 791/926/791 768/901/768 
f 1063/1231/1045 997/1161/988 996/1160/987 
f 996/1160/987 1064/1232/1046 1063/1231/1045 
f 1064/1232/1046 996/1160/987 989/1153/980 
f 989/1153/980 1065/1233/1047 1064/1232/1046 
f 791/926/791 1064/1232/1046 1065/1233/1047 
f 1065/1233/1047 792/927/792 791/926/791 
f 806/945/806 792/927/792 1065/1233/1047 
f 1065/1233/1047 1066/1234/1048 806/945/806 
f 989/1153/980 988/1152/979 1066/1234/1048 
f 1066/1234/1048 1065/1233/1047 989/1153/980 
f 1066/1234/1048 988/1152/979 981/1145/976 
f 981/1145/976 1067/1235/1049 1066/1234/1048 
f 806/945/806 1066/1234/1048 1067/1235/1049 
f 1067/1235/1049 807/947/807 806/945/806 
f 1068/1236/1050 857/1001/857 840/983/840 
f 840/983/840 1069/1237/1051 1068/1236/1050 
f 983/1147/977 985/1149/978 1068/1236/1050 
f 1068/1236/1050 1069/1237/1051 983/1147/977 
f 1068/1236/1050 985/1149/978 964/1128/962 
f 964/1128/962 1070/1238/1052 1068/1236/1050 
f 859/1004/859 857/1001/857 1068/1236/1050 
f 1068/1236/1050 1070/1238/1052 859/1004/859 
f 1071/1239/1053 839/981/839 807/947/807 
f 807/947/807 1067/1235/1049 1071/1239/1053 
f 981/1145/976 980/1144/975 1071/1239/1053 
f 1071/1239/1053 1067/1235/1049 981/1145/976 
f 1071/1239/1053 980/1144/975 983/1147/977 
f 983/1147/977 1069/1237/1051 1071/1239/1053 
f 840/983/840 839/981/839 1071/1239/1053 
f 1071/1239/1053 1069/1237/1051 840/983/840 
f 1072/1240/1054 878/1030/878 859/1004/859 
f 859/1004/859 1070/1238/1052 1072/1240/1054 
f 964/1128/962 963/1127/961 1072/1240/1054 
f 1072/1240/1054 1070/1238/1052 964/1128/962 
f 958/1122/958 1073/1241/1055 1072/1240/1054 
f 1072/1240/1054 963/1127/961 958/1122/958 
f 880/1032/880 878/1030/878 1072/1240/1054 
f 1072/1240/1054 1073/1241/1055 880/1032/880 
f 1074/1242/1056 911/1065/911 880/1032/880 
f 880/1032/880 1073/1241/1055 1074/1242/1056 
f 1074/1242/1056 1073/1241/1055 958/1122/958 
f 958/1122/958 957/1121/957 1074/1242/1056 
f 941/1103/941 1075/1243/1057 1074/1242/1056 
f 1074/1242/1056 957/1121/957 941/1103/941 
f 911/1065/911 1074/1242/1056 1075/1243/1057 
f 1075/1243/1057 913/1068/913 911/1065/911 
f 1076/1244/1058 1077/1245/1059 1078/1246/1060 
f 1078/1246/1060 1079/1247/1061 1076/1244/1058 
f 946/1108/946 1078/1246/1060 1077/1245/1059 
f 1077/1245/1059 947/1109/947 946/1108/946 
f 1078/1248/1060 946/1113/946 899/1053/899 
f 899/1053/899 898/1052/898 1078/1248/1060 
f 1078/1248/1060 898/1052/898 897/1051/897 
f 897/1051/897 1079/1249/1061 1078/1248/1060 
f 926/1085/926 913/1068/913 1075/1243/1057 
f 1075/1243/1057 1080/1250/1062 926/1085/926 
f 941/1103/941 940/1102/940 1080/1250/1062 
f 1080/1250/1062 1075/1243/1057 941/1103/941 
f 1080/1250/1062 940/1102/940 944/1106/944 
f 944/1106/944 1081/1251/1063 1080/1250/1062 
f 1081/1251/1063 927/1087/927 926/1085/926 
f 926/1085/926 1080/1250/1062 1081/1251/1063 
f 952/1116/952 953/1117/953 1082/1252/1064 
f 1082/1252/1064 1083/1253/1064 952/1116/952 
f 907/1061/907 1083/1253/1064 1082/1252/1064 
f 1082/1252/1064 851/995/851 907/1061/907 
f 1084/1254/1065 1083/1253/1064 907/1061/907 
f 907/1061/907 891/1045/891 1084/1254/1065 
f 1084/1254/1065 955/1119/955 952/1116/952 
f 952/1116/952 1083/1253/1064 1084/1254/1065 
f 1085/1255/1066 961/1125/960 955/1119/955 
f 955/1119/955 1084/1254/1065 1085/1255/1066 
f 894/1048/894 1085/1255/1066 1084/1254/1065 
f 1084/1254/1065 891/1045/891 894/1048/894 
f 949/1111/949 1085/1255/1066 894/1048/894 
f 894/1048/894 899/1053/899 949/1111/949 
f 923/1081/923 961/1125/960 1085/1255/1066 
f 1085/1255/1066 949/1111/949 923/1081/923 
f 969/1133/966 968/1132/965 1086/1256/1064 
f 1086/1256/1064 1087/1257/1064 969/1133/966 
f 853/997/853 1087/1257/1064 1086/1256/1064 
f 1086/1256/1064 836/978/836 853/997/853 
f 1088/1258/1064 1087/1257/1064 853/997/853 
f 853/997/853 844/988/844 1088/1258/1064 
f 1088/1258/1064 970/1134/967 969/1133/966 
f 969/1133/966 1087/1257/1064 1088/1258/1064 
f 1089/1259/1064 973/1137/970 970/1134/967 
f 970/1134/967 1088/1258/1064 1089/1259/1064 
f 843/987/843 1089/1259/1064 1088/1258/1064 
f 1088/1258/1064 844/988/844 843/987/843 
f 1082/1252/1064 1089/1259/1064 843/987/843 
f 843/987/843 851/995/851 1082/1252/1064 
f 953/1117/953 973/1137/970 1089/1259/1064 
f 1089/1259/1064 1082/1252/1064 953/1117/953 
f 976/1140/973 977/1141/974 1090/1260/1064 
f 1090/1260/1064 1091/1261/1064 976/1140/973 
f 832/974/832 1091/1261/1064 1090/1260/1064 
f 1090/1260/1064 779/913/779 832/974/832 
f 1086/1256/1064 1091/1261/1064 832/974/832 
f 832/974/832 836/978/836 1086/1256/1064 
f 968/1132/965 976/1140/973 1091/1261/1064 
f 1091/1261/1064 1086/1256/1064 968/1132/965 
f 993/1157/984 1092/1262/1064 1093/1263/1064 
f 1093/1263/1064 992/1156/983 993/1157/984 
f 787/921/787 1093/1263/1064 1092/1262/1064 
f 1092/1262/1064 764/896/764 787/921/787 
f 1094/1264/1064 1093/1263/1064 787/921/787 
f 787/921/787 771/905/771 1094/1264/1064 
f 992/1156/983 1093/1263/1064 1094/1264/1064 
f 1094/1264/1064 995/1159/986 992/1156/983 
f 995/1159/986 1094/1264/1064 1095/1265/1064 
f 1095/1265/1064 1001/1165/990 995/1159/986 
f 774/908/774 1095/1265/1064 1094/1264/1064 
f 1094/1264/1064 771/905/771 774/908/774 
f 1090/1260/1064 1095/1265/1064 774/908/774 
f 774/908/774 779/913/779 1090/1260/1064 
f 1001/1165/990 1095/1265/1064 1090/1260/1064 
f 1090/1260/1064 977/1141/974 1001/1165/990 
f 1096/1266/1064 1097/1267/1064 1004/1168/993 
f 1004/1168/993 1005/1169/994 1096/1266/1064 
f 760/892/760 1097/1267/1064 1096/1266/1064 
f 1096/1266/1064 707/829/707 760/892/760 
f 1092/1262/1064 1097/1267/1064 760/892/760 
f 760/892/760 764/896/764 1092/1262/1064 
f 1004/1168/993 1097/1267/1064 1092/1262/1064 
f 1092/1262/1064 993/1157/984 1004/1168/993 
f 1017/1181/1002 1098/1268/1064 1099/1269/1064 
f 1099/1269/1064 1016/1180/1001 1017/1181/1002 
f 715/837/715 1099/1269/1064 1098/1268/1064 
f 1098/1268/1064 689/808/689 715/837/715 
f 1100/1270/1064 1099/1269/1064 715/837/715 
f 715/837/715 699/821/699 1100/1270/1064 
f 1099/1269/1064 1100/1270/1064 1019/1183/1004 
f 1019/1183/1004 1016/1180/1001 1099/1269/1064 
f 1019/1183/1004 1100/1270/1064 1101/1271/1064 
f 1101/1271/1064 1025/1189/1008 1019/1183/1004 
f 702/824/702 1101/1271/1064 1100/1270/1064 
f 1100/1270/1064 699/821/699 702/824/702 
f 1096/1266/1064 1101/1271/1064 702/824/702 
f 702/824/702 707/829/707 1096/1266/1064 
f 1025/1189/1008 1101/1271/1064 1096/1266/1064 
f 1096/1266/1064 1005/1169/994 1025/1189/1008 
f 1027/1191/1010 651/763/651 1034/1198/1016 
f 1034/1198/1016 1102/1272/1064 1027/1191/1010 
f 685/804/685 1102/1272/1064 1034/1198/1016 
f 1034/1198/1016 682/801/682 685/804/685 
f 1098/1268/1064 1102/1272/1064 685/804/685 
f 685/804/685 689/808/689 1098/1268/1064 
f 1027/1191/1010 1102/1272/1064 1098/1268/1064 
f 1098/1268/1064 1017/1181/1002 1027/1191/1010 
f 929/1090/929 1103/1273/1067 1104/1274/1068 
f 1104/1274/1068 1105/1275/1069 929/1090/929 
f 1106/1276/1070 1104/1274/1068 1103/1273/1067 
f 1103/1273/1067 1107/1277/1071 1106/1276/1070 
f 947/1109/947 1077/1245/1059 1104/1274/1068 
f 1104/1274/1068 1106/1276/1070 947/1109/947 
f 1104/1274/1068 1077/1245/1059 1076/1244/1058 
f 1076/1244/1058 1105/1275/1069 1104/1274/1068 
f 659/780/659 665/779/665 1055/1223/1037 
f 1055/1223/1037 1108/1278/1072 659/780/659 
f 1109/1279/1073 1108/1278/1072 1055/1223/1037 
f 1055/1223/1037 1036/1200/1018 1109/1279/1073 
f 1110/1280/1074 1111/1281/1075 1108/1282/1072 
f 1108/1282/1072 1109/1283/1073 1110/1280/1074 
f 659/771/659 1108/1282/1072 1111/1281/1075 
f 1111/1281/1075 660/772/660 659/771/659 
f 1112/1284/1076 1109/1279/1073 1036/1200/1018 
f 1036/1200/1018 1035/1199/1017 1112/1284/1076 
f 656/768/656 1113/1285/1077 1112/1284/1076 
f 1112/1284/1076 1035/1199/1017 656/768/656 
f 1112/1286/1076 1113/1287/1077 1114/1288/1078 
f 1114/1288/1078 1115/1289/1079 1112/1286/1076 
f 1112/1286/1076 1115/1289/1079 1110/1280/1074 
f 1110/1280/1074 1109/1283/1073 1112/1286/1076 
f 1107/1277/1071 1116/1290/1080 1117/1291/1081 
f 1117/1291/1081 1106/1276/1070 1107/1277/1071 
f 1117/1291/1081 1116/1290/1080 1118/1292/1082 
f 1118/1292/1082 1119/1293/1083 1117/1291/1081 
f 1119/1293/1083 917/1073/917 948/1110/948 
f 948/1110/948 1117/1291/1081 1119/1293/1083 
f 1106/1276/1070 1117/1291/1081 948/1110/948 
f 948/1110/948 947/1109/947 1106/1276/1070 
f 1120/1294/1084 1121/1295/1085 1122/1296/1086 
f 1122/1296/1086 1123/1297/1087 1120/1294/1084 
f 1120/1294/1084 875/1026/875 931/1092/931 
f 931/1092/931 1121/1295/1085 1120/1294/1084 
f 1121/1295/1085 931/1092/931 919/1075/919 
f 919/1075/919 1124/1298/1088 1121/1295/1085 
f 1125/1299/1089 1122/1296/1086 1121/1295/1085 
f 1121/1295/1085 1124/1298/1088 1125/1299/1089 
f 1126/1300/1090 896/1050/896 895/1049/895 
f 895/1049/895 1127/1301/1091 1126/1300/1090 
f 1127/1302/1091 1128/1303/1092 1129/1304/1093 
f 1129/1304/1093 1126/1305/1090 1127/1302/1091 
f 1129/1304/1093 1076/1244/1058 1079/1247/1061 
f 1079/1247/1061 1126/1305/1090 1129/1304/1093 
f 1079/1249/1061 897/1051/897 896/1050/896 
f 896/1050/896 1126/1300/1090 1079/1249/1061 
f 1130/1306/1094 1119/1293/1083 1118/1292/1082 
f 1118/1292/1082 1131/1307/1095 1130/1306/1094 
f 1131/1307/1095 1125/1299/1089 1124/1298/1088 
f 1124/1298/1088 1130/1306/1094 1131/1307/1095 
f 1124/1298/1088 919/1075/919 918/1074/918 
f 918/1074/918 1130/1306/1094 1124/1298/1088 
f 918/1074/918 917/1073/917 1119/1293/1083 
f 1119/1293/1083 1130/1306/1094 918/1074/918 
f 1132/1308/1096 908/1062/908 850/994/850 
f 850/994/850 1133/1309/1097 1132/1308/1096 
f 1133/1310/1097 1134/1311/1098 1135/1312/1099 
f 1135/1312/1099 1132/1313/1096 1133/1310/1097 
f 1135/1312/1099 1128/1303/1092 1127/1302/1091 
f 1127/1302/1091 1132/1313/1096 1135/1312/1099 
f 895/1049/895 908/1062/908 1132/1308/1096 
f 1132/1308/1096 1127/1301/1091 895/1049/895 
f 1136/1314/1100 1137/1315/1101 1138/1316/1102 
f 1138/1316/1102 1139/1317/1103 1136/1314/1100 
f 1136/1314/1100 866/1014/866 883/1036/883 
f 883/1036/883 1137/1315/1101 1136/1314/1100 
f 1137/1315/1101 883/1036/883 869/1017/869 
f 869/1017/869 1140/1318/1104 1137/1315/1101 
f 1138/1316/1102 1137/1315/1101 1140/1318/1104 
f 1140/1318/1104 1141/1319/1105 1138/1316/1102 
f 848/992/848 1142/1320/1106 1143/1321/1107 
f 1143/1321/1107 847/991/847 848/992/848 
f 1142/1322/1106 1144/1323/1108 1145/1324/1109 
f 1145/1324/1109 1143/1325/1107 1142/1322/1106 
f 1143/1325/1107 1145/1324/1109 1134/1311/1098 
f 1134/1311/1098 1133/1310/1097 1143/1325/1107 
f 850/994/850 847/991/847 1143/1321/1107 
f 1143/1321/1107 1133/1309/1097 850/994/850 
f 1140/1318/1104 1146/1326/1110 1147/1327/1111 
f 1147/1327/1111 1141/1319/1105 1140/1318/1104 
f 869/1017/869 868/1016/868 1146/1326/1110 
f 1146/1326/1110 1140/1318/1104 869/1017/869 
f 868/1016/868 875/1026/875 1120/1294/1084 
f 1120/1294/1084 1146/1326/1110 868/1016/868 
f 1147/1327/1111 1146/1326/1110 1120/1294/1084 
f 1120/1294/1084 1123/1297/1087 1147/1327/1111 
f 1148/1328/1112 1149/1329/1113 1150/1330/1114 
f 1150/1330/1114 1151/1331/1115 1148/1328/1112 
f 1149/1329/1113 803/942/803 862/1008/862 
f 862/1008/862 1150/1330/1114 1149/1329/1113 
f 862/1008/862 866/1014/866 1136/1314/1100 
f 1136/1314/1100 1150/1330/1114 862/1008/862 
f 1150/1330/1114 1136/1314/1100 1139/1317/1103 
f 1139/1317/1103 1151/1331/1115 1150/1330/1114 
f 835/977/835 1152/1332/1116 1153/1333/1117 
f 1153/1333/1117 854/998/854 835/977/835 
f 1152/1334/1116 1154/1335/1118 1155/1336/1119 
f 1155/1336/1119 1153/1337/1117 1152/1334/1116 
f 1153/1337/1117 1155/1336/1119 1144/1323/1108 
f 1144/1323/1108 1142/1322/1106 1153/1337/1117 
f 1153/1333/1117 1142/1320/1106 848/992/848 
f 848/992/848 854/998/854 1153/1333/1117 
f 777/911/777 1156/1338/1120 1157/1339/1121 
f 1157/1339/1121 833/975/833 777/911/777 
f 1158/1340/1122 1157/1341/1121 1156/1342/1120 
f 1156/1342/1120 1159/1343/1123 1158/1340/1122 
f 1157/1341/1121 1158/1340/1122 1154/1335/1118 
f 1154/1335/1118 1152/1334/1116 1157/1341/1121 
f 1157/1339/1121 1152/1332/1116 835/977/835 
f 835/977/835 833/975/833 1157/1339/1121 
f 1160/1344/1124 1161/1345/1125 1162/1346/1126 
f 1162/1346/1126 1163/1347/1127 1160/1344/1124 
f 811/952/811 1160/1344/1124 1163/1347/1127 
f 1163/1347/1127 752/884/752 811/952/811 
f 1160/1344/1124 811/952/811 797/933/797 
f 797/933/797 1164/1348/1128 1160/1344/1124 
f 1164/1348/1128 1165/1349/1129 1161/1345/1125 
f 1161/1345/1125 1160/1344/1124 1164/1348/1128 
f 775/909/775 1166/1350/1130 1167/1351/1131 
f 1167/1351/1131 776/910/776 775/909/775 
f 1168/1352/1132 1169/1353/1133 1167/1354/1131 
f 1167/1354/1131 1166/1355/1130 1168/1352/1132 
f 1167/1354/1131 1169/1353/1133 1159/1343/1123 
f 1159/1343/1123 1156/1342/1120 1167/1354/1131 
f 1167/1351/1131 1156/1338/1120 777/911/777 
f 777/911/777 776/910/776 1167/1351/1131 
f 1170/1356/1134 1165/1349/1129 1164/1348/1128 
f 1164/1348/1128 1171/1357/1135 1170/1356/1134 
f 797/933/797 796/932/796 1171/1357/1135 
f 1171/1357/1135 1164/1348/1128 797/933/797 
f 1171/1357/1135 796/932/796 803/942/803 
f 803/942/803 1149/1329/1113 1171/1357/1135 
f 1170/1356/1134 1171/1357/1135 1149/1329/1113 
f 1149/1329/1113 1148/1328/1112 1170/1356/1134 
f 762/894/762 1172/1358/1136 1173/1359/1137 
f 1173/1359/1137 788/922/788 762/894/762 
f 1173/1360/1137 1172/1361/1136 1174/1362/1138 
f 1174/1362/1138 1175/1363/1139 1173/1360/1137 
f 1168/1352/1132 1166/1355/1130 1173/1360/1137 
f 1173/1360/1137 1175/1363/1139 1168/1352/1132 
f 1173/1359/1137 1166/1350/1130 775/909/775 
f 775/909/775 788/922/788 1173/1359/1137 
f 706/828/706 1176/1364/1140 1177/1365/1141 
f 1177/1365/1141 761/893/761 706/828/706 
f 1177/1366/1141 1176/1367/1140 1178/1368/1142 
f 1178/1368/1142 1179/1369/1143 1177/1366/1141 
f 1172/1361/1136 1177/1366/1141 1179/1369/1143 
f 1179/1369/1143 1174/1362/1138 1172/1361/1136 
f 1177/1365/1141 1172/1358/1136 762/894/762 
f 762/894/762 761/893/761 1177/1365/1141 
f 1180/1370/1144 1181/1371/1145 1182/1372/1146 
f 1182/1372/1146 1183/1373/1147 1180/1370/1144 
f 748/878/748 1183/1373/1147 1182/1372/1146 
f 1182/1372/1146 731/857/731 748/878/748 
f 752/884/752 1163/1347/1127 1183/1373/1147 
f 1183/1373/1147 748/878/748 752/884/752 
f 1163/1347/1127 1162/1346/1126 1180/1370/1144 
f 1180/1370/1144 1183/1373/1147 1163/1347/1127 
f 1184/1374/1148 1185/1375/1149 1186/1376/1150 
f 1186/1376/1150 1187/1377/1151 1184/1374/1148 
f 739/868/739 1187/1377/1151 1186/1376/1150 
f 1186/1376/1150 675/794/675 739/868/739 
f 725/849/725 1188/1378/1152 1187/1377/1151 
f 1187/1377/1151 739/868/739 725/849/725 
f 1188/1378/1152 1189/1379/1153 1184/1374/1148 
f 1184/1374/1148 1187/1377/1151 1188/1378/1152 
f 703/825/703 1190/1380/1154 1191/1381/1155 
f 1191/1381/1155 704/826/704 703/825/703 
f 1192/1382/1156 1193/1383/1157 1191/1384/1155 
f 1191/1384/1155 1190/1385/1154 1192/1382/1156 
f 1191/1384/1155 1193/1383/1157 1178/1368/1142 
f 1178/1368/1142 1176/1367/1140 1191/1384/1155 
f 1191/1381/1155 1176/1364/1140 706/828/706 
f 706/828/706 704/826/704 1191/1381/1155 
f 1189/1379/1153 1188/1378/1152 1194/1386/1158 
f 1194/1386/1158 1195/1387/1159 1189/1379/1153 
f 725/849/725 724/848/724 1194/1386/1158 
f 1194/1386/1158 1188/1378/1152 725/849/725 
f 1194/1386/1158 724/848/724 731/857/731 
f 731/857/731 1182/1372/1146 1194/1386/1158 
f 1194/1386/1158 1182/1372/1146 1181/1371/1145 
f 1181/1371/1145 1195/1387/1159 1194/1386/1158 
f 687/806/687 1196/1388/1160 1197/1389/1161 
f 1197/1389/1161 716/838/716 687/806/687 
f 1198/1390/1162 1199/1391/1163 1197/1392/1161 
f 1197/1392/1161 1196/1393/1160 1198/1390/1162 
f 1197/1392/1161 1199/1391/1163 1192/1382/1156 
f 1192/1382/1156 1190/1385/1154 1197/1392/1161 
f 1197/1389/1161 1190/1380/1154 703/825/703 
f 703/825/703 716/838/716 1197/1389/1161 
f 663/777/663 661/776/661 1200/1394/1164 
f 1200/1394/1164 686/805/686 663/777/663 
f 662/774/662 1201/1395/1165 1200/1396/1164 
f 1200/1396/1164 661/773/661 662/774/662 
f 1200/1396/1164 1201/1395/1165 1198/1390/1162 
f 1198/1390/1162 1196/1393/1160 1200/1396/1164 
f 1200/1394/1164 1196/1388/1160 687/806/687 
f 687/806/687 686/805/686 1200/1394/1164 
f 1202/1397/1166 1203/1398/1167 1204/1399/1168 
f 1204/1399/1168 1205/1400/1169 1202/1397/1166 
f 648/760/648 671/788/671 1202/1397/1166 
f 1202/1397/1166 1205/1400/1169 648/760/648 
f 1202/1397/1166 671/788/671 675/794/675 
f 675/794/675 1186/1376/1150 1202/1397/1166 
f 1185/1375/1149 1203/1398/1167 1202/1397/1166 
f 1202/1397/1166 1186/1376/1150 1185/1375/1149 
f 1206/1401/1170 1207/1402/1171 1208/1403/1172 
f 1208/1403/1172 1209/1404/1173 1206/1401/1170 
f 629/734/629 1210/1405/1174 1206/1401/1170 
f 1206/1401/1170 1209/1404/1173 629/734/629 
f 1206/1401/1170 1210/1405/1174 668/783/668 
f 668/783/668 667/782/667 1206/1401/1170 
f 1206/1401/1170 667/782/667 640/749/640 
f 640/749/640 1207/1402/1171 1206/1401/1170 
f 1211/1406/1175 1212/1407/1176 1046/1212/1028 
f 1046/1212/1028 1213/1408/1177 1211/1406/1175 
f 692/811/692 1214/1409/1178 1211/1406/1175 
f 1211/1406/1175 1213/1408/1177 692/811/692 
f 662/774/662 657/769/657 1211/1406/1175 
f 1211/1406/1175 1214/1409/1178 662/774/662 
f 660/772/660 1212/1407/1176 1211/1406/1175 
f 1211/1406/1175 657/769/657 660/772/660 
f 1215/1410/1179 1208/1403/1172 1207/1402/1171 
f 1207/1402/1171 1216/1411/1180 1215/1410/1179 
f 643/752/643 1216/1411/1180 1207/1402/1171 
f 1207/1402/1171 640/749/640 643/752/643 
f 648/760/648 1205/1400/1169 1216/1411/1180 
f 1216/1411/1180 643/752/643 648/760/648 
f 1205/1400/1169 1204/1399/1168 1215/1410/1179 
f 1215/1410/1179 1216/1411/1180 1205/1400/1169 
f 1217/1412/1181 1113/1285/1077 656/768/656 
f 656/768/656 655/767/655 1217/1412/1181 
f 654/766/654 669/786/669 1217/1412/1181 
f 1217/1412/1181 655/767/655 654/766/654 
f 1218/1413/1182 1217/1414/1181 669/784/669 
f 669/784/669 668/783/668 1218/1413/1182 
f 1113/1287/1077 1217/1415/1181 1218/1416/1182 
f 1218/1416/1182 1114/1288/1078 1113/1287/1077 
f 1219/1417/1183 678/797/678 637/746/637 
f 637/746/637 1220/1418/1184 1219/1417/1183 
f 1220/1419/1184 1208/1403/1172 1215/1410/1179 
f 1215/1410/1179 1219/1420/1183 1220/1419/1184 
f 1221/1421/1185 1219/1420/1183 1215/1410/1179 
f 1215/1410/1179 1204/1399/1168 1221/1421/1185 
f 678/797/678 1219/1417/1183 1221/1422/1185 
f 1221/1422/1185 679/798/679 678/797/678 
f 1045/1218/1027 1050/1217/1032 1051/1219/1033 
f 1051/1219/1033 1222/1423/1186 1045/1218/1027 
f 693/814/693 1222/1423/1186 1051/1219/1033 
f 1051/1219/1033 694/815/694 693/814/693 
f 1213/1408/1177 1222/1424/1186 693/812/693 
f 693/812/693 692/811/692 1213/1408/1177 
f 1213/1408/1177 1046/1212/1028 1045/1211/1027 
f 1045/1211/1027 1222/1424/1186 1213/1408/1177 
f 1220/1418/1184 637/746/637 636/745/636 
f 636/745/636 1223/1425/1187 1220/1418/1184 
f 630/738/630 1223/1425/1187 636/745/636 
f 636/745/636 631/739/631 630/738/630 
f 629/734/629 1209/1404/1173 1223/1426/1187 
f 1223/1426/1187 630/735/630 629/734/629 
f 1220/1419/1184 1223/1426/1187 1209/1404/1173 
f 1209/1404/1173 1208/1403/1172 1220/1419/1184 
f 679/798/679 1221/1422/1185 1224/1427/1188 
f 1224/1427/1188 710/832/710 679/798/679 
f 1203/1398/1167 1224/1428/1188 1221/1421/1185 
f 1221/1421/1185 1204/1399/1168 1203/1398/1167 
f 1185/1375/1149 1225/1429/1189 1224/1428/1188 
f 1224/1428/1188 1203/1398/1167 1185/1375/1149 
f 710/832/710 1224/1427/1188 1225/1430/1189 
f 1225/1430/1189 711/833/711 710/832/710 
f 755/887/755 745/875/745 1226/1431/1190 
f 1226/1431/1190 1227/1432/1191 755/887/755 
f 1227/1433/1191 1226/1434/1190 1189/1379/1153 
f 1189/1379/1153 1195/1387/1159 1227/1433/1191 
f 1228/1435/1192 1227/1433/1191 1195/1387/1159 
f 1195/1387/1159 1181/1371/1145 1228/1435/1192 
f 1228/1436/1192 756/888/756 755/887/755 
f 755/887/755 1227/1432/1191 1228/1436/1192 
f 1229/1437/1193 743/873/743 711/833/711 
f 711/833/711 1225/1430/1189 1229/1437/1193 
f 1229/1438/1193 1225/1429/1189 1185/1375/1149 
f 1185/1375/1149 1184/1374/1148 1229/1438/1193 
f 1189/1379/1153 1226/1434/1190 1229/1438/1193 
f 1229/1438/1193 1184/1374/1148 1189/1379/1153 
f 1226/1431/1190 745/875/745 743/873/743 
f 743/873/743 1229/1437/1193 1226/1431/1190 
f 1228/1436/1192 1230/1439/1194 782/916/782 
f 782/916/782 756/888/756 1228/1436/1192 
f 1230/1440/1194 1228/1435/1192 1181/1371/1145 
f 1181/1371/1145 1180/1370/1144 1230/1440/1194 
f 1162/1346/1126 1231/1441/1195 1230/1440/1194 
f 1230/1440/1194 1180/1370/1144 1162/1346/1126 
f 782/916/782 1230/1439/1194 1231/1442/1195 
f 1231/1442/1195 783/917/783 782/916/782 
f 830/972/830 816/958/816 1232/1443/1196 
f 1232/1443/1196 1233/1444/1197 830/972/830 
f 1165/1349/1129 1170/1356/1134 1233/1445/1197 
f 1233/1445/1197 1232/1446/1196 1165/1349/1129 
f 1234/1447/1198 1233/1445/1197 1170/1356/1134 
f 1170/1356/1134 1148/1328/1112 1234/1447/1198 
f 1233/1444/1197 1234/1448/1198 823/965/823 
f 823/965/823 830/972/830 1233/1444/1197 
f 1231/1442/1195 1235/1449/1199 815/957/815 
f 815/957/815 783/917/783 1231/1442/1195 
f 1162/1346/1126 1161/1345/1125 1235/1450/1199 
f 1235/1450/1199 1231/1441/1195 1162/1346/1126 
f 1235/1450/1199 1161/1345/1125 1165/1349/1129 
f 1165/1349/1129 1232/1446/1196 1235/1450/1199 
f 1232/1443/1196 816/958/816 815/957/815 
f 815/957/815 1235/1449/1199 1232/1443/1196 
f 823/965/823 1234/1448/1198 1236/1451/1200 
f 1236/1451/1200 824/966/824 823/965/823 
f 1148/1328/1112 1151/1331/1115 1236/1452/1200 
f 1236/1452/1200 1234/1447/1198 1148/1328/1112 
f 1236/1452/1200 1151/1331/1115 1139/1317/1103 
f 1139/1317/1103 1237/1453/1201 1236/1452/1200 
f 1236/1451/1200 1237/1454/1201 825/967/825 
f 825/967/825 824/966/824 1236/1451/1200 
f 888/1042/888 1238/1455/1202 1239/1456/1203 
f 1239/1456/1203 902/1056/902 888/1042/888 
f 1239/1457/1203 1238/1458/1202 1141/1319/1105 
f 1141/1319/1105 1147/1327/1111 1239/1457/1203 
f 1123/1297/1087 1240/1459/1204 1239/1457/1203 
f 1239/1457/1203 1147/1327/1111 1123/1297/1087 
f 1239/1456/1203 1240/1460/1204 903/1057/903 
f 903/1057/903 902/1056/902 1239/1456/1203 
f 825/967/825 1237/1454/1201 1241/1461/1205 
f 1241/1461/1205 887/1041/887 825/967/825 
f 1241/1462/1205 1237/1453/1201 1139/1317/1103 
f 1139/1317/1103 1138/1316/1102 1241/1462/1205 
f 1141/1319/1105 1238/1458/1202 1241/1462/1205 
f 1241/1462/1205 1138/1316/1102 1141/1319/1105 
f 1241/1461/1205 1238/1455/1202 888/1042/888 
f 888/1042/888 887/1041/887 1241/1461/1205 
f 937/1099/937 1242/1463/1206 1243/1464/1207 
f 1243/1464/1207 938/1100/938 937/1099/937 
f 1244/1465/1208 1242/1463/1206 937/1099/937 
f 937/1099/937 936/1098/936 1244/1465/1208 
f 1131/1307/1095 1242/1466/1206 1244/1467/1208 
f 1244/1467/1208 1125/1299/1089 1131/1307/1095 
f 1131/1307/1095 1118/1292/1082 1243/1468/1207 
f 1243/1468/1207 1242/1466/1206 1131/1307/1095 
f 903/1057/903 1240/1460/1204 1245/1469/1209 
f 1245/1469/1209 935/1097/935 903/1057/903 
f 1245/1470/1209 1240/1459/1204 1123/1297/1087 
f 1123/1297/1087 1122/1296/1086 1245/1470/1209 
f 1125/1299/1089 1244/1467/1208 1245/1470/1209 
f 1245/1470/1209 1122/1296/1086 1125/1299/1089 
f 936/1098/936 935/1097/935 1245/1469/1209 
f 1245/1469/1209 1244/1465/1208 936/1098/936 
f 944/1106/944 943/1105/943 1246/1471/1210 
f 1246/1471/1210 1247/1472/1211 944/1106/944 
f 943/1105/943 938/1100/938 1243/1464/1207 
f 1243/1464/1207 1246/1471/1210 943/1105/943 
f 1246/1473/1210 1243/1468/1207 1118/1292/1082 
f 1118/1292/1082 1116/1290/1080 1246/1473/1210 
f 1116/1290/1080 1107/1277/1071 1247/1474/1211 
f 1247/1474/1211 1246/1473/1210 1116/1290/1080 
f 928/1088/928 927/1087/927 1081/1251/1063 
f 1081/1251/1063 1248/1475/1212 928/1088/928 
f 1081/1251/1063 944/1106/944 1247/1472/1211 
f 1247/1472/1211 1248/1475/1212 1081/1251/1063 
f 1247/1474/1211 1107/1277/1071 1103/1273/1067 
f 1103/1273/1067 1248/1476/1212 1247/1474/1211 
f 1103/1273/1067 929/1090/929 928/1089/928 
f 928/1089/928 1248/1476/1212 1103/1273/1067 
f 660/772/660 1111/1281/1075 1249/1477/1213 
f 1249/1477/1213 1212/1407/1176 660/772/660 
f 1111/1281/1075 1110/1280/1074 1250/1478/1214 
f 1250/1478/1214 1249/1477/1213 1111/1281/1075 
f 1047/1213/1029 1249/1477/1213 1250/1478/1214 
f 1250/1478/1214 1041/1205/1023 1047/1213/1029 
f 1249/1477/1213 1047/1213/1029 1046/1212/1028 
f 1046/1212/1028 1212/1407/1176 1249/1477/1213 
f 1115/1289/1079 1251/1479/1215 1250/1478/1214 
f 1250/1478/1214 1110/1280/1074 1115/1289/1079 
f 1252/1480/1216 1251/1479/1215 1115/1289/1079 
f 1115/1289/1079 1114/1288/1078 1252/1480/1216 
f 1042/1206/1024 1251/1479/1215 1252/1480/1216 
f 1252/1480/1216 625/729/625 1042/1206/1024 
f 1042/1206/1024 1041/1205/1023 1250/1478/1214 
f 1250/1478/1214 1251/1479/1215 1042/1206/1024 
f 1129/1304/1093 1128/1303/1092 1253/1481/1217 
f 1253/1481/1217 1254/1482/1218 1129/1304/1093 
f 1254/1482/1218 1253/1481/1217 914/1070/914 
f 914/1070/914 925/1084/925 1254/1482/1218 
f 929/1090/929 1105/1275/1069 1254/1482/1218 
f 1254/1482/1218 925/1084/925 929/1090/929 
f 1105/1275/1069 1076/1244/1058 1129/1304/1093 
f 1129/1304/1093 1254/1482/1218 1105/1275/1069 
f 1134/1311/1098 1255/1483/1219 1256/1484/1220 
f 1256/1484/1220 1135/1312/1099 1134/1311/1098 
f 1256/1484/1220 1255/1483/1219 881/1034/881 
f 881/1034/881 910/1064/910 1256/1484/1220 
f 914/1070/914 1253/1481/1217 1256/1484/1220 
f 1256/1484/1220 910/1064/910 914/1070/914 
f 1256/1484/1220 1253/1481/1217 1128/1303/1092 
f 1128/1303/1092 1135/1312/1099 1256/1484/1220 
f 1257/1485/1221 1145/1324/1109 1144/1323/1108 
f 1144/1323/1108 1258/1486/1222 1257/1485/1221 
f 860/1006/860 877/1028/877 1257/1485/1221 
f 1257/1485/1221 1258/1486/1222 860/1006/860 
f 881/1034/881 1255/1483/1219 1257/1485/1221 
f 1257/1485/1221 877/1028/877 881/1034/881 
f 1145/1324/1109 1257/1485/1221 1255/1483/1219 
f 1255/1483/1219 1134/1311/1098 1145/1324/1109 
f 1259/1487/1223 1155/1336/1119 1154/1335/1118 
f 1154/1335/1118 1260/1488/1224 1259/1487/1223 
f 1259/1487/1223 1260/1488/1224 842/986/842 
f 842/986/842 856/1000/856 1259/1487/1223 
f 860/1006/860 1258/1486/1222 1259/1487/1223 
f 1259/1487/1223 856/1000/856 860/1006/860 
f 1144/1323/1108 1155/1336/1119 1259/1487/1223 
f 1259/1487/1223 1258/1486/1222 1144/1323/1108 
f 1261/1489/1225 1158/1340/1122 1159/1343/1123 
f 1159/1343/1123 1262/1490/1226 1261/1489/1225 
f 838/980/838 1261/1489/1225 1262/1490/1226 
f 1262/1490/1226 809/950/809 838/980/838 
f 1260/1488/1224 1261/1489/1225 838/980/838 
f 838/980/838 842/986/842 1260/1488/1224 
f 1261/1489/1225 1260/1488/1224 1154/1335/1118 
f 1154/1335/1118 1158/1340/1122 1261/1489/1225 
f 1169/1353/1133 1168/1352/1132 1263/1491/1227 
f 1263/1491/1227 1264/1492/1228 1169/1353/1133 
f 794/930/794 804/943/804 1264/1492/1228 
f 1264/1492/1228 1263/1491/1227 794/930/794 
f 1264/1492/1228 804/943/804 809/950/809 
f 809/950/809 1262/1490/1226 1264/1492/1228 
f 1262/1490/1226 1159/1343/1123 1169/1353/1133 
f 1169/1353/1133 1264/1492/1228 1262/1490/1226 
f 1265/1493/1229 1175/1363/1139 1174/1362/1138 
f 1174/1362/1138 1266/1494/1230 1265/1493/1229 
f 770/904/770 790/924/790 1265/1493/1229 
f 1265/1493/1229 1266/1494/1230 770/904/770 
f 1265/1493/1229 790/924/790 794/930/794 
f 794/930/794 1263/1491/1227 1265/1493/1229 
f 1168/1352/1132 1175/1363/1139 1265/1493/1229 
f 1265/1493/1229 1263/1491/1227 1168/1352/1132 
f 1267/1495/1231 1179/1369/1143 1178/1368/1142 
f 1178/1368/1142 1268/1496/1232 1267/1495/1231 
f 737/866/737 766/898/766 1267/1495/1231 
f 1267/1495/1231 1268/1496/1232 737/866/737 
f 1267/1495/1231 766/898/766 770/904/770 
f 770/904/770 1266/1494/1230 1267/1495/1231 
f 1174/1362/1138 1179/1369/1143 1267/1495/1231 
f 1267/1495/1231 1266/1494/1230 1174/1362/1138 
f 1193/1383/1157 1192/1382/1156 1269/1497/1233 
f 1269/1497/1233 1270/1498/1234 1193/1383/1157 
f 722/846/722 733/860/733 1270/1498/1234 
f 1270/1498/1234 1269/1497/1233 722/846/722 
f 1270/1498/1234 733/860/733 737/866/737 
f 737/866/737 1268/1496/1232 1270/1498/1234 
f 1193/1383/1157 1270/1498/1234 1268/1496/1232 
f 1268/1496/1232 1178/1368/1142 1193/1383/1157 
f 1271/1499/1235 1199/1391/1163 1198/1390/1162 
f 1198/1390/1162 1272/1500/1236 1271/1499/1235 
f 717/839/717 1271/1499/1235 1272/1500/1236 
f 1272/1500/1236 698/820/698 717/839/717 
f 1269/1497/1233 1271/1499/1235 717/839/717 
f 717/839/717 722/846/722 1269/1497/1233 
f 1192/1382/1156 1199/1391/1163 1271/1499/1235 
f 1271/1499/1235 1269/1497/1233 1192/1382/1156 
f 1214/1409/1178 1273/1501/1237 1201/1395/1165 
f 1201/1395/1165 662/774/662 1214/1409/1178 
f 1273/1501/1237 1214/1409/1178 692/811/692 
f 692/811/692 691/810/691 1273/1501/1237 
f 1272/1500/1236 1273/1501/1237 691/810/691 
f 691/810/691 698/820/698 1272/1500/1236 
f 1198/1390/1162 1201/1395/1165 1273/1501/1237 
f 1273/1501/1237 1272/1500/1236 1198/1390/1162 
f 1114/1288/1078 1218/1416/1182 1274/1502/1238 
f 1274/1502/1238 1252/1480/1216 1114/1288/1078 
f 1210/1405/1174 1274/1503/1238 1218/1413/1182 
f 1218/1413/1182 668/783/668 1210/1405/1174 
f 626/733/626 1274/1503/1238 1210/1405/1174 
f 1210/1405/1174 629/734/629 626/733/626 
f 626/730/626 625/729/625 1252/1480/1216 
f 1252/1480/1216 1274/1502/1238 626/730/626 
f 1275/1504/1239 1276/1505/1240 1277/1506/1241 
f 1277/1506/1241 1278/1507/1242 1275/1504/1239 
f 1279/1508/1243 1277/1509/1241 1276/1510/1240 
f 1276/1510/1240 1280/1511/1244 1279/1508/1243 
f 1277/1512/1241 1279/1513/1243 1281/1514/1245 
f 1281/1514/1245 1282/1515/1246 1277/1512/1241 
f 1278/1516/1242 1277/1512/1241 1282/1515/1246 
f 1282/1515/1246 1283/1517/1247 1278/1516/1242 
f 1284/1518/1248 1285/1519/1249 1283/1517/1247 
f 1283/1517/1247 1282/1515/1246 1284/1518/1248 
f 1284/1518/1248 1282/1515/1246 1281/1514/1245 
f 1281/1514/1245 1286/1520/1250 1284/1518/1248 
f 1287/1521/1251 1288/1522/1252 1284/1518/1248 
f 1284/1518/1248 1286/1520/1250 1287/1521/1251 
f 1288/1522/1252 1289/1523/1253 1285/1519/1249 
f 1285/1519/1249 1284/1518/1248 1288/1522/1252 
f 1290/1524/1254 1291/1525/1255 1292/1526/1256 
f 1292/1526/1256 1293/1527/1257 1290/1524/1254 
f 1294/1528/1258 1291/1529/1255 1290/1530/1254 
f 1290/1530/1254 1295/1531/1259 1294/1528/1258 
f 1291/1529/1255 1294/1528/1258 1296/1532/1260 
f 1296/1532/1260 1297/1533/1261 1291/1529/1255 
f 1291/1525/1255 1297/1534/1261 1298/1535/1262 
f 1298/1535/1262 1292/1526/1256 1291/1525/1255 
f 1299/1536/1263 1300/1537/1264 1301/1538/1265 
f 1301/1538/1265 1302/1539/1266 1299/1536/1263 
f 1303/1540/1267 1299/1536/1263 1302/1539/1266 
f 1302/1539/1266 1295/1531/1259 1303/1540/1267 
f 1304/1541/1268 1305/1542/1269 1299/1536/1263 
f 1299/1536/1263 1303/1540/1267 1304/1541/1268 
f 1305/1542/1269 1306/1543/1270 1300/1537/1264 
f 1300/1537/1264 1299/1536/1263 1305/1542/1269 
f 1307/1544/1271 1308/1545/1272 1309/1546/1273 
f 1309/1546/1273 1310/1547/1274 1307/1544/1271 
f 1311/1548/1275 1307/1544/1271 1310/1547/1274 
f 1310/1547/1274 1312/1549/1276 1311/1548/1275 
f 1313/1550/1277 1307/1551/1271 1311/1552/1275 
f 1311/1552/1275 1314/1553/1278 1313/1550/1277 
f 1313/1550/1277 1315/1554/1279 1308/1555/1272 
f 1308/1555/1272 1307/1551/1271 1313/1550/1277 
f 1316/1556/1280 1290/1524/1254 1293/1527/1257 
f 1293/1527/1257 1317/1557/1281 1316/1556/1280 
f 1318/1558/1282 1316/1556/1280 1317/1557/1281 
f 1317/1557/1281 1319/1559/1283 1318/1558/1282 
f 1316/1560/1280 1318/1561/1282 1304/1541/1268 
f 1304/1541/1268 1303/1540/1267 1316/1560/1280 
f 1303/1540/1267 1295/1531/1259 1290/1530/1254 
f 1290/1530/1254 1316/1560/1280 1303/1540/1267 
f 1320/1562/1284 1298/1535/1262 1297/1534/1261 
f 1297/1534/1261 1321/1563/1285 1320/1562/1284 
f 1322/1564/1286 1321/1565/1285 1297/1533/1261 
f 1297/1533/1261 1296/1532/1260 1322/1564/1286 
f 1323/1566/1287 1324/1567/1288 1321/1565/1285 
f 1321/1565/1285 1322/1564/1286 1323/1566/1287 
f 1324/1568/1288 1325/1569/1289 1320/1562/1284 
f 1320/1562/1284 1321/1563/1285 1324/1568/1288 
f 1326/1570/1290 1327/1571/1291 1289/1523/1253 
f 1289/1523/1253 1288/1522/1252 1326/1570/1290 
f 1326/1570/1290 1288/1522/1252 1287/1521/1251 
f 1287/1521/1251 1328/1572/1292 1326/1570/1290 
f 1326/1570/1290 1328/1572/1292 1329/1573/1293 
f 1329/1573/1293 1330/1574/1294 1326/1570/1290 
f 1330/1574/1294 1331/1575/1295 1327/1571/1291 
f 1327/1571/1291 1326/1570/1290 1330/1574/1294 
f 1332/1576/1296 1333/1577/1297 1334/1578/1298 
f 1334/1578/1298 1335/1579/1299 1332/1576/1296 
f 1335/1579/1299 1334/1578/1298 1314/1553/1278 
f 1314/1553/1278 1336/1580/1300 1335/1579/1299 
f 1337/1581/1301 1335/1579/1299 1336/1580/1300 
f 1336/1580/1300 1338/1582/1302 1337/1581/1301 
f 1337/1581/1301 1339/1583/1303 1332/1576/1296 
f 1332/1576/1296 1335/1579/1299 1337/1581/1301 
f 1340/1584/1304 1341/1585/1305 1342/1586/1306 
f 1342/1586/1306 1343/1587/1307 1340/1584/1304 
f 1344/1588/1308 1343/1589/1307 1342/1590/1306 
f 1342/1590/1306 1345/1591/1309 1344/1588/1308 
f 1344/1588/1308 1346/1592/1310 1347/1593/1311 
f 1347/1593/1311 1343/1589/1307 1344/1588/1308 
f 1347/1594/1311 1348/1595/1312 1340/1584/1304 
f 1340/1584/1304 1343/1587/1307 1347/1594/1311 
f 1349/1596/1313 1350/1597/1314 1351/1598/1315 
f 1351/1598/1315 1352/1599/1316 1349/1596/1313 
f 1349/1596/1313 1352/1599/1316 1353/1600/1317 
f 1353/1600/1317 1354/1601/1318 1349/1596/1313 
f 1355/1602/1319 1356/1603/1320 1349/1596/1313 
f 1349/1596/1313 1354/1601/1318 1355/1602/1319 
f 1357/1604/1321 1350/1597/1314 1349/1596/1313 
f 1349/1596/1313 1356/1603/1320 1357/1604/1321 
f 1358/1605/1322 1331/1575/1295 1330/1574/1294 
f 1330/1574/1294 1359/1606/1323 1358/1605/1322 
f 1329/1573/1293 1360/1607/1324 1359/1606/1323 
f 1359/1606/1323 1330/1574/1294 1329/1573/1293 
f 1361/1608/1325 1359/1606/1323 1360/1607/1324 
f 1360/1607/1324 1362/1609/1326 1361/1608/1325 
f 1361/1608/1325 1363/1610/1327 1358/1605/1322 
f 1358/1605/1322 1359/1606/1323 1361/1608/1325 
f 1339/1583/1303 1337/1581/1301 1364/1611/1328 
f 1364/1611/1328 1365/1612/1329 1339/1583/1303 
f 1364/1611/1328 1337/1581/1301 1338/1582/1302 
f 1338/1582/1302 1366/1613/1330 1364/1611/1328 
f 1353/1600/1317 1352/1599/1316 1364/1611/1328 
f 1364/1611/1328 1366/1613/1330 1353/1600/1317 
f 1364/1611/1328 1352/1599/1316 1351/1598/1315 
f 1351/1598/1315 1365/1612/1329 1364/1611/1328 
f 1367/1614/1331 1368/1615/1332 1348/1595/1312 
f 1348/1595/1312 1347/1594/1311 1367/1614/1331 
f 1369/1616/1333 1367/1617/1331 1347/1593/1311 
f 1347/1593/1311 1346/1592/1310 1369/1616/1333 
f 1369/1616/1333 1370/1618/1334 1371/1619/1335 
f 1371/1619/1335 1367/1617/1331 1369/1616/1333 
f 1371/1620/1335 1372/1621/1336 1368/1615/1332 
f 1368/1615/1332 1367/1614/1331 1371/1620/1335 
f 1373/1622/1337 1374/1623/1338 1375/1624/1339 
f 1375/1624/1339 1376/1625/1340 1373/1622/1337 
f 1374/1626/1338 1377/1627/1341 1378/1628/1342 
f 1378/1628/1342 1375/1629/1339 1374/1626/1338 
f 1375/1629/1339 1378/1628/1342 1379/1630/1343 
f 1379/1630/1343 1380/1631/1344 1375/1629/1339 
f 1380/1632/1344 1381/1633/1345 1376/1625/1340 
f 1376/1625/1340 1375/1624/1339 1380/1632/1344 
f 1382/1634/1346 1372/1621/1336 1371/1620/1335 
f 1371/1620/1335 1383/1635/1347 1382/1634/1346 
f 1383/1636/1347 1371/1619/1335 1370/1618/1334 
f 1370/1618/1334 1384/1637/1348 1383/1636/1347 
f 1383/1636/1347 1384/1637/1348 1385/1638/1349 
f 1385/1638/1349 1386/1639/1350 1383/1636/1347 
f 1386/1640/1350 1387/1641/1351 1382/1634/1346 
f 1382/1634/1346 1383/1635/1347 1386/1640/1350 
f 1388/1642/1352 1389/1643/1353 1325/1569/1289 
f 1325/1569/1289 1324/1568/1288 1388/1642/1352 
f 1390/1644/1354 1388/1645/1352 1324/1567/1288 
f 1324/1567/1288 1323/1566/1287 1390/1644/1354 
f 1388/1645/1352 1390/1644/1354 1377/1627/1341 
f 1377/1627/1341 1374/1626/1338 1388/1645/1352 
f 1374/1623/1338 1373/1622/1337 1389/1643/1353 
f 1389/1643/1353 1388/1642/1352 1374/1623/1338 
f 1361/1608/1325 1391/1646/1355 1392/1647/1356 
f 1392/1647/1356 1363/1610/1327 1361/1608/1325 
f 1362/1609/1326 1393/1648/1357 1391/1646/1355 
f 1391/1646/1355 1361/1608/1325 1362/1609/1326 
f 1394/1649/1358 1391/1646/1355 1393/1648/1357 
f 1393/1648/1357 1395/1650/1359 1394/1649/1358 
f 1392/1647/1356 1391/1646/1355 1394/1649/1358 
f 1394/1649/1358 1396/1651/1360 1392/1647/1356 
f 1397/1652/1361 1398/1653/1362 1381/1633/1345 
f 1381/1633/1345 1380/1632/1344 1397/1652/1361 
f 1397/1654/1361 1380/1631/1344 1379/1630/1343 
f 1379/1630/1343 1399/1655/1363 1397/1654/1361 
f 1400/1656/1364 1397/1654/1361 1399/1655/1363 
f 1399/1655/1363 1401/1657/1365 1400/1656/1364 
f 1402/1658/1366 1398/1653/1362 1397/1652/1361 
f 1397/1652/1361 1400/1659/1364 1402/1658/1366 
f 1403/1660/1367 1396/1651/1360 1394/1649/1358 
f 1394/1649/1358 1404/1661/1368 1403/1660/1367 
f 1405/1662/1369 1404/1661/1368 1394/1649/1358 
f 1394/1649/1358 1395/1650/1359 1405/1662/1369 
f 1406/1663/1370 1407/1664/1371 1404/1661/1368 
f 1404/1661/1368 1405/1662/1369 1406/1663/1370 
f 1403/1660/1367 1404/1661/1368 1407/1664/1371 
f 1407/1664/1371 1408/1665/1372 1403/1660/1367 
f 1357/1604/1321 1356/1603/1320 1409/1666/1373 
f 1409/1666/1373 1410/1667/1374 1357/1604/1321 
f 1355/1602/1319 1411/1668/1375 1409/1666/1373 
f 1409/1666/1373 1356/1603/1320 1355/1602/1319 
f 1412/1669/1376 1409/1666/1373 1411/1668/1375 
f 1411/1668/1375 1413/1670/1377 1412/1669/1376 
f 1409/1666/1373 1412/1669/1376 1414/1671/1378 
f 1414/1671/1378 1410/1667/1374 1409/1666/1373 
f 1415/1672/1379 1387/1641/1351 1386/1640/1350 
f 1386/1640/1350 1416/1673/1380 1415/1672/1379 
f 1417/1674/1381 1416/1675/1380 1386/1639/1350 
f 1386/1639/1350 1385/1638/1349 1417/1674/1381 
f 1417/1674/1381 1418/1676/1382 1419/1677/1383 
f 1419/1677/1383 1416/1675/1380 1417/1674/1381 
f 1415/1672/1379 1416/1673/1380 1419/1678/1383 
f 1419/1678/1383 1420/1679/1384 1415/1672/1379 
f 1421/1680/1385 1422/1681/1386 1423/1682/1387 
f 1423/1682/1387 1424/1683/1388 1421/1680/1385 
f 1425/1684/1389 1422/1681/1386 1421/1680/1385 
f 1421/1680/1385 1426/1685/1390 1425/1684/1389 
f 1425/1684/1389 1427/1686/1391 1428/1687/1392 
f 1428/1687/1392 1422/1681/1386 1425/1684/1389 
f 1428/1687/1392 1429/1688/1393 1423/1682/1387 
f 1423/1682/1387 1422/1681/1386 1428/1687/1392 
f 1407/1664/1371 1430/1689/1394 1431/1690/1395 
f 1431/1690/1395 1408/1665/1372 1407/1664/1371 
f 1407/1664/1371 1406/1663/1370 1432/1691/1396 
f 1432/1691/1396 1430/1689/1394 1407/1664/1371 
f 1433/1692/1397 1430/1689/1394 1432/1691/1396 
f 1432/1691/1396 1434/1693/1398 1433/1692/1397 
f 1433/1692/1397 1435/1694/1399 1431/1690/1395 
f 1431/1690/1395 1430/1689/1394 1433/1692/1397 
f 1414/1671/1378 1412/1669/1376 1436/1695/1400 
f 1436/1695/1400 1437/1696/1401 1414/1671/1378 
f 1436/1695/1400 1412/1669/1376 1413/1670/1377 
f 1413/1670/1377 1438/1697/1402 1436/1695/1400 
f 1421/1680/1385 1436/1695/1400 1438/1697/1402 
f 1438/1697/1402 1426/1685/1390 1421/1680/1385 
f 1437/1696/1401 1436/1695/1400 1421/1680/1385 
f 1421/1680/1385 1424/1683/1388 1437/1696/1401 
f 1439/1698/1403 1420/1679/1384 1419/1678/1383 
f 1419/1678/1383 1440/1699/1404 1439/1698/1403 
f 1419/1677/1383 1418/1676/1382 1441/1700/1405 
f 1441/1700/1405 1440/1701/1404 1419/1677/1383 
f 1442/1702/1406 1443/1703/1407 1440/1701/1404 
f 1440/1701/1404 1441/1700/1405 1442/1702/1406 
f 1443/1704/1407 1444/1705/1408 1439/1698/1403 
f 1439/1698/1403 1440/1699/1404 1443/1704/1407 
f 1445/1706/1409 1446/1707/1410 1447/1708/1411 
f 1447/1708/1411 1448/1709/1412 1445/1706/1409 
f 1445/1710/1409 1449/1711/1413 1450/1712/1414 
f 1450/1712/1414 1446/1713/1410 1445/1710/1409 
f 1450/1712/1414 1451/1714/1415 1452/1715/1416 
f 1452/1715/1416 1446/1713/1410 1450/1712/1414 
f 1453/1716/1417 1447/1708/1411 1446/1707/1410 
f 1446/1707/1410 1452/1717/1416 1453/1716/1417 
f 1443/1704/1407 1454/1718/1418 1455/1719/1419 
f 1455/1719/1419 1444/1705/1408 1443/1704/1407 
f 1442/1702/1406 1456/1720/1420 1454/1721/1418 
f 1454/1721/1418 1443/1703/1407 1442/1702/1406 
f 1457/1722/1421 1458/1723/1422 1454/1721/1418 
f 1454/1721/1418 1456/1720/1420 1457/1722/1421 
f 1455/1719/1419 1454/1718/1418 1458/1724/1422 
f 1458/1724/1422 1459/1725/1423 1455/1719/1419 
f 1402/1658/1366 1400/1659/1364 1460/1726/1424 
f 1460/1726/1424 1461/1727/1425 1402/1658/1366 
f 1462/1728/1426 1460/1729/1424 1400/1656/1364 
f 1400/1656/1364 1401/1657/1365 1462/1728/1426 
f 1462/1728/1426 1449/1711/1413 1445/1710/1409 
f 1445/1710/1409 1460/1729/1424 1462/1728/1426 
f 1445/1706/1409 1448/1709/1412 1461/1727/1425 
f 1461/1727/1425 1460/1726/1424 1445/1706/1409 
f 1435/1694/1399 1433/1692/1397 1463/1730/1427 
f 1463/1730/1427 1464/1731/1428 1435/1694/1399 
f 1434/1693/1398 1465/1732/1429 1463/1730/1427 
f 1463/1730/1427 1433/1692/1397 1434/1693/1398 
f 1466/1733/1430 1467/1734/1431 1463/1730/1427 
f 1463/1730/1427 1465/1732/1429 1466/1733/1430 
f 1468/1735/1432 1464/1731/1428 1463/1730/1427 
f 1463/1730/1427 1467/1734/1431 1468/1735/1432 
f 1469/1736/1433 1470/1737/1434 1471/1738/1435 
f 1471/1738/1435 1472/1739/1436 1469/1736/1433 
f 1473/1740/1437 1474/1741/1438 1472/1739/1436 
f 1472/1739/1436 1471/1738/1435 1473/1740/1437 
f 1472/1739/1436 1474/1741/1438 1475/1742/1439 
f 1475/1742/1439 1476/1743/1440 1472/1739/1436 
f 1476/1743/1440 1477/1744/1441 1469/1736/1433 
f 1469/1736/1433 1472/1739/1436 1476/1743/1440 
f 1478/1745/1442 1479/1746/1443 1468/1735/1432 
f 1468/1735/1432 1467/1734/1431 1478/1745/1442 
f 1467/1734/1431 1466/1733/1430 1480/1747/1444 
f 1480/1747/1444 1478/1745/1442 1467/1734/1431 
f 1480/1747/1444 1473/1740/1437 1471/1738/1435 
f 1471/1738/1435 1478/1745/1442 1480/1747/1444 
f 1479/1746/1443 1478/1745/1442 1471/1738/1435 
f 1471/1738/1435 1470/1737/1434 1479/1746/1443 
f 1428/1687/1392 1481/1748/1445 1482/1749/1446 
f 1482/1749/1446 1429/1688/1393 1428/1687/1392 
f 1428/1687/1392 1427/1686/1391 1483/1750/1447 
f 1483/1750/1447 1481/1748/1445 1428/1687/1392 
f 1481/1748/1445 1483/1750/1447 1484/1751/1448 
f 1484/1751/1448 1485/1752/1449 1481/1748/1445 
f 1485/1752/1449 1486/1753/1450 1482/1749/1446 
f 1482/1749/1446 1481/1748/1445 1485/1752/1449 
f 1487/1754/1451 1488/1755/1452 1459/1725/1423 
f 1459/1725/1423 1458/1724/1422 1487/1754/1451 
f 1487/1756/1451 1458/1723/1422 1457/1722/1421 
f 1457/1722/1421 1489/1757/1453 1487/1756/1451 
f 1490/1758/1454 1491/1759/1455 1487/1756/1451 
f 1487/1756/1451 1489/1757/1453 1490/1758/1454 
f 1492/1760/1456 1488/1755/1452 1487/1754/1451 
f 1487/1754/1451 1491/1761/1455 1492/1760/1456 
f 1493/1762/1457 1494/1763/1458 1495/1764/1459 
f 1495/1764/1459 1496/1765/1460 1493/1762/1457 
f 1497/1766/1461 1498/1767/1462 1495/1764/1459 
f 1495/1764/1459 1494/1763/1458 1497/1766/1461 
f 1499/1768/1463 1500/1769/1464 1495/1764/1459 
f 1495/1764/1459 1498/1767/1462 1499/1768/1463 
f 1496/1765/1460 1495/1764/1459 1500/1769/1464 
f 1500/1769/1464 1501/1770/1465 1496/1765/1460 
f 1485/1752/1449 1502/1771/1466 1503/1772/1467 
f 1503/1772/1467 1486/1753/1450 1485/1752/1449 
f 1502/1771/1466 1485/1752/1449 1484/1751/1448 
f 1484/1751/1448 1504/1773/1468 1502/1771/1466 
f 1497/1766/1461 1494/1763/1458 1502/1771/1466 
f 1502/1771/1466 1504/1773/1468 1497/1766/1461 
f 1493/1762/1457 1503/1772/1467 1502/1771/1466 
f 1502/1771/1466 1494/1763/1458 1493/1762/1457 
f 1492/1760/1456 1491/1761/1455 1505/1774/1469 
f 1505/1774/1469 1506/1775/1470 1492/1760/1456 
f 1505/1776/1469 1491/1759/1455 1490/1758/1454 
f 1490/1758/1454 1507/1777/1471 1505/1776/1469 
f 1508/1778/1472 1509/1779/1473 1505/1776/1469 
f 1505/1776/1469 1507/1777/1471 1508/1778/1472 
f 1505/1774/1469 1509/1780/1473 1510/1781/1474 
f 1510/1781/1474 1506/1775/1470 1505/1774/1469 
f 1511/1782/1475 1512/1783/1476 1453/1716/1417 
f 1453/1716/1417 1452/1717/1416 1511/1782/1475 
f 1511/1784/1475 1452/1715/1416 1451/1714/1415 
f 1451/1714/1415 1513/1785/1477 1511/1784/1475 
f 1514/1786/1478 1515/1787/1479 1511/1784/1475 
f 1511/1784/1475 1513/1785/1477 1514/1786/1478 
f 1515/1788/1479 1516/1789/1480 1512/1783/1476 
f 1512/1783/1476 1511/1782/1475 1515/1788/1479 
f 1517/1790/1481 1518/1791/1482 1519/1792/1483 
f 1519/1792/1483 1520/1793/1484 1517/1790/1481 
f 1521/1794/1485 1522/1795/1486 1517/1796/1481 
f 1517/1796/1481 1520/1797/1484 1521/1794/1485 
f 1523/1798/1487 1524/1799/1488 1517/1796/1481 
f 1517/1796/1481 1522/1795/1486 1523/1798/1487 
f 1524/1800/1488 1525/1801/1489 1518/1791/1482 
f 1518/1791/1482 1517/1790/1481 1524/1800/1488 
f 1510/1781/1474 1509/1780/1473 1526/1802/1490 
f 1526/1802/1490 1527/1803/1491 1510/1781/1474 
f 1526/1804/1490 1509/1779/1473 1508/1778/1472 
f 1508/1778/1472 1528/1805/1492 1526/1804/1490 
f 1529/1806/1493 1530/1807/1494 1526/1804/1490 
f 1526/1804/1490 1528/1805/1492 1529/1806/1493 
f 1530/1808/1494 1531/1809/1495 1527/1803/1491 
f 1527/1803/1491 1526/1802/1490 1530/1808/1494 
f 1532/1810/1496 1516/1789/1480 1515/1788/1479 
f 1515/1788/1479 1533/1811/1497 1532/1810/1496 
f 1514/1786/1478 1534/1812/1498 1533/1813/1497 
f 1533/1813/1497 1515/1787/1479 1514/1786/1478 
f 1533/1813/1497 1534/1812/1498 1521/1794/1485 
f 1521/1794/1485 1520/1797/1484 1533/1813/1497 
f 1520/1793/1484 1519/1792/1483 1532/1810/1496 
f 1532/1810/1496 1533/1811/1497 1520/1793/1484 
f 1535/1814/1499 1536/1815/1500 1477/1744/1441 
f 1477/1744/1441 1476/1743/1440 1535/1814/1499 
f 1537/1816/1501 1535/1814/1499 1476/1743/1440 
f 1476/1743/1440 1475/1742/1439 1537/1816/1501 
f 1535/1814/1499 1537/1816/1501 1538/1817/1502 
f 1538/1817/1502 1539/1818/1503 1535/1814/1499 
f 1540/1819/1504 1536/1815/1500 1535/1814/1499 
f 1535/1814/1499 1539/1818/1503 1540/1819/1504 
f 1541/1820/1505 1542/1821/1506 1543/1822/1507 
f 1543/1822/1507 1544/1823/1508 1541/1820/1505 
f 1545/1824/1509 1542/1821/1506 1541/1820/1505 
f 1541/1820/1505 1546/1825/1510 1545/1824/1509 
f 1545/1824/1509 1547/1826/1511 1548/1827/1512 
f 1548/1827/1512 1542/1821/1506 1545/1824/1509 
f 1543/1822/1507 1542/1821/1506 1548/1827/1512 
f 1548/1827/1512 1549/1828/1513 1543/1822/1507 
f 1550/1829/1514 1551/1830/1515 1540/1819/1504 
f 1540/1819/1504 1539/1818/1503 1550/1829/1514 
f 1552/1831/1516 1550/1829/1514 1539/1818/1503 
f 1539/1818/1503 1538/1817/1502 1552/1831/1516 
f 1550/1829/1514 1552/1831/1516 1553/1832/1517 
f 1553/1832/1517 1554/1833/1518 1550/1829/1514 
f 1555/1834/1519 1551/1830/1515 1550/1829/1514 
f 1550/1829/1514 1554/1833/1518 1555/1834/1519 
f 1500/1769/1464 1556/1835/1520 1557/1836/1521 
f 1557/1836/1521 1501/1770/1465 1500/1769/1464 
f 1499/1768/1463 1558/1837/1522 1556/1835/1520 
f 1556/1835/1520 1500/1769/1464 1499/1768/1463 
f 1541/1820/1505 1556/1835/1520 1558/1837/1522 
f 1558/1837/1522 1546/1825/1510 1541/1820/1505 
f 1541/1820/1505 1544/1823/1508 1557/1836/1521 
f 1557/1836/1521 1556/1835/1520 1541/1820/1505 
f 1531/1809/1495 1530/1808/1494 1559/1838/1523 
f 1559/1838/1523 1560/1839/1524 1531/1809/1495 
f 1529/1806/1493 1561/1840/1525 1559/1841/1523 
f 1559/1841/1523 1530/1807/1494 1529/1806/1493 
f 1561/1840/1525 1562/1842/1526 1563/1843/1527 
f 1563/1843/1527 1559/1841/1523 1561/1840/1525 
f 1560/1839/1524 1559/1838/1523 1563/1844/1527 
f 1563/1844/1527 1564/1845/1528 1560/1839/1524 
f 1565/1846/1529 1566/1847/1530 1567/1848/1531 
f 1567/1848/1531 1568/1849/1532 1565/1846/1529 
f 1569/1850/1533 1568/1849/1532 1567/1848/1531 
f 1567/1848/1531 1570/1851/1534 1569/1850/1533 
f 1568/1852/1532 1569/1853/1533 1571/1854/1535 
f 1571/1854/1535 1572/1855/1536 1568/1852/1532 
f 1572/1855/1536 1573/1856/1537 1565/1857/1529 
f 1565/1857/1529 1568/1852/1532 1572/1855/1536 
f 1574/1858/1538 1564/1845/1528 1563/1844/1527 
f 1563/1844/1527 1575/1859/1539 1574/1858/1538 
f 1563/1843/1527 1562/1842/1526 1576/1860/1540 
f 1576/1860/1540 1575/1861/1539 1563/1843/1527 
f 1576/1860/1540 1577/1862/1541 1578/1863/1542 
f 1578/1863/1542 1575/1861/1539 1576/1860/1540 
f 1574/1858/1538 1575/1859/1539 1578/1864/1542 
f 1578/1864/1542 1579/1865/1543 1574/1858/1538 
f 1525/1801/1489 1524/1800/1488 1580/1866/1544 
f 1580/1866/1544 1581/1867/1545 1525/1801/1489 
f 1580/1868/1544 1524/1799/1488 1523/1798/1487 
f 1523/1798/1487 1582/1869/1546 1580/1868/1544 
f 1569/1853/1533 1580/1868/1544 1582/1869/1546 
f 1582/1869/1546 1571/1854/1535 1569/1853/1533 
f 1580/1866/1544 1569/1850/1533 1570/1851/1534 
f 1570/1851/1534 1581/1867/1545 1580/1866/1544 
f 1583/1870/1547 1555/1834/1519 1554/1833/1518 
f 1554/1833/1518 1584/1871/1548 1583/1870/1547 
f 1553/1832/1517 1585/1872/1549 1584/1871/1548 
f 1584/1871/1548 1554/1833/1518 1553/1832/1517 
f 1584/1871/1548 1585/1872/1549 1586/1873/1550 
f 1586/1873/1550 1587/1874/1551 1584/1871/1548 
f 1587/1874/1551 1588/1875/1552 1583/1870/1547 
f 1583/1870/1547 1584/1871/1548 1587/1874/1551 
f 1589/1876/1553 1590/1877/1554 1591/1878/1555 
f 1591/1878/1555 1592/1879/1556 1589/1876/1553 
f 1583/1870/1547 1590/1877/1554 1589/1876/1553 
f 1589/1876/1553 1555/1834/1519 1583/1870/1547 
f 1593/1880/1557 1590/1877/1554 1583/1870/1547 
f 1583/1870/1547 1588/1875/1552 1593/1880/1557 
f 1593/1880/1557 1594/1881/1558 1591/1878/1555 
f 1591/1878/1555 1590/1877/1554 1593/1880/1557 
f 1595/1882/1559 1596/1883/1560 1597/1884/1561 
f 1597/1884/1561 1598/1885/1562 1595/1882/1559 
f 1565/1846/1529 1597/1884/1561 1596/1883/1560 
f 1596/1883/1560 1566/1847/1530 1565/1846/1529 
f 1597/1886/1561 1565/1857/1529 1573/1856/1537 
f 1573/1856/1537 1599/1887/1563 1597/1886/1561 
f 1599/1887/1563 1549/1828/1513 1598/1888/1562 
f 1598/1888/1562 1597/1886/1561 1599/1887/1563 
f 1521/1794/1485 1600/1889/1564 1601/1890/1565 
f 1601/1890/1565 1522/1795/1486 1521/1794/1485 
f 1601/1890/1565 1600/1889/1564 1602/1891/1566 
f 1602/1891/1566 1603/1892/1567 1601/1890/1565 
f 1604/1893/1568 1601/1890/1565 1603/1892/1567 
f 1603/1892/1567 1605/1894/1569 1604/1893/1568 
f 1522/1795/1486 1601/1890/1565 1604/1893/1568 
f 1604/1893/1568 1523/1798/1487 1522/1795/1486 
f 1606/1895/1570 1607/1896/1571 1608/1897/1572 
f 1608/1897/1572 1609/1898/1572 1606/1895/1570 
f 1551/1830/1515 1609/1898/1572 1608/1897/1572 
f 1608/1897/1572 1540/1819/1504 1551/1830/1515 
f 1589/1876/1553 1609/1898/1572 1551/1830/1515 
f 1551/1830/1515 1555/1834/1519 1589/1876/1553 
f 1606/1895/1570 1609/1898/1572 1589/1876/1553 
f 1589/1876/1553 1592/1879/1556 1606/1895/1570 
f 1523/1798/1487 1604/1893/1568 1610/1899/1573 
f 1610/1899/1573 1582/1869/1546 1523/1798/1487 
f 1604/1893/1568 1605/1894/1569 1611/1900/1574 
f 1611/1900/1574 1610/1899/1573 1604/1893/1568 
f 1573/1856/1537 1572/1855/1536 1610/1899/1573 
f 1610/1899/1573 1611/1900/1574 1573/1856/1537 
f 1582/1869/1546 1610/1899/1573 1572/1855/1536 
f 1572/1855/1536 1571/1854/1535 1582/1869/1546 
f 1612/1901/1575 1613/1902/1572 1614/1903/1572 
f 1614/1903/1572 1615/1904/1576 1612/1901/1575 
f 1536/1815/1500 1614/1903/1572 1613/1902/1572 
f 1613/1902/1572 1477/1744/1441 1536/1815/1500 
f 1608/1897/1572 1614/1903/1572 1536/1815/1500 
f 1536/1815/1500 1540/1819/1504 1608/1897/1572 
f 1614/1903/1572 1608/1897/1572 1607/1896/1571 
f 1607/1896/1571 1615/1904/1576 1614/1903/1572 
f 1616/1905/1577 1513/1785/1477 1451/1714/1415 
f 1451/1714/1415 1617/1906/1578 1616/1905/1577 
f 1616/1905/1577 1617/1906/1578 1618/1907/1579 
f 1618/1907/1579 1619/1908/1580 1616/1905/1577 
f 1620/1909/1581 1621/1910/1582 1616/1905/1577 
f 1616/1905/1577 1619/1908/1580 1620/1909/1581 
f 1514/1786/1478 1513/1785/1477 1616/1905/1577 
f 1616/1905/1577 1621/1910/1582 1514/1786/1478 
f 1514/1786/1478 1621/1910/1582 1622/1911/1583 
f 1622/1911/1583 1534/1812/1498 1514/1786/1478 
f 1623/1912/1584 1622/1911/1583 1621/1910/1582 
f 1621/1910/1582 1620/1909/1581 1623/1912/1584 
f 1602/1891/1566 1600/1889/1564 1622/1911/1583 
f 1622/1911/1583 1623/1912/1584 1602/1891/1566 
f 1534/1812/1498 1622/1911/1583 1600/1889/1564 
f 1600/1889/1564 1521/1794/1485 1534/1812/1498 
f 1450/1712/1414 1449/1711/1413 1624/1913/1585 
f 1624/1913/1585 1625/1914/1586 1450/1712/1414 
f 1625/1914/1586 1624/1913/1585 1626/1915/1587 
f 1626/1915/1587 1627/1916/1588 1625/1914/1586 
f 1618/1907/1579 1617/1906/1578 1625/1914/1586 
f 1625/1914/1586 1627/1916/1588 1618/1907/1579 
f 1625/1914/1586 1617/1906/1578 1451/1714/1415 
f 1451/1714/1415 1450/1712/1414 1625/1914/1586 
f 1628/1917/1572 1629/1918/1572 1630/1919/1589 
f 1630/1919/1589 1631/1920/1590 1628/1917/1572 
f 1468/1735/1432 1479/1746/1443 1629/1918/1572 
f 1629/1918/1572 1628/1917/1572 1468/1735/1432 
f 1629/1918/1572 1479/1746/1443 1470/1737/1434 
f 1470/1737/1434 1632/1921/1572 1629/1918/1572 
f 1630/1919/1589 1629/1918/1572 1632/1921/1572 
f 1632/1921/1572 1633/1922/1591 1630/1919/1589 
f 1633/1922/1591 1632/1921/1572 1634/1923/1572 
f 1634/1923/1572 1635/1924/1592 1633/1922/1591 
f 1634/1923/1572 1632/1921/1572 1470/1737/1434 
f 1470/1737/1434 1469/1736/1433 1634/1923/1572 
f 1613/1902/1572 1634/1923/1572 1469/1736/1433 
f 1469/1736/1433 1477/1744/1441 1613/1902/1572 
f 1634/1923/1572 1613/1902/1572 1612/1901/1575 
f 1612/1901/1575 1635/1924/1592 1634/1923/1572 
f 1636/1925/1572 1637/1926/1572 1638/1927/1593 
f 1638/1927/1593 1639/1928/1594 1636/1925/1572 
f 1636/1925/1572 1435/1694/1399 1464/1731/1428 
f 1464/1731/1428 1637/1926/1572 1636/1925/1572 
f 1637/1926/1572 1464/1731/1428 1468/1735/1432 
f 1468/1735/1432 1628/1917/1572 1637/1926/1572 
f 1638/1927/1593 1637/1926/1572 1628/1917/1572 
f 1628/1917/1572 1631/1920/1590 1638/1927/1593 
f 1640/1929/1595 1399/1655/1363 1379/1630/1343 
f 1379/1630/1343 1641/1930/1596 1640/1929/1595 
f 1640/1929/1595 1641/1930/1596 1642/1931/1597 
f 1642/1931/1597 1643/1932/1598 1640/1929/1595 
f 1644/1933/1599 1645/1934/1600 1640/1929/1595 
f 1640/1929/1595 1643/1932/1598 1644/1933/1599 
f 1399/1655/1363 1640/1929/1595 1645/1934/1600 
f 1645/1934/1600 1401/1657/1365 1399/1655/1363 
f 1646/1935/1572 1647/1936/1572 1648/1937/1601 
f 1648/1937/1601 1649/1938/1602 1646/1935/1572 
f 1431/1690/1395 1647/1936/1572 1646/1935/1572 
f 1646/1935/1572 1408/1665/1372 1431/1690/1395 
f 1636/1925/1572 1647/1936/1572 1431/1690/1395 
f 1431/1690/1395 1435/1694/1399 1636/1925/1572 
f 1647/1936/1572 1636/1925/1572 1639/1928/1594 
f 1639/1928/1594 1648/1937/1601 1647/1936/1572 
f 1462/1728/1426 1401/1657/1365 1645/1934/1600 
f 1645/1934/1600 1650/1939/1603 1462/1728/1426 
f 1650/1939/1603 1645/1934/1600 1644/1933/1599 
f 1644/1933/1599 1651/1940/1604 1650/1939/1603 
f 1626/1915/1587 1624/1913/1585 1650/1939/1603 
f 1650/1939/1603 1651/1940/1604 1626/1915/1587 
f 1624/1913/1585 1449/1711/1413 1462/1728/1426 
f 1462/1728/1426 1650/1939/1603 1624/1913/1585 
f 1378/1628/1342 1377/1627/1341 1652/1941/1605 
f 1652/1941/1605 1653/1942/1606 1378/1628/1342 
f 1654/1943/1607 1653/1942/1606 1652/1941/1605 
f 1652/1941/1605 1655/1944/1608 1654/1943/1607 
f 1641/1930/1596 1653/1942/1606 1654/1943/1607 
f 1654/1943/1607 1642/1931/1597 1641/1930/1596 
f 1641/1930/1596 1379/1630/1343 1378/1628/1342 
f 1378/1628/1342 1653/1942/1606 1641/1930/1596 
f 1656/1945/1609 1657/1946/1610 1658/1947/1572 
f 1658/1947/1572 1659/1948/1572 1656/1945/1609 
f 1658/1947/1572 1396/1651/1360 1403/1660/1367 
f 1403/1660/1367 1659/1948/1572 1658/1947/1572 
f 1403/1660/1367 1408/1665/1372 1646/1935/1572 
f 1646/1935/1572 1659/1948/1572 1403/1660/1367 
f 1656/1945/1609 1659/1948/1572 1646/1935/1572 
f 1646/1935/1572 1649/1938/1602 1656/1945/1609 
f 1660/1949/1611 1661/1950/1572 1662/1951/1572 
f 1662/1951/1572 1663/1952/1612 1660/1949/1611 
f 1661/1950/1572 1363/1610/1327 1392/1647/1356 
f 1392/1647/1356 1662/1951/1572 1661/1950/1572 
f 1392/1647/1356 1396/1651/1360 1658/1947/1572 
f 1658/1947/1572 1662/1951/1572 1392/1647/1356 
f 1663/1952/1612 1662/1951/1572 1658/1947/1572 
f 1658/1947/1572 1657/1946/1610 1663/1952/1612 
f 1322/1564/1286 1296/1532/1260 1664/1953/1613 
f 1664/1953/1613 1665/1954/1614 1322/1564/1286 
f 1664/1953/1613 1666/1955/1615 1667/1956/1616 
f 1667/1956/1616 1665/1954/1614 1664/1953/1613 
f 1668/1957/1617 1665/1954/1614 1667/1956/1616 
f 1667/1956/1616 1669/1958/1618 1668/1957/1617 
f 1668/1957/1617 1323/1566/1287 1322/1564/1286 
f 1322/1564/1286 1665/1954/1614 1668/1957/1617 
f 1670/1959/1572 1671/1960/1572 1672/1961/1619 
f 1672/1961/1619 1673/1962/1620 1670/1959/1572 
f 1358/1605/1322 1671/1960/1572 1670/1959/1572 
f 1670/1959/1572 1331/1575/1295 1358/1605/1322 
f 1671/1960/1572 1358/1605/1322 1363/1610/1327 
f 1363/1610/1327 1661/1950/1572 1671/1960/1572 
f 1661/1950/1572 1660/1949/1611 1672/1961/1619 
f 1672/1961/1619 1671/1960/1572 1661/1950/1572 
f 1668/1957/1617 1674/1963/1621 1390/1644/1354 
f 1390/1644/1354 1323/1566/1287 1668/1957/1617 
f 1668/1957/1617 1669/1958/1618 1675/1964/1622 
f 1675/1964/1622 1674/1963/1621 1668/1957/1617 
f 1652/1941/1605 1674/1963/1621 1675/1964/1622 
f 1675/1964/1622 1655/1944/1608 1652/1941/1605 
f 1377/1627/1341 1390/1644/1354 1674/1963/1621 
f 1674/1963/1621 1652/1941/1605 1377/1627/1341 
f 1676/1965/1623 1294/1528/1258 1295/1531/1259 
f 1295/1531/1259 1302/1539/1266 1676/1965/1623 
f 1302/1539/1266 1301/1538/1265 1677/1966/1624 
f 1677/1966/1624 1676/1965/1623 1302/1539/1266 
f 1676/1965/1623 1677/1966/1624 1666/1955/1615 
f 1666/1955/1615 1664/1953/1613 1676/1965/1623 
f 1294/1528/1258 1676/1965/1623 1664/1953/1613 
f 1664/1953/1613 1296/1532/1260 1294/1528/1258 
f 1678/1967/1625 1679/1968/1572 1680/1969/1626 
f 1680/1969/1626 1681/1970/1627 1678/1967/1625 
f 1327/1571/1291 1679/1968/1572 1678/1967/1625 
f 1678/1967/1625 1289/1523/1253 1327/1571/1291 
f 1331/1575/1295 1670/1959/1572 1679/1968/1572 
f 1679/1968/1572 1327/1571/1291 1331/1575/1295 
f 1680/1969/1626 1679/1968/1572 1670/1959/1572 
f 1670/1959/1572 1673/1962/1620 1680/1969/1626 
f 1682/1971/1628 1333/1577/1297 1683/1972/1629 
f 1683/1972/1629 1684/1973/1630 1682/1971/1628 
f 1684/1973/1630 1683/1972/1629 1301/1538/1265 
f 1301/1538/1265 1300/1537/1264 1684/1973/1630 
f 1684/1973/1630 1300/1537/1264 1306/1543/1270 
f 1306/1543/1270 1685/1974/1631 1684/1973/1630 
f 1682/1971/1628 1684/1973/1630 1685/1974/1631 
f 1685/1974/1631 1686/1975/1632 1682/1971/1628 
f 1687/1976/1633 1688/1977/1634 1689/1978/1635 
f 1689/1978/1635 1690/1979/1636 1687/1976/1633 
f 1687/1976/1633 1690/1979/1636 1283/1517/1247 
f 1283/1517/1247 1285/1519/1249 1687/1976/1633 
f 1289/1523/1253 1678/1967/1625 1687/1976/1633 
f 1687/1976/1633 1285/1519/1249 1289/1523/1253 
f 1688/1977/1634 1687/1976/1633 1678/1967/1625 
f 1678/1967/1625 1681/1970/1627 1688/1977/1634 
f 1691/1980/1637 1692/1981/1638 1693/1982/1639 
f 1693/1982/1639 1694/1983/1640 1691/1980/1637 
f 1691/1980/1637 1694/1983/1640 1275/1504/1239 
f 1275/1504/1239 1278/1507/1242 1691/1980/1637 
f 1283/1517/1247 1690/1979/1636 1691/1984/1637 
f 1691/1984/1637 1278/1516/1242 1283/1517/1247 
f 1692/1985/1638 1691/1984/1637 1690/1979/1636 
f 1690/1979/1636 1689/1978/1635 1692/1985/1638 
f 1695/1986/1641 1696/1987/1642 1697/1988/1643 
f 1697/1988/1643 1698/1989/1644 1695/1986/1641 
f 1695/1986/1641 1693/1982/1639 1692/1981/1638 
f 1692/1981/1638 1696/1987/1642 1695/1986/1641 
f 1689/1978/1635 1699/1990/1645 1696/1991/1642 
f 1696/1991/1642 1692/1985/1638 1689/1978/1635 
f 1697/1992/1643 1696/1991/1642 1699/1990/1645 
f 1699/1990/1645 1700/1993/1646 1697/1992/1643 
f 1699/1990/1645 1701/1994/1647 1702/1995/1648 
f 1702/1995/1648 1700/1993/1646 1699/1990/1645 
f 1688/1977/1634 1701/1994/1647 1699/1990/1645 
f 1699/1990/1645 1689/1978/1635 1688/1977/1634 
f 1681/1970/1627 1703/1996/1649 1701/1994/1647 
f 1701/1994/1647 1688/1977/1634 1681/1970/1627 
f 1702/1995/1648 1701/1994/1647 1703/1996/1649 
f 1703/1996/1649 1345/1591/1309 1702/1995/1648 
f 1313/1550/1277 1314/1553/1278 1334/1578/1298 
f 1334/1578/1298 1704/1997/1650 1313/1550/1277 
f 1333/1577/1297 1682/1971/1628 1704/1997/1650 
f 1704/1997/1650 1334/1578/1298 1333/1577/1297 
f 1682/1971/1628 1686/1975/1632 1705/1998/1651 
f 1705/1998/1651 1704/1997/1650 1682/1971/1628 
f 1313/1550/1277 1704/1997/1650 1705/1998/1651 
f 1705/1998/1651 1315/1554/1279 1313/1550/1277 
f 1344/1588/1308 1345/1591/1309 1703/1996/1649 
f 1703/1996/1649 1706/1999/1652 1344/1588/1308 
f 1703/1996/1649 1681/1970/1627 1680/1969/1626 
f 1680/1969/1626 1706/1999/1652 1703/1996/1649 
f 1680/1969/1626 1673/1962/1620 1707/2000/1653 
f 1707/2000/1653 1706/1999/1652 1680/1969/1626 
f 1346/1592/1310 1344/1588/1308 1706/1999/1652 
f 1706/1999/1652 1707/2000/1653 1346/1592/1310 
f 1708/2001/1654 1369/1616/1333 1346/1592/1310 
f 1346/1592/1310 1707/2000/1653 1708/2001/1654 
f 1707/2000/1653 1673/1962/1620 1672/1961/1619 
f 1672/1961/1619 1708/2001/1654 1707/2000/1653 
f 1672/1961/1619 1660/1949/1611 1709/2002/1655 
f 1709/2002/1655 1708/2001/1654 1672/1961/1619 
f 1370/1618/1334 1369/1616/1333 1708/2001/1654 
f 1708/2001/1654 1709/2002/1655 1370/1618/1334 
f 1710/2003/1656 1384/1637/1348 1370/1618/1334 
f 1370/1618/1334 1709/2002/1655 1710/2003/1656 
f 1709/2002/1655 1660/1949/1611 1663/1952/1612 
f 1663/1952/1612 1710/2003/1656 1709/2002/1655 
f 1663/1952/1612 1657/1946/1610 1711/2004/1657 
f 1711/2004/1657 1710/2003/1656 1663/1952/1612 
f 1385/1638/1349 1384/1637/1348 1710/2003/1656 
f 1710/2003/1656 1711/2004/1657 1385/1638/1349 
f 1712/2005/1658 1417/1674/1381 1385/1638/1349 
f 1385/1638/1349 1711/2004/1657 1712/2005/1658 
f 1711/2004/1657 1657/1946/1610 1656/1945/1609 
f 1656/1945/1609 1712/2005/1658 1711/2004/1657 
f 1656/1945/1609 1649/1938/1602 1713/2006/1659 
f 1713/2006/1659 1712/2005/1658 1656/1945/1609 
f 1713/2006/1659 1418/1676/1382 1417/1674/1381 
f 1417/1674/1381 1712/2005/1658 1713/2006/1659 
f 1418/1676/1382 1713/2006/1659 1714/2007/1660 
f 1714/2007/1660 1441/1700/1405 1418/1676/1382 
f 1713/2006/1659 1649/1938/1602 1648/1937/1601 
f 1648/1937/1601 1714/2007/1660 1713/2006/1659 
f 1714/2007/1660 1648/1937/1601 1639/1928/1594 
f 1639/1928/1594 1715/2008/1661 1714/2007/1660 
f 1715/2008/1661 1442/1702/1406 1441/1700/1405 
f 1441/1700/1405 1714/2007/1660 1715/2008/1661 
f 1442/1702/1406 1715/2008/1661 1716/2009/1662 
f 1716/2009/1662 1456/1720/1420 1442/1702/1406 
f 1715/2008/1661 1639/1928/1594 1638/1927/1593 
f 1638/1927/1593 1716/2009/1662 1715/2008/1661 
f 1631/1920/1590 1717/2010/1663 1716/2009/1662 
f 1716/2009/1662 1638/1927/1593 1631/1920/1590 
f 1457/1722/1421 1456/1720/1420 1716/2009/1662 
f 1716/2009/1662 1717/2010/1663 1457/1722/1421 
f 1718/2011/1664 1719/2012/1665 1507/1777/1471 
f 1507/1777/1471 1490/1758/1454 1718/2011/1664 
f 1633/1922/1591 1635/1924/1592 1719/2012/1665 
f 1719/2012/1665 1718/2011/1664 1633/1922/1591 
f 1719/2012/1665 1635/1924/1592 1612/1901/1575 
f 1612/1901/1575 1720/2013/1666 1719/2012/1665 
f 1720/2013/1666 1508/1778/1472 1507/1777/1471 
f 1507/1777/1471 1719/2012/1665 1720/2013/1666 
f 1721/2014/1667 1489/1757/1453 1457/1722/1421 
f 1457/1722/1421 1717/2010/1663 1721/2014/1667 
f 1717/2010/1663 1631/1920/1590 1630/1919/1589 
f 1630/1919/1589 1721/2014/1667 1717/2010/1663 
f 1633/1922/1591 1718/2011/1664 1721/2014/1667 
f 1721/2014/1667 1630/1919/1589 1633/1922/1591 
f 1490/1758/1454 1489/1757/1453 1721/2014/1667 
f 1721/2014/1667 1718/2011/1664 1490/1758/1454 
f 1508/1778/1472 1720/2013/1666 1722/2015/1668 
f 1722/2015/1668 1528/1805/1492 1508/1778/1472 
f 1612/1901/1575 1615/1904/1576 1722/2015/1668 
f 1722/2015/1668 1720/2013/1666 1612/1901/1575 
f 1607/1896/1571 1723/2016/1669 1722/2015/1668 
f 1722/2015/1668 1615/1904/1576 1607/1896/1571 
f 1528/1805/1492 1722/2015/1668 1723/2016/1669 
f 1723/2016/1669 1529/1806/1493 1528/1805/1492 
f 1529/1806/1493 1723/2016/1669 1724/2017/1670 
f 1724/2017/1670 1561/1840/1525 1529/1806/1493 
f 1724/2017/1670 1723/2016/1669 1607/1896/1571 
f 1607/1896/1571 1606/1895/1570 1724/2017/1670 
f 1592/1879/1556 1725/2018/1671 1724/2017/1670 
f 1724/2017/1670 1606/1895/1570 1592/1879/1556 
f 1561/1840/1525 1724/2017/1670 1725/2018/1671 
f 1725/2018/1671 1562/1842/1526 1561/1840/1525 
f 1726/2019/1672 1727/2020/1673 1728/2021/1674 
f 1728/2021/1674 1729/2022/1675 1726/2019/1672 
f 1598/1885/1562 1728/2021/1674 1727/2020/1673 
f 1727/2020/1673 1595/1882/1559 1598/1885/1562 
f 1548/1827/1512 1728/2023/1674 1598/1888/1562 
f 1598/1888/1562 1549/1828/1513 1548/1827/1512 
f 1548/1827/1512 1547/1826/1511 1729/2024/1675 
f 1729/2024/1675 1728/2023/1674 1548/1827/1512 
f 1730/2025/1676 1576/1860/1540 1562/1842/1526 
f 1562/1842/1526 1725/2018/1671 1730/2025/1676 
f 1725/2018/1671 1592/1879/1556 1591/1878/1555 
f 1591/1878/1555 1730/2025/1676 1725/2018/1671 
f 1591/1878/1555 1594/1881/1558 1731/2026/1677 
f 1731/2026/1677 1730/2025/1676 1591/1878/1555 
f 1731/2026/1677 1577/1862/1541 1576/1860/1540 
f 1576/1860/1540 1730/2025/1676 1731/2026/1677 
f 1732/2027/1678 1603/1892/1567 1602/1891/1566 
f 1602/1891/1566 1733/2028/1678 1732/2027/1678 
f 1733/2028/1678 1501/1770/1465 1557/1836/1521 
f 1557/1836/1521 1732/2027/1678 1733/2028/1678 
f 1732/2027/1678 1557/1836/1521 1544/1823/1508 
f 1544/1823/1508 1734/2029/1679 1732/2027/1678 
f 1734/2029/1679 1605/1894/1569 1603/1892/1567 
f 1603/1892/1567 1732/2027/1678 1734/2029/1679 
f 1611/1900/1574 1605/1894/1569 1734/2029/1679 
f 1734/2029/1679 1735/2030/1680 1611/1900/1574 
f 1543/1822/1507 1735/2030/1680 1734/2029/1679 
f 1734/2029/1679 1544/1823/1508 1543/1822/1507 
f 1599/1887/1563 1735/2030/1680 1543/1822/1507 
f 1543/1822/1507 1549/1828/1513 1599/1887/1563 
f 1599/1887/1563 1573/1856/1537 1611/1900/1574 
f 1611/1900/1574 1735/2030/1680 1599/1887/1563 
f 1618/1907/1579 1736/2031/1678 1737/2032/1678 
f 1737/2032/1678 1619/1908/1580 1618/1907/1579 
f 1737/2032/1678 1736/2031/1678 1486/1753/1450 
f 1486/1753/1450 1503/1772/1467 1737/2032/1678 
f 1738/2033/1678 1737/2032/1678 1503/1772/1467 
f 1503/1772/1467 1493/1762/1457 1738/2033/1678 
f 1737/2032/1678 1738/2033/1678 1620/1909/1581 
f 1620/1909/1581 1619/1908/1580 1737/2032/1678 
f 1620/1909/1581 1738/2033/1678 1739/2034/1678 
f 1739/2034/1678 1623/1912/1584 1620/1909/1581 
f 1496/1765/1460 1739/2034/1678 1738/2033/1678 
f 1738/2033/1678 1493/1762/1457 1496/1765/1460 
f 1733/2028/1678 1739/2034/1678 1496/1765/1460 
f 1496/1765/1460 1501/1770/1465 1733/2028/1678 
f 1733/2028/1678 1602/1891/1566 1623/1912/1584 
f 1623/1912/1584 1739/2034/1678 1733/2028/1678 
f 1740/2035/1678 1627/1916/1588 1626/1915/1587 
f 1626/1915/1587 1741/2036/1678 1740/2035/1678 
f 1482/1749/1446 1740/2035/1678 1741/2036/1678 
f 1741/2036/1678 1429/1688/1393 1482/1749/1446 
f 1486/1753/1450 1736/2031/1678 1740/2035/1678 
f 1740/2035/1678 1482/1749/1446 1486/1753/1450 
f 1740/2035/1678 1736/2031/1678 1618/1907/1579 
f 1618/1907/1579 1627/1916/1588 1740/2035/1678 
f 1742/2037/1678 1643/1932/1598 1642/1931/1597 
f 1642/1931/1597 1743/2038/1678 1742/2037/1678 
f 1742/2037/1678 1743/2038/1678 1414/1671/1378 
f 1414/1671/1378 1437/1696/1401 1742/2037/1678 
f 1424/1683/1388 1744/2039/1678 1742/2037/1678 
f 1742/2037/1678 1437/1696/1401 1424/1683/1388 
f 1644/1933/1599 1643/1932/1598 1742/2037/1678 
f 1742/2037/1678 1744/2039/1678 1644/1933/1599 
f 1745/2040/1678 1651/1940/1604 1644/1933/1599 
f 1644/1933/1599 1744/2039/1678 1745/2040/1678 
f 1745/2040/1678 1744/2039/1678 1424/1683/1388 
f 1424/1683/1388 1423/1682/1387 1745/2040/1678 
f 1429/1688/1393 1741/2036/1678 1745/2040/1678 
f 1745/2040/1678 1423/1682/1387 1429/1688/1393 
f 1626/1915/1587 1651/1940/1604 1745/2040/1678 
f 1745/2040/1678 1741/2036/1678 1626/1915/1587 
f 1746/2041/1678 1654/1943/1607 1655/1944/1608 
f 1655/1944/1608 1747/2042/1678 1746/2041/1678 
f 1410/1667/1374 1746/2041/1678 1747/2042/1678 
f 1747/2042/1678 1357/1604/1321 1410/1667/1374 
f 1743/2038/1678 1746/2041/1678 1410/1667/1374 
f 1410/1667/1374 1414/1671/1378 1743/2038/1678 
f 1642/1931/1597 1654/1943/1607 1746/2041/1678 
f 1746/2041/1678 1743/2038/1678 1642/1931/1597 
f 1666/1955/1615 1748/2043/1678 1749/2044/1678 
f 1749/2044/1678 1667/1956/1616 1666/1955/1615 
f 1749/2044/1678 1748/2043/1678 1339/1583/1303 
f 1339/1583/1303 1365/1612/1329 1749/2044/1678 
f 1351/1598/1315 1750/2045/1678 1749/2044/1678 
f 1749/2044/1678 1365/1612/1329 1351/1598/1315 
f 1669/1958/1618 1667/1956/1616 1749/2044/1678 
f 1749/2044/1678 1750/2045/1678 1669/1958/1618 
f 1751/2046/1678 1675/1964/1622 1669/1958/1618 
f 1669/1958/1618 1750/2045/1678 1751/2046/1678 
f 1751/2046/1678 1750/2045/1678 1351/1598/1315 
f 1351/1598/1315 1350/1597/1314 1751/2046/1678 
f 1747/2042/1678 1751/2046/1678 1350/1597/1314 
f 1350/1597/1314 1357/1604/1321 1747/2042/1678 
f 1655/1944/1608 1675/1964/1622 1751/2046/1678 
f 1751/2046/1678 1747/2042/1678 1655/1944/1608 
f 1752/2047/1678 1677/1966/1624 1301/1538/1265 
f 1301/1538/1265 1683/1972/1629 1752/2047/1678 
f 1333/1577/1297 1332/1576/1296 1752/2047/1678 
f 1752/2047/1678 1683/1972/1629 1333/1577/1297 
f 1748/2043/1678 1752/2047/1678 1332/1576/1296 
f 1332/1576/1296 1339/1583/1303 1748/2043/1678 
f 1666/1955/1615 1677/1966/1624 1752/2047/1678 
f 1752/2047/1678 1748/2043/1678 1666/1955/1615 
f 1753/2048/1681 1754/2049/1682 1579/1865/1543 
f 1579/1865/1543 1755/2050/1683 1753/2048/1681 
f 1753/2048/1681 1755/2050/1683 1756/2051/1684 
f 1756/2051/1684 1757/2052/1685 1753/2048/1681 
f 1753/2048/1681 1757/2052/1685 1595/1882/1559 
f 1595/1882/1559 1727/2020/1673 1753/2048/1681 
f 1753/2048/1681 1727/2020/1673 1726/2019/1672 
f 1726/2019/1672 1754/2049/1682 1753/2048/1681 
f 1308/1555/1272 1315/1554/1279 1705/1998/1651 
f 1705/1998/1651 1758/2053/1686 1308/1555/1272 
f 1759/2054/1687 1758/2053/1686 1705/1998/1651 
f 1705/1998/1651 1686/1975/1632 1759/2054/1687 
f 1758/2055/1686 1759/2056/1687 1760/2057/1688 
f 1760/2057/1688 1761/2058/1689 1758/2055/1686 
f 1308/1545/1272 1758/2055/1686 1761/2058/1689 
f 1761/2058/1689 1309/1546/1273 1308/1545/1272 
f 1685/1974/1631 1762/2059/1690 1759/2054/1687 
f 1759/2054/1687 1686/1975/1632 1685/1974/1631 
f 1763/2060/1691 1762/2059/1690 1685/1974/1631 
f 1685/1974/1631 1306/1543/1270 1763/2060/1691 
f 1762/2061/1690 1763/2062/1691 1764/2063/1692 
f 1764/2063/1692 1765/2064/1693 1762/2061/1690 
f 1765/2064/1693 1760/2057/1688 1759/2056/1687 
f 1759/2056/1687 1762/2061/1690 1765/2064/1693 
f 1756/2051/1684 1766/2065/1694 1767/2066/1695 
f 1767/2066/1695 1757/2052/1685 1756/2051/1684 
f 1768/2067/1696 1767/2066/1695 1766/2065/1694 
f 1766/2065/1694 1769/2068/1697 1768/2067/1696 
f 1768/2067/1696 1566/1847/1530 1596/1883/1560 
f 1596/1883/1560 1767/2066/1695 1768/2067/1696 
f 1757/2052/1685 1767/2066/1695 1596/1883/1560 
f 1596/1883/1560 1595/1882/1559 1757/2052/1685 
f 1770/2069/1698 1771/2070/1699 1772/2071/1700 
f 1772/2071/1700 1773/2072/1701 1770/2069/1698 
f 1581/1867/1545 1770/2069/1698 1773/2072/1701 
f 1773/2072/1701 1525/1801/1489 1581/1867/1545 
f 1570/1851/1534 1774/2073/1702 1770/2069/1698 
f 1770/2069/1698 1581/1867/1545 1570/1851/1534 
f 1775/2074/1703 1771/2070/1699 1770/2069/1698 
f 1770/2069/1698 1774/2073/1702 1775/2074/1703 
f 1776/2075/1704 1777/2076/1705 1545/1824/1509 
f 1545/1824/1509 1546/1825/1510 1776/2075/1704 
f 1778/2077/1706 1777/2078/1705 1776/2079/1704 
f 1776/2079/1704 1779/2080/1707 1778/2077/1706 
f 1777/2078/1705 1778/2077/1706 1726/2019/1672 
f 1726/2019/1672 1729/2022/1675 1777/2078/1705 
f 1545/1824/1509 1777/2076/1705 1729/2024/1675 
f 1729/2024/1675 1547/1826/1511 1545/1824/1509 
f 1769/2068/1697 1780/2081/1708 1781/2082/1709 
f 1781/2082/1709 1768/2067/1696 1769/2068/1697 
f 1781/2082/1709 1780/2081/1708 1775/2074/1703 
f 1775/2074/1703 1774/2073/1702 1781/2082/1709 
f 1570/1851/1534 1567/1848/1531 1781/2082/1709 
f 1781/2082/1709 1774/2073/1702 1570/1851/1534 
f 1768/2067/1696 1781/2082/1709 1567/1848/1531 
f 1567/1848/1531 1566/1847/1530 1768/2067/1696 
f 1558/1837/1522 1499/1768/1463 1782/2083/1710 
f 1782/2083/1710 1783/2084/1711 1558/1837/1522 
f 1782/2085/1710 1784/2086/1712 1785/2087/1713 
f 1785/2087/1713 1783/2088/1711 1782/2085/1710 
f 1776/2079/1704 1783/2088/1711 1785/2087/1713 
f 1785/2087/1713 1779/2080/1707 1776/2079/1704 
f 1558/1837/1522 1783/2084/1711 1776/2075/1704 
f 1776/2075/1704 1546/1825/1510 1558/1837/1522 
f 1786/2089/1714 1787/2090/1715 1788/2091/1716 
f 1788/2091/1716 1789/2092/1717 1786/2089/1714 
f 1532/1810/1496 1788/2091/1716 1787/2090/1715 
f 1787/2090/1715 1516/1789/1480 1532/1810/1496 
f 1788/2091/1716 1532/1810/1496 1519/1792/1483 
f 1519/1792/1483 1790/2093/1718 1788/2091/1716 
f 1788/2091/1716 1790/2093/1718 1791/2094/1719 
f 1791/2094/1719 1789/2092/1717 1788/2091/1716 
f 1497/1766/1461 1792/2095/1720 1793/2096/1721 
f 1793/2096/1721 1498/1767/1462 1497/1766/1461 
f 1792/2097/1720 1794/2098/1722 1795/2099/1723 
f 1795/2099/1723 1793/2100/1721 1792/2097/1720 
f 1793/2100/1721 1795/2099/1723 1784/2086/1712 
f 1784/2086/1712 1782/2085/1710 1793/2100/1721 
f 1498/1767/1462 1793/2096/1721 1782/2083/1710 
f 1782/2083/1710 1499/1768/1463 1498/1767/1462 
f 1791/2094/1719 1790/2093/1718 1796/2101/1724 
f 1796/2101/1724 1797/2102/1725 1791/2094/1719 
f 1796/2101/1724 1790/2093/1718 1519/1792/1483 
f 1519/1792/1483 1518/1791/1482 1796/2101/1724 
f 1525/1801/1489 1773/2072/1701 1796/2101/1724 
f 1796/2101/1724 1518/1791/1482 1525/1801/1489 
f 1796/2101/1724 1773/2072/1701 1772/2071/1700 
f 1772/2071/1700 1797/2102/1725 1796/2101/1724 
f 1798/2103/1726 1799/2104/1727 1800/2105/1728 
f 1800/2105/1728 1801/2106/1729 1798/2103/1726 
f 1799/2104/1727 1453/1716/1417 1512/1783/1476 
f 1512/1783/1476 1800/2105/1728 1799/2104/1727 
f 1787/2090/1715 1800/2105/1728 1512/1783/1476 
f 1512/1783/1476 1516/1789/1480 1787/2090/1715 
f 1800/2105/1728 1787/2090/1715 1786/2089/1714 
f 1786/2089/1714 1801/2106/1729 1800/2105/1728 
f 1802/2107/1730 1504/1773/1468 1484/1751/1448 
f 1484/1751/1448 1803/2108/1731 1802/2107/1730 
f 1804/2109/1732 1802/2110/1730 1803/2111/1731 
f 1803/2111/1731 1805/2112/1733 1804/2109/1732 
f 1794/2098/1722 1792/2097/1720 1802/2110/1730 
f 1802/2110/1730 1804/2109/1732 1794/2098/1722 
f 1792/2095/1720 1497/1766/1461 1504/1773/1468 
f 1504/1773/1468 1802/2107/1730 1792/2095/1720 
f 1806/2113/1734 1483/1750/1447 1427/1686/1391 
f 1427/1686/1391 1807/2114/1735 1806/2113/1734 
f 1807/2115/1735 1808/2116/1736 1809/2117/1737 
f 1809/2117/1737 1806/2118/1734 1807/2115/1735 
f 1803/2111/1731 1806/2118/1734 1809/2117/1737 
f 1809/2117/1737 1805/2112/1733 1803/2111/1731 
f 1803/2108/1731 1484/1751/1448 1483/1750/1447 
f 1483/1750/1447 1806/2113/1734 1803/2108/1731 
f 1810/2119/1738 1811/2120/1739 1812/2121/1740 
f 1812/2121/1740 1813/2122/1741 1810/2119/1738 
f 1810/2119/1738 1813/2122/1741 1402/1658/1366 
f 1402/1658/1366 1461/1727/1425 1810/2119/1738 
f 1448/1709/1412 1814/2123/1742 1810/2119/1738 
f 1810/2119/1738 1461/1727/1425 1448/1709/1412 
f 1810/2119/1738 1814/2123/1742 1815/2124/1743 
f 1815/2124/1743 1811/2120/1739 1810/2119/1738 
f 1816/2125/1744 1425/1684/1389 1426/1685/1390 
f 1426/1685/1390 1817/2126/1745 1816/2125/1744 
f 1818/2127/1746 1819/2128/1747 1816/2129/1744 
f 1816/2129/1744 1817/2130/1745 1818/2127/1746 
f 1808/2116/1736 1807/2115/1735 1816/2129/1744 
f 1816/2129/1744 1819/2128/1747 1808/2116/1736 
f 1427/1686/1391 1425/1684/1389 1816/2125/1744 
f 1816/2125/1744 1807/2114/1735 1427/1686/1391 
f 1820/2131/1748 1821/2132/1749 1815/2124/1743 
f 1815/2124/1743 1814/2123/1742 1820/2131/1748 
f 1448/1709/1412 1447/1708/1411 1820/2131/1748 
f 1820/2131/1748 1814/2123/1742 1448/1709/1412 
f 1447/1708/1411 1453/1716/1417 1799/2104/1727 
f 1799/2104/1727 1820/2131/1748 1447/1708/1411 
f 1799/2104/1727 1798/2103/1726 1821/2132/1749 
f 1821/2132/1749 1820/2131/1748 1799/2104/1727 
f 1822/2133/1750 1438/1697/1402 1413/1670/1377 
f 1413/1670/1377 1823/2134/1751 1822/2133/1750 
f 1822/2135/1750 1823/2136/1751 1824/2137/1752 
f 1824/2137/1752 1825/2138/1753 1822/2135/1750 
f 1822/2135/1750 1825/2138/1753 1818/2127/1746 
f 1818/2127/1746 1817/2130/1745 1822/2135/1750 
f 1438/1697/1402 1822/2133/1750 1817/2126/1745 
f 1817/2126/1745 1426/1685/1390 1438/1697/1402 
f 1826/2139/1754 1827/2140/1755 1411/1668/1375 
f 1411/1668/1375 1355/1602/1319 1826/2139/1754 
f 1828/2141/1756 1829/2142/1757 1827/2143/1755 
f 1827/2143/1755 1826/2144/1754 1828/2141/1756 
f 1827/2143/1755 1829/2142/1757 1824/2137/1752 
f 1824/2137/1752 1823/2136/1751 1827/2143/1755 
f 1413/1670/1377 1411/1668/1375 1827/2140/1755 
f 1827/2140/1755 1823/2134/1751 1413/1670/1377 
f 1830/2145/1758 1831/2146/1759 1832/2147/1760 
f 1832/2147/1760 1833/2148/1761 1830/2145/1758 
f 1381/1633/1345 1398/1653/1362 1831/2146/1759 
f 1831/2146/1759 1830/2145/1758 1381/1633/1345 
f 1831/2146/1759 1398/1653/1362 1402/1658/1366 
f 1402/1658/1366 1813/2122/1741 1831/2146/1759 
f 1813/2122/1741 1812/2121/1740 1832/2147/1760 
f 1832/2147/1760 1831/2146/1759 1813/2122/1741 
f 1834/2149/1762 1835/2150/1763 1836/2151/1764 
f 1836/2151/1764 1837/2152/1765 1834/2149/1762 
f 1836/2151/1764 1835/2150/1763 1325/1569/1289 
f 1325/1569/1289 1389/1643/1353 1836/2151/1764 
f 1373/1622/1337 1838/2153/1766 1836/2151/1764 
f 1836/2151/1764 1389/1643/1353 1373/1622/1337 
f 1839/2154/1767 1837/2152/1765 1836/2151/1764 
f 1836/2151/1764 1838/2153/1766 1839/2154/1767 
f 1840/2155/1768 1841/2156/1769 1354/1601/1318 
f 1354/1601/1318 1353/1600/1317 1840/2155/1768 
f 1841/2157/1769 1840/2158/1768 1842/2159/1770 
f 1842/2159/1770 1843/2160/1771 1841/2157/1769 
f 1828/2141/1756 1826/2144/1754 1841/2157/1769 
f 1841/2157/1769 1843/2160/1771 1828/2141/1756 
f 1354/1601/1318 1841/2156/1769 1826/2139/1754 
f 1826/2139/1754 1355/1602/1319 1354/1601/1318 
f 1839/2154/1767 1838/2153/1766 1844/2161/1772 
f 1844/2161/1772 1845/2162/1773 1839/2154/1767 
f 1838/2153/1766 1373/1622/1337 1376/1625/1340 
f 1376/1625/1340 1844/2161/1772 1838/2153/1766 
f 1830/2145/1758 1844/2161/1772 1376/1625/1340 
f 1376/1625/1340 1381/1633/1345 1830/2145/1758 
f 1844/2161/1772 1830/2145/1758 1833/2148/1761 
f 1833/2148/1761 1845/2162/1773 1844/2161/1772 
f 1338/1582/1302 1846/2163/1774 1847/2164/1775 
f 1847/2164/1775 1366/1613/1330 1338/1582/1302 
f 1847/2165/1775 1846/2166/1774 1848/2167/1776 
f 1848/2167/1776 1849/2168/1777 1847/2165/1775 
f 1842/2159/1770 1840/2158/1768 1847/2165/1775 
f 1847/2165/1775 1849/2168/1777 1842/2159/1770 
f 1840/2155/1768 1353/1600/1317 1366/1613/1330 
f 1366/1613/1330 1847/2164/1775 1840/2155/1768 
f 1314/1553/1278 1311/1552/1275 1850/2169/1778 
f 1850/2169/1778 1336/1580/1300 1314/1553/1278 
f 1851/2170/1779 1850/2171/1778 1311/1548/1275 
f 1311/1548/1275 1312/1549/1276 1851/2170/1779 
f 1848/2167/1776 1846/2166/1774 1850/2171/1778 
f 1850/2171/1778 1851/2170/1779 1848/2167/1776 
f 1850/2169/1778 1846/2163/1774 1338/1582/1302 
f 1338/1582/1302 1336/1580/1300 1850/2169/1778 
f 1852/2172/1780 1853/2173/1781 1854/2174/1782 
f 1854/2174/1782 1855/2175/1783 1852/2172/1780 
f 1852/2172/1780 1855/2175/1783 1298/1535/1262 
f 1298/1535/1262 1320/1562/1284 1852/2172/1780 
f 1325/1569/1289 1835/2150/1763 1852/2172/1780 
f 1852/2172/1780 1320/1562/1284 1325/1569/1289 
f 1834/2149/1762 1853/2173/1781 1852/2172/1780 
f 1852/2172/1780 1835/2150/1763 1834/2149/1762 
f 1856/2176/1784 1857/2177/1785 1858/2178/1786 
f 1858/2178/1786 1859/2179/1787 1856/2176/1784 
f 1860/2180/1788 1856/2176/1784 1859/2179/1787 
f 1859/2179/1787 1280/1511/1244 1860/2180/1788 
f 1319/1559/1283 1317/1557/1281 1856/2176/1784 
f 1856/2176/1784 1860/2180/1788 1319/1559/1283 
f 1856/2176/1784 1317/1557/1281 1293/1527/1257 
f 1293/1527/1257 1857/2177/1785 1856/2176/1784 
f 1861/2181/1789 1862/2182/1790 1698/1989/1644 
f 1698/1989/1644 1863/2183/1791 1861/2181/1789 
f 1864/2184/1792 1861/2181/1789 1863/2183/1791 
f 1863/2183/1791 1341/1585/1305 1864/2184/1792 
f 1312/1549/1276 1310/1547/1274 1861/2181/1789 
f 1861/2181/1789 1864/2184/1792 1312/1549/1276 
f 1862/2182/1790 1861/2181/1789 1310/1547/1274 
f 1310/1547/1274 1309/1546/1273 1862/2182/1790 
f 1858/2178/1786 1857/2177/1785 1865/2185/1793 
f 1865/2185/1793 1866/2186/1794 1858/2178/1786 
f 1292/1526/1256 1865/2185/1793 1857/2177/1785 
f 1857/2177/1785 1293/1527/1257 1292/1526/1256 
f 1865/2185/1793 1292/1526/1256 1298/1535/1262 
f 1298/1535/1262 1855/2175/1783 1865/2185/1793 
f 1865/2185/1793 1855/2175/1783 1854/2174/1782 
f 1854/2174/1782 1866/2186/1794 1865/2185/1793 
f 1763/2060/1691 1306/1543/1270 1305/1542/1269 
f 1305/1542/1269 1867/2187/1795 1763/2060/1691 
f 1305/1542/1269 1304/1541/1268 1318/1561/1282 
f 1318/1561/1282 1867/2187/1795 1305/1542/1269 
f 1867/2188/1795 1318/1558/1282 1319/1559/1283 
f 1319/1559/1283 1868/2189/1796 1867/2188/1795 
f 1867/2190/1795 1868/2191/1796 1764/2063/1692 
f 1764/2063/1692 1763/2062/1691 1867/2190/1795 
f 1869/2192/1797 1328/1572/1292 1287/1521/1251 
f 1287/1521/1251 1870/2193/1798 1869/2192/1797 
f 1866/2186/1794 1869/2194/1797 1870/2195/1798 
f 1870/2195/1798 1858/2178/1786 1866/2186/1794 
f 1871/2196/1799 1869/2194/1797 1866/2186/1794 
f 1866/2186/1794 1854/2174/1782 1871/2196/1799 
f 1328/1572/1292 1869/2192/1797 1871/2197/1799 
f 1871/2197/1799 1329/1573/1293 1328/1572/1292 
f 1700/1993/1646 1702/1995/1648 1872/2198/1800 
f 1872/2198/1800 1697/1992/1643 1700/1993/1646 
f 1342/1590/1306 1872/2198/1800 1702/1995/1648 
f 1702/1995/1648 1345/1591/1309 1342/1590/1306 
f 1341/1585/1305 1863/2183/1791 1872/2199/1800 
f 1872/2199/1800 1342/1586/1306 1341/1585/1305 
f 1698/1989/1644 1697/1988/1643 1872/2199/1800 
f 1872/2199/1800 1863/2183/1791 1698/1989/1644 
f 1873/2200/1801 1870/2193/1798 1287/1521/1251 
f 1287/1521/1251 1286/1520/1250 1873/2200/1801 
f 1286/1520/1250 1281/1514/1245 1279/1513/1243 
f 1279/1513/1243 1873/2200/1801 1286/1520/1250 
f 1873/2201/1801 1279/1508/1243 1280/1511/1244 
f 1280/1511/1244 1859/2179/1787 1873/2201/1801 
f 1873/2201/1801 1859/2179/1787 1858/2178/1786 
f 1858/2178/1786 1870/2195/1798 1873/2201/1801 
f 1871/2197/1799 1874/2202/1802 1360/1607/1324 
f 1360/1607/1324 1329/1573/1293 1871/2197/1799 
f 1854/2174/1782 1853/2173/1781 1874/2203/1802 
f 1874/2203/1802 1871/2196/1799 1854/2174/1782 
f 1834/2149/1762 1875/2204/1803 1874/2203/1802 
f 1874/2203/1802 1853/2173/1781 1834/2149/1762 
f 1360/1607/1324 1874/2202/1802 1875/2205/1803 
f 1875/2205/1803 1362/1609/1326 1360/1607/1324 
f 1876/2206/1804 1405/1662/1369 1395/1650/1359 
f 1395/1650/1359 1877/2207/1805 1876/2206/1804 
f 1876/2208/1804 1877/2209/1805 1839/2154/1767 
f 1839/2154/1767 1845/2162/1773 1876/2208/1804 
f 1845/2162/1773 1833/2148/1761 1878/2210/1806 
f 1878/2210/1806 1876/2208/1804 1845/2162/1773 
f 1405/1662/1369 1876/2206/1804 1878/2211/1806 
f 1878/2211/1806 1406/1663/1370 1405/1662/1369 
f 1879/2212/1807 1393/1648/1357 1362/1609/1326 
f 1362/1609/1326 1875/2205/1803 1879/2212/1807 
f 1834/2149/1762 1837/2152/1765 1879/2213/1807 
f 1879/2213/1807 1875/2204/1803 1834/2149/1762 
f 1839/2154/1767 1877/2209/1805 1879/2213/1807 
f 1879/2213/1807 1837/2152/1765 1839/2154/1767 
f 1395/1650/1359 1393/1648/1357 1879/2212/1807 
f 1879/2212/1807 1877/2207/1805 1395/1650/1359 
f 1878/2211/1806 1880/2214/1808 1432/1691/1396 
f 1432/1691/1396 1406/1663/1370 1878/2211/1806 
f 1880/2215/1808 1878/2210/1806 1833/2148/1761 
f 1833/2148/1761 1832/2147/1760 1880/2215/1808 
f 1832/2147/1760 1812/2121/1740 1881/2216/1809 
f 1881/2216/1809 1880/2215/1808 1832/2147/1760 
f 1432/1691/1396 1880/2214/1808 1881/2217/1809 
f 1881/2217/1809 1434/1693/1398 1432/1691/1396 
f 1480/1747/1444 1466/1733/1430 1882/2218/1810 
f 1882/2218/1810 1883/2219/1811 1480/1747/1444 
f 1883/2220/1811 1882/2221/1810 1815/2124/1743 
f 1815/2124/1743 1821/2132/1749 1883/2220/1811 
f 1798/2103/1726 1884/2222/1812 1883/2220/1811 
f 1883/2220/1811 1821/2132/1749 1798/2103/1726 
f 1473/1740/1437 1480/1747/1444 1883/2219/1811 
f 1883/2219/1811 1884/2223/1812 1473/1740/1437 
f 1434/1693/1398 1881/2217/1809 1885/2224/1813 
f 1885/2224/1813 1465/1732/1429 1434/1693/1398 
f 1881/2216/1809 1812/2121/1740 1811/2120/1739 
f 1811/2120/1739 1885/2225/1813 1881/2216/1809 
f 1885/2225/1813 1811/2120/1739 1815/2124/1743 
f 1815/2124/1743 1882/2221/1810 1885/2225/1813 
f 1465/1732/1429 1885/2224/1813 1882/2218/1810 
f 1882/2218/1810 1466/1733/1430 1465/1732/1429 
f 1474/1741/1438 1473/1740/1437 1884/2223/1812 
f 1884/2223/1812 1886/2226/1814 1474/1741/1438 
f 1886/2227/1814 1884/2222/1812 1798/2103/1726 
f 1798/2103/1726 1801/2106/1729 1886/2227/1814 
f 1786/2089/1714 1887/2228/1815 1886/2227/1814 
f 1886/2227/1814 1801/2106/1729 1786/2089/1714 
f 1887/2229/1815 1475/1742/1439 1474/1741/1438 
f 1474/1741/1438 1886/2226/1814 1887/2229/1815 
f 1888/2230/1816 1889/2231/1817 1552/1831/1516 
f 1552/1831/1516 1538/1817/1502 1888/2230/1816 
f 1889/2232/1817 1888/2233/1816 1791/2094/1719 
f 1791/2094/1719 1797/2102/1725 1889/2232/1817 
f 1889/2232/1817 1797/2102/1725 1772/2071/1700 
f 1772/2071/1700 1890/2234/1818 1889/2232/1817 
f 1552/1831/1516 1889/2231/1817 1890/2235/1818 
f 1890/2235/1818 1553/1832/1517 1552/1831/1516 
f 1887/2229/1815 1891/2236/1819 1537/1816/1501 
f 1537/1816/1501 1475/1742/1439 1887/2229/1815 
f 1891/2237/1819 1887/2228/1815 1786/2089/1714 
f 1786/2089/1714 1789/2092/1717 1891/2237/1819 
f 1791/2094/1719 1888/2233/1816 1891/2237/1819 
f 1891/2237/1819 1789/2092/1717 1791/2094/1719 
f 1537/1816/1501 1891/2236/1819 1888/2230/1816 
f 1888/2230/1816 1538/1817/1502 1537/1816/1501 
f 1588/1875/1552 1587/1874/1551 1892/2238/1820 
f 1892/2238/1820 1893/2239/1821 1588/1875/1552 
f 1894/2240/1822 1892/2238/1820 1587/1874/1551 
f 1587/1874/1551 1586/1873/1550 1894/2240/1822 
f 1775/2074/1703 1780/2081/1708 1892/2241/1820 
f 1892/2241/1820 1894/2242/1822 1775/2074/1703 
f 1780/2081/1708 1769/2068/1697 1893/2243/1821 
f 1893/2243/1821 1892/2241/1820 1780/2081/1708 
f 1585/1872/1549 1553/1832/1517 1890/2235/1818 
f 1890/2235/1818 1895/2244/1823 1585/1872/1549 
f 1771/2070/1699 1895/2245/1823 1890/2234/1818 
f 1890/2234/1818 1772/2071/1700 1771/2070/1699 
f 1775/2074/1703 1894/2242/1822 1895/2245/1823 
f 1895/2245/1823 1771/2070/1699 1775/2074/1703 
f 1585/1872/1549 1895/2244/1823 1894/2240/1822 
f 1894/2240/1822 1586/1873/1550 1585/1872/1549 
f 1594/1881/1558 1593/1880/1557 1896/2246/1824 
f 1896/2246/1824 1897/2247/1825 1594/1881/1558 
f 1893/2239/1821 1896/2246/1824 1593/1880/1557 
f 1593/1880/1557 1588/1875/1552 1893/2239/1821 
f 1766/2065/1694 1896/2248/1824 1893/2243/1821 
f 1893/2243/1821 1769/2068/1697 1766/2065/1694 
f 1766/2065/1694 1756/2051/1684 1897/2249/1825 
f 1897/2249/1825 1896/2248/1824 1766/2065/1694 
f 1578/1863/1542 1577/1862/1541 1731/2026/1677 
f 1731/2026/1677 1898/2250/1826 1578/1863/1542 
f 1897/2247/1825 1898/2250/1826 1731/2026/1677 
f 1731/2026/1677 1594/1881/1558 1897/2247/1825 
f 1755/2050/1683 1898/2251/1826 1897/2249/1825 
f 1897/2249/1825 1756/2051/1684 1755/2050/1683 
f 1579/1865/1543 1578/1864/1542 1898/2251/1826 
f 1898/2251/1826 1755/2050/1683 1579/1865/1543 
f 1309/1546/1273 1761/2058/1689 1899/2252/1827 
f 1899/2252/1827 1862/2182/1790 1309/1546/1273 
f 1761/2058/1689 1760/2057/1688 1900/2253/1828 
f 1900/2253/1828 1899/2252/1827 1761/2058/1689 
f 1695/1986/1641 1899/2252/1827 1900/2253/1828 
f 1900/2253/1828 1693/1982/1639 1695/1986/1641 
f 1695/1986/1641 1698/1989/1644 1862/2182/1790 
f 1862/2182/1790 1899/2252/1827 1695/1986/1641 
f 1760/2057/1688 1765/2064/1693 1901/2254/1829 
f 1901/2254/1829 1900/2253/1828 1760/2057/1688 
f 1764/2063/1692 1902/2255/1830 1901/2254/1829 
f 1901/2254/1829 1765/2064/1693 1764/2063/1692 
f 1694/1983/1640 1901/2254/1829 1902/2255/1830 
f 1902/2255/1830 1275/1504/1239 1694/1983/1640 
f 1693/1982/1639 1900/2253/1828 1901/2254/1829 
f 1901/2254/1829 1694/1983/1640 1693/1982/1639 
f 1778/2077/1706 1779/2080/1707 1903/2256/1831 
f 1903/2256/1831 1904/2257/1832 1778/2077/1706 
f 1904/2257/1832 1903/2256/1831 1564/1845/1528 
f 1564/1845/1528 1574/1858/1538 1904/2257/1832 
f 1579/1865/1543 1754/2049/1682 1904/2257/1832 
f 1904/2257/1832 1574/1858/1538 1579/1865/1543 
f 1778/2077/1706 1904/2257/1832 1754/2049/1682 
f 1754/2049/1682 1726/2019/1672 1778/2077/1706 
f 1905/2258/1833 1785/2087/1713 1784/2086/1712 
f 1784/2086/1712 1906/2259/1834 1905/2258/1833 
f 1905/2258/1833 1906/2259/1834 1531/1809/1495 
f 1531/1809/1495 1560/1839/1524 1905/2258/1833 
f 1564/1845/1528 1903/2256/1831 1905/2258/1833 
f 1905/2258/1833 1560/1839/1524 1564/1845/1528 
f 1903/2256/1831 1779/2080/1707 1785/2087/1713 
f 1785/2087/1713 1905/2258/1833 1903/2256/1831 
f 1907/2260/1835 1795/2099/1723 1794/2098/1722 
f 1794/2098/1722 1908/2261/1836 1907/2260/1835 
f 1527/1803/1491 1907/2260/1835 1908/2261/1836 
f 1908/2261/1836 1510/1781/1474 1527/1803/1491 
f 1531/1809/1495 1906/2259/1834 1907/2260/1835 
f 1907/2260/1835 1527/1803/1491 1531/1809/1495 
f 1784/2086/1712 1795/2099/1723 1907/2260/1835 
f 1907/2260/1835 1906/2259/1834 1784/2086/1712 
f 1804/2109/1732 1805/2112/1733 1909/2262/1837 
f 1909/2262/1837 1910/2263/1838 1804/2109/1732 
f 1910/2263/1838 1909/2262/1837 1492/1760/1456 
f 1492/1760/1456 1506/1775/1470 1910/2263/1838 
f 1908/2261/1836 1910/2263/1838 1506/1775/1470 
f 1506/1775/1470 1510/1781/1474 1908/2261/1836 
f 1794/2098/1722 1804/2109/1732 1910/2263/1838 
f 1910/2263/1838 1908/2261/1836 1794/2098/1722 
f 1809/2117/1737 1808/2116/1736 1911/2264/1839 
f 1911/2264/1839 1912/2265/1840 1809/2117/1737 
f 1912/2265/1840 1911/2264/1839 1459/1725/1423 
f 1459/1725/1423 1488/1755/1452 1912/2265/1840 
f 1909/2262/1837 1912/2265/1840 1488/1755/1452 
f 1488/1755/1452 1492/1760/1456 1909/2262/1837 
f 1909/2262/1837 1805/2112/1733 1809/2117/1737 
f 1809/2117/1737 1912/2265/1840 1909/2262/1837 
f 1818/2127/1746 1913/2266/1841 1914/2267/1842 
f 1914/2267/1842 1819/2128/1747 1818/2127/1746 
f 1455/1719/1419 1914/2267/1842 1913/2266/1841 
f 1913/2266/1841 1444/1705/1408 1455/1719/1419 
f 1459/1725/1423 1911/2264/1839 1914/2267/1842 
f 1914/2267/1842 1455/1719/1419 1459/1725/1423 
f 1819/2128/1747 1914/2267/1842 1911/2264/1839 
f 1911/2264/1839 1808/2116/1736 1819/2128/1747 
f 1825/2138/1753 1824/2137/1752 1915/2268/1843 
f 1915/2268/1843 1916/2269/1844 1825/2138/1753 
f 1439/1698/1403 1916/2269/1844 1915/2268/1843 
f 1915/2268/1843 1420/1679/1384 1439/1698/1403 
f 1913/2266/1841 1916/2269/1844 1439/1698/1403 
f 1439/1698/1403 1444/1705/1408 1913/2266/1841 
f 1913/2266/1841 1818/2127/1746 1825/2138/1753 
f 1825/2138/1753 1916/2269/1844 1913/2266/1841 
f 1829/2142/1757 1828/2141/1756 1917/2270/1845 
f 1917/2270/1845 1918/2271/1846 1829/2142/1757 
f 1918/2271/1846 1917/2270/1845 1387/1641/1351 
f 1387/1641/1351 1415/1672/1379 1918/2271/1846 
f 1915/2268/1843 1918/2271/1846 1415/1672/1379 
f 1415/1672/1379 1420/1679/1384 1915/2268/1843 
f 1915/2268/1843 1824/2137/1752 1829/2142/1757 
f 1829/2142/1757 1918/2271/1846 1915/2268/1843 
f 1919/2272/1847 1843/2160/1771 1842/2159/1770 
f 1842/2159/1770 1920/2273/1848 1919/2272/1847 
f 1382/1634/1346 1919/2272/1847 1920/2273/1848 
f 1920/2273/1848 1372/1621/1336 1382/1634/1346 
f 1387/1641/1351 1917/2270/1845 1919/2272/1847 
f 1919/2272/1847 1382/1634/1346 1387/1641/1351 
f 1843/2160/1771 1919/2272/1847 1917/2270/1845 
f 1917/2270/1845 1828/2141/1756 1843/2160/1771 
f 1848/2167/1776 1921/2274/1849 1922/2275/1850 
f 1922/2275/1850 1849/2168/1777 1848/2167/1776 
f 1368/1615/1332 1922/2275/1850 1921/2274/1849 
f 1921/2274/1849 1348/1595/1312 1368/1615/1332 
f 1920/2273/1848 1922/2275/1850 1368/1615/1332 
f 1368/1615/1332 1372/1621/1336 1920/2273/1848 
f 1842/2159/1770 1849/2168/1777 1922/2275/1850 
f 1922/2275/1850 1920/2273/1848 1842/2159/1770 
f 1312/1549/1276 1864/2184/1792 1923/2276/1851 
f 1923/2276/1851 1851/2170/1779 1312/1549/1276 
f 1340/1584/1304 1923/2276/1851 1864/2184/1792 
f 1864/2184/1792 1341/1585/1305 1340/1584/1304 
f 1921/2274/1849 1923/2276/1851 1340/1584/1304 
f 1340/1584/1304 1348/1595/1312 1921/2274/1849 
f 1851/2170/1779 1923/2276/1851 1921/2274/1849 
f 1921/2274/1849 1848/2167/1776 1851/2170/1779 
f 1902/2255/1830 1764/2063/1692 1868/2191/1796 
f 1868/2191/1796 1924/2277/1852 1902/2255/1830 
f 1860/2180/1788 1924/2278/1852 1868/2189/1796 
f 1868/2189/1796 1319/1559/1283 1860/2180/1788 
f 1280/1511/1244 1276/1510/1240 1924/2278/1852 
f 1924/2278/1852 1860/2180/1788 1280/1511/1244 
f 1276/1505/1240 1275/1504/1239 1902/2255/1830 
f 1902/2255/1830 1924/2277/1852 1276/1505/1240 
f 1925/2279/1853 1926/2280/1854 1927/2281/1855 
f 1927/2281/1855 1928/2282/1856 1925/2279/1853 
f 1929/2283/1857 1927/2284/1855 1926/2285/1854 
f 1926/2285/1854 1930/2286/1858 1929/2283/1857 
f 1927/2287/1855 1929/2288/1857 1931/2289/1859 
f 1931/2289/1859 1932/2290/1860 1927/2287/1855 
f 1928/2291/1856 1927/2287/1855 1932/2290/1860 
f 1932/2290/1860 1933/2292/1861 1928/2291/1856 
f 1934/2293/1862 1935/2294/1863 1933/2292/1861 
f 1933/2292/1861 1932/2290/1860 1934/2293/1862 
f 1934/2293/1862 1932/2290/1860 1931/2289/1859 
f 1931/2289/1859 1936/2295/1864 1934/2293/1862 
f 1937/2296/1865 1938/2297/1866 1934/2293/1862 
f 1934/2293/1862 1936/2295/1864 1937/2296/1865 
f 1938/2297/1866 1939/2298/1867 1935/2294/1863 
f 1935/2294/1863 1934/2293/1862 1938/2297/1866 
f 1940/2299/1868 1941/2300/1869 1942/2301/1870 
f 1942/2301/1870 1943/2302/1871 1940/2299/1868 
f 1944/2303/1872 1941/2304/1869 1940/2305/1868 
f 1940/2305/1868 1945/2306/1873 1944/2303/1872 
f 1941/2304/1869 1944/2303/1872 1946/2307/1874 
f 1946/2307/1874 1947/2308/1875 1941/2304/1869 
f 1941/2300/1869 1947/2309/1875 1948/2310/1876 
f 1948/2310/1876 1942/2301/1870 1941/2300/1869 
f 1949/2311/1877 1950/2312/1878 1951/2313/1879 
f 1951/2313/1879 1952/2314/1880 1949/2311/1877 
f 1953/2315/1881 1949/2311/1877 1952/2314/1880 
f 1952/2314/1880 1945/2306/1873 1953/2315/1881 
f 1954/2316/1882 1955/2317/1883 1949/2311/1877 
f 1949/2311/1877 1953/2315/1881 1954/2316/1882 
f 1955/2317/1883 1956/2318/1884 1950/2312/1878 
f 1950/2312/1878 1949/2311/1877 1955/2317/1883 
f 1957/2319/1885 1958/2320/1886 1959/2321/1887 
f 1959/2321/1887 1960/2322/1888 1957/2319/1885 
f 1961/2323/1889 1957/2319/1885 1960/2322/1888 
f 1960/2322/1888 1962/2324/1890 1961/2323/1889 
f 1963/2325/1891 1957/2326/1885 1961/2327/1889 
f 1961/2327/1889 1964/2328/1892 1963/2325/1891 
f 1963/2325/1891 1965/2329/1893 1958/2330/1886 
f 1958/2330/1886 1957/2326/1885 1963/2325/1891 
f 1966/2331/1894 1940/2299/1868 1943/2302/1871 
f 1943/2302/1871 1967/2332/1895 1966/2331/1894 
f 1968/2333/1896 1966/2331/1894 1967/2332/1895 
f 1967/2332/1895 1969/2334/1897 1968/2333/1896 
f 1966/2335/1894 1968/2336/1896 1954/2316/1882 
f 1954/2316/1882 1953/2315/1881 1966/2335/1894 
f 1953/2315/1881 1945/2306/1873 1940/2305/1868 
f 1940/2305/1868 1966/2335/1894 1953/2315/1881 
f 1970/2337/1898 1948/2310/1876 1947/2309/1875 
f 1947/2309/1875 1971/2338/1899 1970/2337/1898 
f 1972/2339/1900 1971/2340/1899 1947/2308/1875 
f 1947/2308/1875 1946/2307/1874 1972/2339/1900 
f 1973/2341/1901 1974/2342/1902 1971/2340/1899 
f 1971/2340/1899 1972/2339/1900 1973/2341/1901 
f 1974/2343/1902 1975/2344/1903 1970/2337/1898 
f 1970/2337/1898 1971/2338/1899 1974/2343/1902 
f 1976/2345/1904 1977/2346/1905 1939/2298/1867 
f 1939/2298/1867 1938/2297/1866 1976/2345/1904 
f 1976/2345/1904 1938/2297/1866 1937/2296/1865 
f 1937/2296/1865 1978/2347/1906 1976/2345/1904 
f 1976/2345/1904 1978/2347/1906 1979/2348/1907 
f 1979/2348/1907 1980/2349/1908 1976/2345/1904 
f 1980/2349/1908 1981/2350/1909 1977/2346/1905 
f 1977/2346/1905 1976/2345/1904 1980/2349/1908 
f 1982/2351/1910 1983/2352/1911 1984/2353/1912 
f 1984/2353/1912 1985/2354/1913 1982/2351/1910 
f 1985/2354/1913 1984/2353/1912 1964/2328/1892 
f 1964/2328/1892 1986/2355/1914 1985/2354/1913 
f 1987/2356/1915 1985/2354/1913 1986/2355/1914 
f 1986/2355/1914 1988/2357/1916 1987/2356/1915 
f 1987/2356/1915 1989/2358/1917 1982/2351/1910 
f 1982/2351/1910 1985/2354/1913 1987/2356/1915 
f 1990/2359/1918 1991/2360/1919 1992/2361/1920 
f 1992/2361/1920 1993/2362/1921 1990/2359/1918 
f 1994/2363/1922 1993/2364/1921 1992/2365/1920 
f 1992/2365/1920 1995/2366/1923 1994/2363/1922 
f 1994/2363/1922 1996/2367/1924 1997/2368/1925 
f 1997/2368/1925 1993/2364/1921 1994/2363/1922 
f 1997/2369/1925 1998/2370/1926 1990/2359/1918 
f 1990/2359/1918 1993/2362/1921 1997/2369/1925 
f 1999/2371/1927 2000/2372/1928 2001/2373/1929 
f 2001/2373/1929 2002/2374/1930 1999/2371/1927 
f 1999/2371/1927 2002/2374/1930 2003/2375/1931 
f 2003/2375/1931 2004/2376/1932 1999/2371/1927 
f 2005/2377/1933 2006/2378/1934 1999/2371/1927 
f 1999/2371/1927 2004/2376/1932 2005/2377/1933 
f 2007/2379/1935 2000/2372/1928 1999/2371/1927 
f 1999/2371/1927 2006/2378/1934 2007/2379/1935 
f 2008/2380/1936 1981/2350/1909 1980/2349/1908 
f 1980/2349/1908 2009/2381/1937 2008/2380/1936 
f 1979/2348/1907 2010/2382/1938 2009/2381/1937 
f 2009/2381/1937 1980/2349/1908 1979/2348/1907 
f 2011/2383/1939 2009/2381/1937 2010/2382/1938 
f 2010/2382/1938 2012/2384/1940 2011/2383/1939 
f 2011/2383/1939 2013/2385/1941 2008/2380/1936 
f 2008/2380/1936 2009/2381/1937 2011/2383/1939 
f 1989/2358/1917 1987/2356/1915 2014/2386/1942 
f 2014/2386/1942 2015/2387/1943 1989/2358/1917 
f 2014/2386/1942 1987/2356/1915 1988/2357/1916 
f 1988/2357/1916 2016/2388/1944 2014/2386/1942 
f 2003/2375/1931 2002/2374/1930 2014/2386/1942 
f 2014/2386/1942 2016/2388/1944 2003/2375/1931 
f 2014/2386/1942 2002/2374/1930 2001/2373/1929 
f 2001/2373/1929 2015/2387/1943 2014/2386/1942 
f 2017/2389/1945 2018/2390/1946 1998/2370/1926 
f 1998/2370/1926 1997/2369/1925 2017/2389/1945 
f 2019/2391/1947 2017/2392/1945 1997/2368/1925 
f 1997/2368/1925 1996/2367/1924 2019/2391/1947 
f 2019/2391/1947 2020/2393/1948 2021/2394/1949 
f 2021/2394/1949 2017/2392/1945 2019/2391/1947 
f 2021/2395/1949 2022/2396/1950 2018/2390/1946 
f 2018/2390/1946 2017/2389/1945 2021/2395/1949 
f 2023/2397/1951 2024/2398/1952 2025/2399/1953 
f 2025/2399/1953 2026/2400/1954 2023/2397/1951 
f 2024/2401/1952 2027/2402/1955 2028/2403/1956 
f 2028/2403/1956 2025/2404/1953 2024/2401/1952 
f 2025/2404/1953 2028/2403/1956 2029/2405/1957 
f 2029/2405/1957 2030/2406/1958 2025/2404/1953 
f 2030/2407/1958 2031/2408/1959 2026/2400/1954 
f 2026/2400/1954 2025/2399/1953 2030/2407/1958 
f 2032/2409/1960 2022/2396/1950 2021/2395/1949 
f 2021/2395/1949 2033/2410/1961 2032/2409/1960 
f 2033/2411/1961 2021/2394/1949 2020/2393/1948 
f 2020/2393/1948 2034/2412/1962 2033/2411/1961 
f 2033/2411/1961 2034/2412/1962 2035/2413/1963 
f 2035/2413/1963 2036/2414/1964 2033/2411/1961 
f 2036/2415/1964 2037/2416/1965 2032/2409/1960 
f 2032/2409/1960 2033/2410/1961 2036/2415/1964 
f 2038/2417/1966 2039/2418/1967 1975/2344/1903 
f 1975/2344/1903 1974/2343/1902 2038/2417/1966 
f 2040/2419/1968 2038/2420/1966 1974/2342/1902 
f 1974/2342/1902 1973/2341/1901 2040/2419/1968 
f 2038/2420/1966 2040/2419/1968 2027/2402/1955 
f 2027/2402/1955 2024/2401/1952 2038/2420/1966 
f 2024/2398/1952 2023/2397/1951 2039/2418/1967 
f 2039/2418/1967 2038/2417/1966 2024/2398/1952 
f 2011/2383/1939 2041/2421/1969 2042/2422/1970 
f 2042/2422/1970 2013/2385/1941 2011/2383/1939 
f 2012/2384/1940 2043/2423/1971 2041/2421/1969 
f 2041/2421/1969 2011/2383/1939 2012/2384/1940 
f 2044/2424/1972 2041/2421/1969 2043/2423/1971 
f 2043/2423/1971 2045/2425/1973 2044/2424/1972 
f 2042/2422/1970 2041/2421/1969 2044/2424/1972 
f 2044/2424/1972 2046/2426/1974 2042/2422/1970 
f 2047/2427/1975 2048/2428/1976 2031/2408/1959 
f 2031/2408/1959 2030/2407/1958 2047/2427/1975 
f 2047/2429/1975 2030/2406/1958 2029/2405/1957 
f 2029/2405/1957 2049/2430/1977 2047/2429/1975 
f 2050/2431/1978 2047/2429/1975 2049/2430/1977 
f 2049/2430/1977 2051/2432/1979 2050/2431/1978 
f 2052/2433/1980 2048/2428/1976 2047/2427/1975 
f 2047/2427/1975 2050/2434/1978 2052/2433/1980 
f 2053/2435/1981 2046/2426/1974 2044/2424/1972 
f 2044/2424/1972 2054/2436/1982 2053/2435/1981 
f 2055/2437/1983 2054/2436/1982 2044/2424/1972 
f 2044/2424/1972 2045/2425/1973 2055/2437/1983 
f 2056/2438/1984 2057/2439/1985 2054/2436/1982 
f 2054/2436/1982 2055/2437/1983 2056/2438/1984 
f 2053/2435/1981 2054/2436/1982 2057/2439/1985 
f 2057/2439/1985 2058/2440/1986 2053/2435/1981 
f 2007/2379/1935 2006/2378/1934 2059/2441/1987 
f 2059/2441/1987 2060/2442/1988 2007/2379/1935 
f 2005/2377/1933 2061/2443/1989 2059/2441/1987 
f 2059/2441/1987 2006/2378/1934 2005/2377/1933 
f 2062/2444/1990 2059/2441/1987 2061/2443/1989 
f 2061/2443/1989 2063/2445/1991 2062/2444/1990 
f 2059/2441/1987 2062/2444/1990 2064/2446/1992 
f 2064/2446/1992 2060/2442/1988 2059/2441/1987 
f 2065/2447/1993 2037/2416/1965 2036/2415/1964 
f 2036/2415/1964 2066/2448/1994 2065/2447/1993 
f 2067/2449/1995 2066/2450/1994 2036/2414/1964 
f 2036/2414/1964 2035/2413/1963 2067/2449/1995 
f 2067/2449/1995 2068/2451/1996 2069/2452/1997 
f 2069/2452/1997 2066/2450/1994 2067/2449/1995 
f 2065/2447/1993 2066/2448/1994 2069/2453/1997 
f 2069/2453/1997 2070/2454/1998 2065/2447/1993 
f 2071/2455/1999 2072/2456/2000 2073/2457/2001 
f 2073/2457/2001 2074/2458/2002 2071/2455/1999 
f 2075/2459/2003 2072/2456/2000 2071/2455/1999 
f 2071/2455/1999 2076/2460/2004 2075/2459/2003 
f 2075/2459/2003 2077/2461/2005 2078/2462/2006 
f 2078/2462/2006 2072/2456/2000 2075/2459/2003 
f 2078/2462/2006 2079/2463/2007 2073/2457/2001 
f 2073/2457/2001 2072/2456/2000 2078/2462/2006 
f 2057/2439/1985 2080/2464/2008 2081/2465/2009 
f 2081/2465/2009 2058/2440/1986 2057/2439/1985 
f 2057/2439/1985 2056/2438/1984 2082/2466/2010 
f 2082/2466/2010 2080/2464/2008 2057/2439/1985 
f 2083/2467/2011 2080/2464/2008 2082/2466/2010 
f 2082/2466/2010 2084/2468/2012 2083/2467/2011 
f 2083/2467/2011 2085/2469/2013 2081/2465/2009 
f 2081/2465/2009 2080/2464/2008 2083/2467/2011 
f 2064/2446/1992 2062/2444/1990 2086/2470/2014 
f 2086/2470/2014 2087/2471/2015 2064/2446/1992 
f 2086/2470/2014 2062/2444/1990 2063/2445/1991 
f 2063/2445/1991 2088/2472/2016 2086/2470/2014 
f 2071/2455/1999 2086/2470/2014 2088/2472/2016 
f 2088/2472/2016 2076/2460/2004 2071/2455/1999 
f 2087/2471/2015 2086/2470/2014 2071/2455/1999 
f 2071/2455/1999 2074/2458/2002 2087/2471/2015 
f 2089/2473/2017 2070/2454/1998 2069/2453/1997 
f 2069/2453/1997 2090/2474/2018 2089/2473/2017 
f 2069/2452/1997 2068/2451/1996 2091/2475/2019 
f 2091/2475/2019 2090/2476/2018 2069/2452/1997 
f 2092/2477/2020 2093/2478/2021 2090/2476/2018 
f 2090/2476/2018 2091/2475/2019 2092/2477/2020 
f 2093/2479/2021 2094/2480/2022 2089/2473/2017 
f 2089/2473/2017 2090/2474/2018 2093/2479/2021 
f 2095/2481/2023 2096/2482/2024 2097/2483/2025 
f 2097/2483/2025 2098/2484/2026 2095/2481/2023 
f 2095/2485/2023 2099/2486/2027 2100/2487/2028 
f 2100/2487/2028 2096/2488/2024 2095/2485/2023 
f 2100/2487/2028 2101/2489/2029 2102/2490/2030 
f 2102/2490/2030 2096/2488/2024 2100/2487/2028 
f 2103/2491/2031 2097/2483/2025 2096/2482/2024 
f 2096/2482/2024 2102/2492/2030 2103/2491/2031 
f 2093/2479/2021 2104/2493/2032 2105/2494/2033 
f 2105/2494/2033 2094/2480/2022 2093/2479/2021 
f 2092/2477/2020 2106/2495/2034 2104/2496/2032 
f 2104/2496/2032 2093/2478/2021 2092/2477/2020 
f 2107/2497/2035 2108/2498/2036 2104/2496/2032 
f 2104/2496/2032 2106/2495/2034 2107/2497/2035 
f 2105/2494/2033 2104/2493/2032 2108/2499/2036 
f 2108/2499/2036 2109/2500/2037 2105/2494/2033 
f 2052/2433/1980 2050/2434/1978 2110/2501/2038 
f 2110/2501/2038 2111/2502/2039 2052/2433/1980 
f 2112/2503/2040 2110/2504/2038 2050/2431/1978 
f 2050/2431/1978 2051/2432/1979 2112/2503/2040 
f 2112/2503/2040 2099/2486/2027 2095/2485/2023 
f 2095/2485/2023 2110/2504/2038 2112/2503/2040 
f 2095/2481/2023 2098/2484/2026 2111/2502/2039 
f 2111/2502/2039 2110/2501/2038 2095/2481/2023 
f 2085/2469/2013 2083/2467/2011 2113/2505/2041 
f 2113/2505/2041 2114/2506/2042 2085/2469/2013 
f 2084/2468/2012 2115/2507/2043 2113/2505/2041 
f 2113/2505/2041 2083/2467/2011 2084/2468/2012 
f 2116/2508/2044 2117/2509/2045 2113/2505/2041 
f 2113/2505/2041 2115/2507/2043 2116/2508/2044 
f 2118/2510/2046 2114/2506/2042 2113/2505/2041 
f 2113/2505/2041 2117/2509/2045 2118/2510/2046 
f 2119/2511/2047 2120/2512/2048 2121/2513/2049 
f 2121/2513/2049 2122/2514/2050 2119/2511/2047 
f 2123/2515/2051 2124/2516/2052 2122/2514/2050 
f 2122/2514/2050 2121/2513/2049 2123/2515/2051 
f 2122/2514/2050 2124/2516/2052 2125/2517/2053 
f 2125/2517/2053 2126/2518/2054 2122/2514/2050 
f 2126/2518/2054 2127/2519/2055 2119/2511/2047 
f 2119/2511/2047 2122/2514/2050 2126/2518/2054 
f 2128/2520/2056 2129/2521/2057 2118/2510/2046 
f 2118/2510/2046 2117/2509/2045 2128/2520/2056 
f 2117/2509/2045 2116/2508/2044 2130/2522/2058 
f 2130/2522/2058 2128/2520/2056 2117/2509/2045 
f 2130/2522/2058 2123/2515/2051 2121/2513/2049 
f 2121/2513/2049 2128/2520/2056 2130/2522/2058 
f 2129/2521/2057 2128/2520/2056 2121/2513/2049 
f 2121/2513/2049 2120/2512/2048 2129/2521/2057 
f 2078/2462/2006 2131/2523/2059 2132/2524/2060 
f 2132/2524/2060 2079/2463/2007 2078/2462/2006 
f 2078/2462/2006 2077/2461/2005 2133/2525/2061 
f 2133/2525/2061 2131/2523/2059 2078/2462/2006 
f 2131/2523/2059 2133/2525/2061 2134/2526/2062 
f 2134/2526/2062 2135/2527/2063 2131/2523/2059 
f 2135/2527/2063 2136/2528/2064 2132/2524/2060 
f 2132/2524/2060 2131/2523/2059 2135/2527/2063 
f 2137/2529/2065 2138/2530/2066 2109/2500/2037 
f 2109/2500/2037 2108/2499/2036 2137/2529/2065 
f 2137/2531/2065 2108/2498/2036 2107/2497/2035 
f 2107/2497/2035 2139/2532/2067 2137/2531/2065 
f 2140/2533/2068 2141/2534/2069 2137/2531/2065 
f 2137/2531/2065 2139/2532/2067 2140/2533/2068 
f 2142/2535/2070 2138/2530/2066 2137/2529/2065 
f 2137/2529/2065 2141/2536/2069 2142/2535/2070 
f 2143/2537/2071 2144/2538/2072 2145/2539/2073 
f 2145/2539/2073 2146/2540/2074 2143/2537/2071 
f 2147/2541/2075 2148/2542/2076 2145/2539/2073 
f 2145/2539/2073 2144/2538/2072 2147/2541/2075 
f 2149/2543/2077 2150/2544/2078 2145/2539/2073 
f 2145/2539/2073 2148/2542/2076 2149/2543/2077 
f 2146/2540/2074 2145/2539/2073 2150/2544/2078 
f 2150/2544/2078 2151/2545/2079 2146/2540/2074 
f 2135/2527/2063 2152/2546/2080 2153/2547/2081 
f 2153/2547/2081 2136/2528/2064 2135/2527/2063 
f 2152/2546/2080 2135/2527/2063 2134/2526/2062 
f 2134/2526/2062 2154/2548/2082 2152/2546/2080 
f 2147/2541/2075 2144/2538/2072 2152/2546/2080 
f 2152/2546/2080 2154/2548/2082 2147/2541/2075 
f 2143/2537/2071 2153/2547/2081 2152/2546/2080 
f 2152/2546/2080 2144/2538/2072 2143/2537/2071 
f 2142/2535/2070 2141/2536/2069 2155/2549/2083 
f 2155/2549/2083 2156/2550/2084 2142/2535/2070 
f 2155/2551/2083 2141/2534/2069 2140/2533/2068 
f 2140/2533/2068 2157/2552/2085 2155/2551/2083 
f 2158/2553/2086 2159/2554/2087 2155/2551/2083 
f 2155/2551/2083 2157/2552/2085 2158/2553/2086 
f 2155/2549/2083 2159/2555/2087 2160/2556/2088 
f 2160/2556/2088 2156/2550/2084 2155/2549/2083 
f 2161/2557/2089 2162/2558/2090 2103/2491/2031 
f 2103/2491/2031 2102/2492/2030 2161/2557/2089 
f 2161/2559/2089 2102/2490/2030 2101/2489/2029 
f 2101/2489/2029 2163/2560/2091 2161/2559/2089 
f 2164/2561/2092 2165/2562/2093 2161/2559/2089 
f 2161/2559/2089 2163/2560/2091 2164/2561/2092 
f 2165/2563/2093 2166/2564/2094 2162/2558/2090 
f 2162/2558/2090 2161/2557/2089 2165/2563/2093 
f 2167/2565/2095 2168/2566/2096 2169/2567/2097 
f 2169/2567/2097 2170/2568/2098 2167/2565/2095 
f 2171/2569/2099 2172/2570/2100 2167/2571/2095 
f 2167/2571/2095 2170/2572/2098 2171/2569/2099 
f 2173/2573/2101 2174/2574/2102 2167/2571/2095 
f 2167/2571/2095 2172/2570/2100 2173/2573/2101 
f 2174/2575/2102 2175/2576/2103 2168/2566/2096 
f 2168/2566/2096 2167/2565/2095 2174/2575/2102 
f 2160/2556/2088 2159/2555/2087 2176/2577/2104 
f 2176/2577/2104 2177/2578/2105 2160/2556/2088 
f 2176/2579/2104 2159/2554/2087 2158/2553/2086 
f 2158/2553/2086 2178/2580/2106 2176/2579/2104 
f 2179/2581/2107 2180/2582/2108 2176/2579/2104 
f 2176/2579/2104 2178/2580/2106 2179/2581/2107 
f 2180/2583/2108 2181/2584/2109 2177/2578/2105 
f 2177/2578/2105 2176/2577/2104 2180/2583/2108 
f 2182/2585/2110 2166/2564/2094 2165/2563/2093 
f 2165/2563/2093 2183/2586/2111 2182/2585/2110 
f 2164/2561/2092 2184/2587/2112 2183/2588/2111 
f 2183/2588/2111 2165/2562/2093 2164/2561/2092 
f 2183/2588/2111 2184/2587/2112 2171/2569/2099 
f 2171/2569/2099 2170/2572/2098 2183/2588/2111 
f 2170/2568/2098 2169/2567/2097 2182/2585/2110 
f 2182/2585/2110 2183/2586/2111 2170/2568/2098 
f 2185/2589/2113 2186/2590/2114 2127/2519/2055 
f 2127/2519/2055 2126/2518/2054 2185/2589/2113 
f 2187/2591/2115 2185/2589/2113 2126/2518/2054 
f 2126/2518/2054 2125/2517/2053 2187/2591/2115 
f 2185/2589/2113 2187/2591/2115 2188/2592/2116 
f 2188/2592/2116 2189/2593/2117 2185/2589/2113 
f 2190/2594/2118 2186/2590/2114 2185/2589/2113 
f 2185/2589/2113 2189/2593/2117 2190/2594/2118 
f 2191/2595/2119 2192/2596/2120 2193/2597/2121 
f 2193/2597/2121 2194/2598/2122 2191/2595/2119 
f 2195/2599/2123 2192/2596/2120 2191/2595/2119 
f 2191/2595/2119 2196/2600/2124 2195/2599/2123 
f 2195/2599/2123 2197/2601/2125 2198/2602/2126 
f 2198/2602/2126 2192/2596/2120 2195/2599/2123 
f 2193/2597/2121 2192/2596/2120 2198/2602/2126 
f 2198/2602/2126 2199/2603/2127 2193/2597/2121 
f 2200/2604/2128 2201/2605/2129 2190/2594/2118 
f 2190/2594/2118 2189/2593/2117 2200/2604/2128 
f 2202/2606/2130 2200/2604/2128 2189/2593/2117 
f 2189/2593/2117 2188/2592/2116 2202/2606/2130 
f 2200/2604/2128 2202/2606/2130 2203/2607/2131 
f 2203/2607/2131 2204/2608/2132 2200/2604/2128 
f 2205/2609/2133 2201/2605/2129 2200/2604/2128 
f 2200/2604/2128 2204/2608/2132 2205/2609/2133 
f 2150/2544/2078 2206/2610/2134 2207/2611/2135 
f 2207/2611/2135 2151/2545/2079 2150/2544/2078 
f 2149/2543/2077 2208/2612/2136 2206/2610/2134 
f 2206/2610/2134 2150/2544/2078 2149/2543/2077 
f 2191/2595/2119 2206/2610/2134 2208/2612/2136 
f 2208/2612/2136 2196/2600/2124 2191/2595/2119 
f 2191/2595/2119 2194/2598/2122 2207/2611/2135 
f 2207/2611/2135 2206/2610/2134 2191/2595/2119 
f 2181/2584/2109 2180/2583/2108 2209/2613/2137 
f 2209/2613/2137 2210/2614/2138 2181/2584/2109 
f 2179/2581/2107 2211/2615/2139 2209/2616/2137 
f 2209/2616/2137 2180/2582/2108 2179/2581/2107 
f 2211/2615/2139 2212/2617/2140 2213/2618/2141 
f 2213/2618/2141 2209/2616/2137 2211/2615/2139 
f 2210/2614/2138 2209/2613/2137 2213/2619/2141 
f 2213/2619/2141 2214/2620/2142 2210/2614/2138 
f 2215/2621/2143 2216/2622/2144 2217/2623/2145 
f 2217/2623/2145 2218/2624/2146 2215/2621/2143 
f 2219/2625/2147 2218/2624/2146 2217/2623/2145 
f 2217/2623/2145 2220/2626/2148 2219/2625/2147 
f 2218/2627/2146 2219/2628/2147 2221/2629/2149 
f 2221/2629/2149 2222/2630/2150 2218/2627/2146 
f 2222/2630/2150 2223/2631/2151 2215/2632/2143 
f 2215/2632/2143 2218/2627/2146 2222/2630/2150 
f 2224/2633/2152 2214/2620/2142 2213/2619/2141 
f 2213/2619/2141 2225/2634/2153 2224/2633/2152 
f 2213/2618/2141 2212/2617/2140 2226/2635/2154 
f 2226/2635/2154 2225/2636/2153 2213/2618/2141 
f 2226/2635/2154 2227/2637/2155 2228/2638/2156 
f 2228/2638/2156 2225/2636/2153 2226/2635/2154 
f 2224/2633/2152 2225/2634/2153 2228/2639/2156 
f 2228/2639/2156 2229/2640/2157 2224/2633/2152 
f 2175/2576/2103 2174/2575/2102 2230/2641/2158 
f 2230/2641/2158 2231/2642/2159 2175/2576/2103 
f 2230/2643/2158 2174/2574/2102 2173/2573/2101 
f 2173/2573/2101 2232/2644/2160 2230/2643/2158 
f 2219/2628/2147 2230/2643/2158 2232/2644/2160 
f 2232/2644/2160 2221/2629/2149 2219/2628/2147 
f 2230/2641/2158 2219/2625/2147 2220/2626/2148 
f 2220/2626/2148 2231/2642/2159 2230/2641/2158 
f 2233/2645/2161 2205/2609/2133 2204/2608/2132 
f 2204/2608/2132 2234/2646/2162 2233/2645/2161 
f 2203/2607/2131 2235/2647/2163 2234/2646/2162 
f 2234/2646/2162 2204/2608/2132 2203/2607/2131 
f 2234/2646/2162 2235/2647/2163 2236/2648/2164 
f 2236/2648/2164 2237/2649/2165 2234/2646/2162 
f 2237/2649/2165 2238/2650/2166 2233/2645/2161 
f 2233/2645/2161 2234/2646/2162 2237/2649/2165 
f 2239/2651/2167 2240/2652/2168 2241/2653/2169 
f 2241/2653/2169 2242/2654/2170 2239/2651/2167 
f 2233/2645/2161 2240/2652/2168 2239/2651/2167 
f 2239/2651/2167 2205/2609/2133 2233/2645/2161 
f 2243/2655/2171 2240/2652/2168 2233/2645/2161 
f 2233/2645/2161 2238/2650/2166 2243/2655/2171 
f 2243/2655/2171 2244/2656/2172 2241/2653/2169 
f 2241/2653/2169 2240/2652/2168 2243/2655/2171 
f 2245/2657/2173 2246/2658/2174 2247/2659/2175 
f 2247/2659/2175 2248/2660/2176 2245/2657/2173 
f 2215/2621/2143 2247/2659/2175 2246/2658/2174 
f 2246/2658/2174 2216/2622/2144 2215/2621/2143 
f 2247/2661/2175 2215/2632/2143 2223/2631/2151 
f 2223/2631/2151 2249/2662/2177 2247/2661/2175 
f 2249/2662/2177 2199/2603/2127 2248/2663/2176 
f 2248/2663/2176 2247/2661/2175 2249/2662/2177 
f 2171/2569/2099 2250/2664/2178 2251/2665/2179 
f 2251/2665/2179 2172/2570/2100 2171/2569/2099 
f 2251/2665/2179 2250/2664/2178 2252/2666/2180 
f 2252/2666/2180 2253/2667/2181 2251/2665/2179 
f 2254/2668/2182 2251/2665/2179 2253/2667/2181 
f 2253/2667/2181 2255/2669/2183 2254/2668/2182 
f 2172/2570/2100 2251/2665/2179 2254/2668/2182 
f 2254/2668/2182 2173/2573/2101 2172/2570/2100 
f 2256/2670/2184 2257/2671/2185 2258/2672/1678 
f 2258/2672/1678 2259/2673/1678 2256/2670/2184 
f 2201/2605/2129 2259/2673/1678 2258/2672/1678 
f 2258/2672/1678 2190/2594/2118 2201/2605/2129 
f 2239/2651/2167 2259/2673/1678 2201/2605/2129 
f 2201/2605/2129 2205/2609/2133 2239/2651/2167 
f 2256/2670/2184 2259/2673/1678 2239/2651/2167 
f 2239/2651/2167 2242/2654/2170 2256/2670/2184 
f 2173/2573/2101 2254/2668/2182 2260/2674/2186 
f 2260/2674/2186 2232/2644/2160 2173/2573/2101 
f 2254/2668/2182 2255/2669/2183 2261/2675/2187 
f 2261/2675/2187 2260/2674/2186 2254/2668/2182 
f 2223/2631/2151 2222/2630/2150 2260/2674/2186 
f 2260/2674/2186 2261/2675/2187 2223/2631/2151 
f 2232/2644/2160 2260/2674/2186 2222/2630/2150 
f 2222/2630/2150 2221/2629/2149 2232/2644/2160 
f 2262/2676/2188 2263/2677/1678 2264/2678/1678 
f 2264/2678/1678 2265/2679/2189 2262/2676/2188 
f 2186/2590/2114 2264/2678/1678 2263/2677/1678 
f 2263/2677/1678 2127/2519/2055 2186/2590/2114 
f 2258/2672/1678 2264/2678/1678 2186/2590/2114 
f 2186/2590/2114 2190/2594/2118 2258/2672/1678 
f 2264/2678/1678 2258/2672/1678 2257/2671/2185 
f 2257/2671/2185 2265/2679/2189 2264/2678/1678 
f 2266/2680/2190 2163/2560/2091 2101/2489/2029 
f 2101/2489/2029 2267/2681/2191 2266/2680/2190 
f 2266/2680/2190 2267/2681/2191 2268/2682/2192 
f 2268/2682/2192 2269/2683/2193 2266/2680/2190 
f 2270/2684/2194 2271/2685/2195 2266/2680/2190 
f 2266/2680/2190 2269/2683/2193 2270/2684/2194 
f 2164/2561/2092 2163/2560/2091 2266/2680/2190 
f 2266/2680/2190 2271/2685/2195 2164/2561/2092 
f 2164/2561/2092 2271/2685/2195 2272/2686/2196 
f 2272/2686/2196 2184/2587/2112 2164/2561/2092 
f 2273/2687/2197 2272/2686/2196 2271/2685/2195 
f 2271/2685/2195 2270/2684/2194 2273/2687/2197 
f 2252/2666/2180 2250/2664/2178 2272/2686/2196 
f 2272/2686/2196 2273/2687/2197 2252/2666/2180 
f 2184/2587/2112 2272/2686/2196 2250/2664/2178 
f 2250/2664/2178 2171/2569/2099 2184/2587/2112 
f 2100/2487/2028 2099/2486/2027 2274/2688/2198 
f 2274/2688/2198 2275/2689/2199 2100/2487/2028 
f 2275/2689/2199 2274/2688/2198 2276/2690/2200 
f 2276/2690/2200 2277/2691/2201 2275/2689/2199 
f 2268/2682/2192 2267/2681/2191 2275/2689/2199 
f 2275/2689/2199 2277/2691/2201 2268/2682/2192 
f 2275/2689/2199 2267/2681/2191 2101/2489/2029 
f 2101/2489/2029 2100/2487/2028 2275/2689/2199 
f 2278/2692/1678 2279/2693/1678 2280/2694/2202 
f 2280/2694/2202 2281/2695/2203 2278/2692/1678 
f 2118/2510/2046 2129/2521/2057 2279/2693/1678 
f 2279/2693/1678 2278/2692/1678 2118/2510/2046 
f 2279/2693/1678 2129/2521/2057 2120/2512/2048 
f 2120/2512/2048 2282/2696/1678 2279/2693/1678 
f 2280/2694/2202 2279/2693/1678 2282/2696/1678 
f 2282/2696/1678 2283/2697/2204 2280/2694/2202 
f 2283/2697/2204 2282/2696/1678 2284/2698/1678 
f 2284/2698/1678 2285/2699/2205 2283/2697/2204 
f 2284/2698/1678 2282/2696/1678 2120/2512/2048 
f 2120/2512/2048 2119/2511/2047 2284/2698/1678 
f 2263/2677/1678 2284/2698/1678 2119/2511/2047 
f 2119/2511/2047 2127/2519/2055 2263/2677/1678 
f 2284/2698/1678 2263/2677/1678 2262/2676/2188 
f 2262/2676/2188 2285/2699/2205 2284/2698/1678 
f 2286/2700/1678 2287/2701/1678 2288/2702/2206 
f 2288/2702/2206 2289/2703/2207 2286/2700/1678 
f 2286/2700/1678 2085/2469/2013 2114/2506/2042 
f 2114/2506/2042 2287/2701/1678 2286/2700/1678 
f 2287/2701/1678 2114/2506/2042 2118/2510/2046 
f 2118/2510/2046 2278/2692/1678 2287/2701/1678 
f 2288/2702/2206 2287/2701/1678 2278/2692/1678 
f 2278/2692/1678 2281/2695/2203 2288/2702/2206 
f 2290/2704/2208 2049/2430/1977 2029/2405/1957 
f 2029/2405/1957 2291/2705/2209 2290/2704/2208 
f 2290/2704/2208 2291/2705/2209 2292/2706/2210 
f 2292/2706/2210 2293/2707/2211 2290/2704/2208 
f 2294/2708/2212 2295/2709/2213 2290/2704/2208 
f 2290/2704/2208 2293/2707/2211 2294/2708/2212 
f 2049/2430/1977 2290/2704/2208 2295/2709/2213 
f 2295/2709/2213 2051/2432/1979 2049/2430/1977 
f 2296/2710/1678 2297/2711/1678 2298/2712/2214 
f 2298/2712/2214 2299/2713/2215 2296/2710/1678 
f 2081/2465/2009 2297/2711/1678 2296/2710/1678 
f 2296/2710/1678 2058/2440/1986 2081/2465/2009 
f 2286/2700/1678 2297/2711/1678 2081/2465/2009 
f 2081/2465/2009 2085/2469/2013 2286/2700/1678 
f 2297/2711/1678 2286/2700/1678 2289/2703/2207 
f 2289/2703/2207 2298/2712/2214 2297/2711/1678 
f 2112/2503/2040 2051/2432/1979 2295/2709/2213 
f 2295/2709/2213 2300/2714/2216 2112/2503/2040 
f 2300/2714/2216 2295/2709/2213 2294/2708/2212 
f 2294/2708/2212 2301/2715/2217 2300/2714/2216 
f 2276/2690/2200 2274/2688/2198 2300/2714/2216 
f 2300/2714/2216 2301/2715/2217 2276/2690/2200 
f 2274/2688/2198 2099/2486/2027 2112/2503/2040 
f 2112/2503/2040 2300/2714/2216 2274/2688/2198 
f 2028/2403/1956 2027/2402/1955 2302/2716/2218 
f 2302/2716/2218 2303/2717/2219 2028/2403/1956 
f 2304/2718/2220 2303/2717/2219 2302/2716/2218 
f 2302/2716/2218 2305/2719/2221 2304/2718/2220 
f 2291/2705/2209 2303/2717/2219 2304/2718/2220 
f 2304/2718/2220 2292/2706/2210 2291/2705/2209 
f 2291/2705/2209 2029/2405/1957 2028/2403/1956 
f 2028/2403/1956 2303/2717/2219 2291/2705/2209 
f 2306/2720/2222 2307/2721/2223 2308/2722/1678 
f 2308/2722/1678 2309/2723/1678 2306/2720/2222 
f 2308/2722/1678 2046/2426/1974 2053/2435/1981 
f 2053/2435/1981 2309/2723/1678 2308/2722/1678 
f 2053/2435/1981 2058/2440/1986 2296/2710/1678 
f 2296/2710/1678 2309/2723/1678 2053/2435/1981 
f 2306/2720/2222 2309/2723/1678 2296/2710/1678 
f 2296/2710/1678 2299/2713/2215 2306/2720/2222 
f 2310/2724/2224 2311/2725/1678 2312/2726/1678 
f 2312/2726/1678 2313/2727/2225 2310/2724/2224 
f 2311/2725/1678 2013/2385/1941 2042/2422/1970 
f 2042/2422/1970 2312/2726/1678 2311/2725/1678 
f 2042/2422/1970 2046/2426/1974 2308/2722/1678 
f 2308/2722/1678 2312/2726/1678 2042/2422/1970 
f 2313/2727/2225 2312/2726/1678 2308/2722/1678 
f 2308/2722/1678 2307/2721/2223 2313/2727/2225 
f 1972/2339/1900 1946/2307/1874 2314/2728/2226 
f 2314/2728/2226 2315/2729/2227 1972/2339/1900 
f 2314/2728/2226 2316/2730/2228 2317/2731/2229 
f 2317/2731/2229 2315/2729/2227 2314/2728/2226 
f 2318/2732/2230 2315/2729/2227 2317/2731/2229 
f 2317/2731/2229 2319/2733/2231 2318/2732/2230 
f 2318/2732/2230 1973/2341/1901 1972/2339/1900 
f 1972/2339/1900 2315/2729/2227 2318/2732/2230 
f 2320/2734/1678 2321/2735/1678 2322/2736/2232 
f 2322/2736/2232 2323/2737/2233 2320/2734/1678 
f 2008/2380/1936 2321/2735/1678 2320/2734/1678 
f 2320/2734/1678 1981/2350/1909 2008/2380/1936 
f 2321/2735/1678 2008/2380/1936 2013/2385/1941 
f 2013/2385/1941 2311/2725/1678 2321/2735/1678 
f 2311/2725/1678 2310/2724/2224 2322/2736/2232 
f 2322/2736/2232 2321/2735/1678 2311/2725/1678 
f 2318/2732/2230 2324/2738/2234 2040/2419/1968 
f 2040/2419/1968 1973/2341/1901 2318/2732/2230 
f 2318/2732/2230 2319/2733/2231 2325/2739/2235 
f 2325/2739/2235 2324/2738/2234 2318/2732/2230 
f 2302/2716/2218 2324/2738/2234 2325/2739/2235 
f 2325/2739/2235 2305/2719/2221 2302/2716/2218 
f 2027/2402/1955 2040/2419/1968 2324/2738/2234 
f 2324/2738/2234 2302/2716/2218 2027/2402/1955 
f 2326/2740/2236 1944/2303/1872 1945/2306/1873 
f 1945/2306/1873 1952/2314/1880 2326/2740/2236 
f 1952/2314/1880 1951/2313/1879 2327/2741/2237 
f 2327/2741/2237 2326/2740/2236 1952/2314/1880 
f 2326/2740/2236 2327/2741/2237 2316/2730/2228 
f 2316/2730/2228 2314/2728/2226 2326/2740/2236 
f 1944/2303/1872 2326/2740/2236 2314/2728/2226 
f 2314/2728/2226 1946/2307/1874 1944/2303/1872 
f 2328/2742/2238 2329/2743/1678 2330/2744/2239 
f 2330/2744/2239 2331/2745/2240 2328/2742/2238 
f 1977/2346/1905 2329/2743/1678 2328/2742/2238 
f 2328/2742/2238 1939/2298/1867 1977/2346/1905 
f 1981/2350/1909 2320/2734/1678 2329/2743/1678 
f 2329/2743/1678 1977/2346/1905 1981/2350/1909 
f 2330/2744/2239 2329/2743/1678 2320/2734/1678 
f 2320/2734/1678 2323/2737/2233 2330/2744/2239 
f 2332/2746/2241 1983/2352/1911 2333/2747/2242 
f 2333/2747/2242 2334/2748/2243 2332/2746/2241 
f 2334/2748/2243 2333/2747/2242 1951/2313/1879 
f 1951/2313/1879 1950/2312/1878 2334/2748/2243 
f 2334/2748/2243 1950/2312/1878 1956/2318/1884 
f 1956/2318/1884 2335/2749/2244 2334/2748/2243 
f 2332/2746/2241 2334/2748/2243 2335/2749/2244 
f 2335/2749/2244 2336/2750/2245 2332/2746/2241 
f 2337/2751/2246 2338/2752/2247 2339/2753/2248 
f 2339/2753/2248 2340/2754/2249 2337/2751/2246 
f 2337/2751/2246 2340/2754/2249 1933/2292/1861 
f 1933/2292/1861 1935/2294/1863 2337/2751/2246 
f 1939/2298/1867 2328/2742/2238 2337/2751/2246 
f 2337/2751/2246 1935/2294/1863 1939/2298/1867 
f 2338/2752/2247 2337/2751/2246 2328/2742/2238 
f 2328/2742/2238 2331/2745/2240 2338/2752/2247 
f 2341/2755/2250 2342/2756/2251 2343/2757/2252 
f 2343/2757/2252 2344/2758/2253 2341/2755/2250 
f 2341/2755/2250 2344/2758/2253 1925/2279/1853 
f 1925/2279/1853 1928/2282/1856 2341/2755/2250 
f 1933/2292/1861 2340/2754/2249 2341/2759/2250 
f 2341/2759/2250 1928/2291/1856 1933/2292/1861 
f 2342/2760/2251 2341/2759/2250 2340/2754/2249 
f 2340/2754/2249 2339/2753/2248 2342/2760/2251 
f 2345/2761/2254 2346/2762/2255 2347/2763/2256 
f 2347/2763/2256 2348/2764/2257 2345/2761/2254 
f 2345/2761/2254 2343/2757/2252 2342/2756/2251 
f 2342/2756/2251 2346/2762/2255 2345/2761/2254 
f 2339/2753/2248 2349/2765/2258 2346/2766/2255 
f 2346/2766/2255 2342/2760/2251 2339/2753/2248 
f 2347/2767/2256 2346/2766/2255 2349/2765/2258 
f 2349/2765/2258 2350/2768/2259 2347/2767/2256 
f 2349/2765/2258 2351/2769/2260 2352/2770/2261 
f 2352/2770/2261 2350/2768/2259 2349/2765/2258 
f 2338/2752/2247 2351/2769/2260 2349/2765/2258 
f 2349/2765/2258 2339/2753/2248 2338/2752/2247 
f 2331/2745/2240 2353/2771/2262 2351/2769/2260 
f 2351/2769/2260 2338/2752/2247 2331/2745/2240 
f 2352/2770/2261 2351/2769/2260 2353/2771/2262 
f 2353/2771/2262 1995/2366/1923 2352/2770/2261 
f 1963/2325/1891 1964/2328/1892 1984/2353/1912 
f 1984/2353/1912 2354/2772/2263 1963/2325/1891 
f 1983/2352/1911 2332/2746/2241 2354/2772/2263 
f 2354/2772/2263 1984/2353/1912 1983/2352/1911 
f 2332/2746/2241 2336/2750/2245 2355/2773/2264 
f 2355/2773/2264 2354/2772/2263 2332/2746/2241 
f 1963/2325/1891 2354/2772/2263 2355/2773/2264 
f 2355/2773/2264 1965/2329/1893 1963/2325/1891 
f 1994/2363/1922 1995/2366/1923 2353/2771/2262 
f 2353/2771/2262 2356/2774/2265 1994/2363/1922 
f 2353/2771/2262 2331/2745/2240 2330/2744/2239 
f 2330/2744/2239 2356/2774/2265 2353/2771/2262 
f 2330/2744/2239 2323/2737/2233 2357/2775/2266 
f 2357/2775/2266 2356/2774/2265 2330/2744/2239 
f 1996/2367/1924 1994/2363/1922 2356/2774/2265 
f 2356/2774/2265 2357/2775/2266 1996/2367/1924 
f 2358/2776/2267 2019/2391/1947 1996/2367/1924 
f 1996/2367/1924 2357/2775/2266 2358/2776/2267 
f 2357/2775/2266 2323/2737/2233 2322/2736/2232 
f 2322/2736/2232 2358/2776/2267 2357/2775/2266 
f 2322/2736/2232 2310/2724/2224 2359/2777/2268 
f 2359/2777/2268 2358/2776/2267 2322/2736/2232 
f 2020/2393/1948 2019/2391/1947 2358/2776/2267 
f 2358/2776/2267 2359/2777/2268 2020/2393/1948 
f 2360/2778/2269 2034/2412/1962 2020/2393/1948 
f 2020/2393/1948 2359/2777/2268 2360/2778/2269 
f 2359/2777/2268 2310/2724/2224 2313/2727/2225 
f 2313/2727/2225 2360/2778/2269 2359/2777/2268 
f 2313/2727/2225 2307/2721/2223 2361/2779/2270 
f 2361/2779/2270 2360/2778/2269 2313/2727/2225 
f 2035/2413/1963 2034/2412/1962 2360/2778/2269 
f 2360/2778/2269 2361/2779/2270 2035/2413/1963 
f 2362/2780/2271 2067/2449/1995 2035/2413/1963 
f 2035/2413/1963 2361/2779/2270 2362/2780/2271 
f 2361/2779/2270 2307/2721/2223 2306/2720/2222 
f 2306/2720/2222 2362/2780/2271 2361/2779/2270 
f 2306/2720/2222 2299/2713/2215 2363/2781/2272 
f 2363/2781/2272 2362/2780/2271 2306/2720/2222 
f 2363/2781/2272 2068/2451/1996 2067/2449/1995 
f 2067/2449/1995 2362/2780/2271 2363/2781/2272 
f 2068/2451/1996 2363/2781/2272 2364/2782/2273 
f 2364/2782/2273 2091/2475/2019 2068/2451/1996 
f 2363/2781/2272 2299/2713/2215 2298/2712/2214 
f 2298/2712/2214 2364/2782/2273 2363/2781/2272 
f 2364/2782/2273 2298/2712/2214 2289/2703/2207 
f 2289/2703/2207 2365/2783/2274 2364/2782/2273 
f 2365/2783/2274 2092/2477/2020 2091/2475/2019 
f 2091/2475/2019 2364/2782/2273 2365/2783/2274 
f 2092/2477/2020 2365/2783/2274 2366/2784/2275 
f 2366/2784/2275 2106/2495/2034 2092/2477/2020 
f 2365/2783/2274 2289/2703/2207 2288/2702/2206 
f 2288/2702/2206 2366/2784/2275 2365/2783/2274 
f 2281/2695/2203 2367/2785/2276 2366/2784/2275 
f 2366/2784/2275 2288/2702/2206 2281/2695/2203 
f 2107/2497/2035 2106/2495/2034 2366/2784/2275 
f 2366/2784/2275 2367/2785/2276 2107/2497/2035 
f 2368/2786/2277 2369/2787/2278 2157/2552/2085 
f 2157/2552/2085 2140/2533/2068 2368/2786/2277 
f 2283/2697/2204 2285/2699/2205 2369/2787/2278 
f 2369/2787/2278 2368/2786/2277 2283/2697/2204 
f 2369/2787/2278 2285/2699/2205 2262/2676/2188 
f 2262/2676/2188 2370/2788/2279 2369/2787/2278 
f 2370/2788/2279 2158/2553/2086 2157/2552/2085 
f 2157/2552/2085 2369/2787/2278 2370/2788/2279 
f 2371/2789/2280 2139/2532/2067 2107/2497/2035 
f 2107/2497/2035 2367/2785/2276 2371/2789/2280 
f 2367/2785/2276 2281/2695/2203 2280/2694/2202 
f 2280/2694/2202 2371/2789/2280 2367/2785/2276 
f 2283/2697/2204 2368/2786/2277 2371/2789/2280 
f 2371/2789/2280 2280/2694/2202 2283/2697/2204 
f 2140/2533/2068 2139/2532/2067 2371/2789/2280 
f 2371/2789/2280 2368/2786/2277 2140/2533/2068 
f 2158/2553/2086 2370/2788/2279 2372/2790/2281 
f 2372/2790/2281 2178/2580/2106 2158/2553/2086 
f 2262/2676/2188 2265/2679/2189 2372/2790/2281 
f 2372/2790/2281 2370/2788/2279 2262/2676/2188 
f 2257/2671/2185 2373/2791/2282 2372/2790/2281 
f 2372/2790/2281 2265/2679/2189 2257/2671/2185 
f 2178/2580/2106 2372/2790/2281 2373/2791/2282 
f 2373/2791/2282 2179/2581/2107 2178/2580/2106 
f 2179/2581/2107 2373/2791/2282 2374/2792/2283 
f 2374/2792/2283 2211/2615/2139 2179/2581/2107 
f 2374/2792/2283 2373/2791/2282 2257/2671/2185 
f 2257/2671/2185 2256/2670/2184 2374/2792/2283 
f 2242/2654/2170 2375/2793/2284 2374/2792/2283 
f 2374/2792/2283 2256/2670/2184 2242/2654/2170 
f 2211/2615/2139 2374/2792/2283 2375/2793/2284 
f 2375/2793/2284 2212/2617/2140 2211/2615/2139 
f 2376/2794/2285 2377/2795/2286 2378/2796/2287 
f 2378/2796/2287 2379/2797/2288 2376/2794/2285 
f 2248/2660/2176 2378/2796/2287 2377/2795/2286 
f 2377/2795/2286 2245/2657/2173 2248/2660/2176 
f 2198/2602/2126 2378/2798/2287 2248/2663/2176 
f 2248/2663/2176 2199/2603/2127 2198/2602/2126 
f 2198/2602/2126 2197/2601/2125 2379/2799/2288 
f 2379/2799/2288 2378/2798/2287 2198/2602/2126 
f 2380/2800/2289 2226/2635/2154 2212/2617/2140 
f 2212/2617/2140 2375/2793/2284 2380/2800/2289 
f 2375/2793/2284 2242/2654/2170 2241/2653/2169 
f 2241/2653/2169 2380/2800/2289 2375/2793/2284 
f 2241/2653/2169 2244/2656/2172 2381/2801/2290 
f 2381/2801/2290 2380/2800/2289 2241/2653/2169 
f 2381/2801/2290 2227/2637/2155 2226/2635/2154 
f 2226/2635/2154 2380/2800/2289 2381/2801/2290 
f 2382/2802/1572 2253/2667/2181 2252/2666/2180 
f 2252/2666/2180 2383/2803/1572 2382/2802/1572 
f 2383/2803/1572 2151/2545/2079 2207/2611/2135 
f 2207/2611/2135 2382/2802/1572 2383/2803/1572 
f 2382/2802/1572 2207/2611/2135 2194/2598/2122 
f 2194/2598/2122 2384/2804/2291 2382/2802/1572 
f 2384/2804/2291 2255/2669/2183 2253/2667/2181 
f 2253/2667/2181 2382/2802/1572 2384/2804/2291 
f 2261/2675/2187 2255/2669/2183 2384/2804/2291 
f 2384/2804/2291 2385/2805/2292 2261/2675/2187 
f 2193/2597/2121 2385/2805/2292 2384/2804/2291 
f 2384/2804/2291 2194/2598/2122 2193/2597/2121 
f 2249/2662/2177 2385/2805/2292 2193/2597/2121 
f 2193/2597/2121 2199/2603/2127 2249/2662/2177 
f 2249/2662/2177 2223/2631/2151 2261/2675/2187 
f 2261/2675/2187 2385/2805/2292 2249/2662/2177 
f 2268/2682/2192 2386/2806/1572 2387/2807/1572 
f 2387/2807/1572 2269/2683/2193 2268/2682/2192 
f 2387/2807/1572 2386/2806/1572 2136/2528/2064 
f 2136/2528/2064 2153/2547/2081 2387/2807/1572 
f 2388/2808/1572 2387/2807/1572 2153/2547/2081 
f 2153/2547/2081 2143/2537/2071 2388/2808/1572 
f 2387/2807/1572 2388/2808/1572 2270/2684/2194 
f 2270/2684/2194 2269/2683/2193 2387/2807/1572 
f 2270/2684/2194 2388/2808/1572 2389/2809/1572 
f 2389/2809/1572 2273/2687/2197 2270/2684/2194 
f 2146/2540/2074 2389/2809/1572 2388/2808/1572 
f 2388/2808/1572 2143/2537/2071 2146/2540/2074 
f 2383/2803/1572 2389/2809/1572 2146/2540/2074 
f 2146/2540/2074 2151/2545/2079 2383/2803/1572 
f 2383/2803/1572 2252/2666/2180 2273/2687/2197 
f 2273/2687/2197 2389/2809/1572 2383/2803/1572 
f 2390/2810/1572 2277/2691/2201 2276/2690/2200 
f 2276/2690/2200 2391/2811/1572 2390/2810/1572 
f 2132/2524/2060 2390/2810/1572 2391/2811/1572 
f 2391/2811/1572 2079/2463/2007 2132/2524/2060 
f 2136/2528/2064 2386/2806/1572 2390/2810/1572 
f 2390/2810/1572 2132/2524/2060 2136/2528/2064 
f 2390/2810/1572 2386/2806/1572 2268/2682/2192 
f 2268/2682/2192 2277/2691/2201 2390/2810/1572 
f 2392/2812/1572 2293/2707/2211 2292/2706/2210 
f 2292/2706/2210 2393/2813/1572 2392/2812/1572 
f 2392/2812/1572 2393/2813/1572 2064/2446/1992 
f 2064/2446/1992 2087/2471/2015 2392/2812/1572 
f 2074/2458/2002 2394/2814/1572 2392/2812/1572 
f 2392/2812/1572 2087/2471/2015 2074/2458/2002 
f 2294/2708/2212 2293/2707/2211 2392/2812/1572 
f 2392/2812/1572 2394/2814/1572 2294/2708/2212 
f 2395/2815/1572 2301/2715/2217 2294/2708/2212 
f 2294/2708/2212 2394/2814/1572 2395/2815/1572 
f 2395/2815/1572 2394/2814/1572 2074/2458/2002 
f 2074/2458/2002 2073/2457/2001 2395/2815/1572 
f 2079/2463/2007 2391/2811/1572 2395/2815/1572 
f 2395/2815/1572 2073/2457/2001 2079/2463/2007 
f 2276/2690/2200 2301/2715/2217 2395/2815/1572 
f 2395/2815/1572 2391/2811/1572 2276/2690/2200 
f 2396/2816/1572 2304/2718/2220 2305/2719/2221 
f 2305/2719/2221 2397/2817/1572 2396/2816/1572 
f 2060/2442/1988 2396/2816/1572 2397/2817/1572 
f 2397/2817/1572 2007/2379/1935 2060/2442/1988 
f 2393/2813/1572 2396/2816/1572 2060/2442/1988 
f 2060/2442/1988 2064/2446/1992 2393/2813/1572 
f 2292/2706/2210 2304/2718/2220 2396/2816/1572 
f 2396/2816/1572 2393/2813/1572 2292/2706/2210 
f 2316/2730/2228 2398/2818/1572 2399/2819/1572 
f 2399/2819/1572 2317/2731/2229 2316/2730/2228 
f 2399/2819/1572 2398/2818/1572 1989/2358/1917 
f 1989/2358/1917 2015/2387/1943 2399/2819/1572 
f 2001/2373/1929 2400/2820/1572 2399/2819/1572 
f 2399/2819/1572 2015/2387/1943 2001/2373/1929 
f 2319/2733/2231 2317/2731/2229 2399/2819/1572 
f 2399/2819/1572 2400/2820/1572 2319/2733/2231 
f 2401/2821/1572 2325/2739/2235 2319/2733/2231 
f 2319/2733/2231 2400/2820/1572 2401/2821/1572 
f 2401/2821/1572 2400/2820/1572 2001/2373/1929 
f 2001/2373/1929 2000/2372/1928 2401/2821/1572 
f 2397/2817/1572 2401/2821/1572 2000/2372/1928 
f 2000/2372/1928 2007/2379/1935 2397/2817/1572 
f 2305/2719/2221 2325/2739/2235 2401/2821/1572 
f 2401/2821/1572 2397/2817/1572 2305/2719/2221 
f 2402/2822/1572 2327/2741/2237 1951/2313/1879 
f 1951/2313/1879 2333/2747/2242 2402/2822/1572 
f 1983/2352/1911 1982/2351/1910 2402/2822/1572 
f 2402/2822/1572 2333/2747/2242 1983/2352/1911 
f 2398/2818/1572 2402/2822/1572 1982/2351/1910 
f 1982/2351/1910 1989/2358/1917 2398/2818/1572 
f 2316/2730/2228 2327/2741/2237 2402/2822/1572 
f 2402/2822/1572 2398/2818/1572 2316/2730/2228 
f 2403/2823/2293 2404/2824/2294 2229/2640/2157 
f 2229/2640/2157 2405/2825/2295 2403/2823/2293 
f 2403/2823/2293 2405/2825/2295 2406/2826/2296 
f 2406/2826/2296 2407/2827/2297 2403/2823/2293 
f 2403/2823/2293 2407/2827/2297 2245/2657/2173 
f 2245/2657/2173 2377/2795/2286 2403/2823/2293 
f 2403/2823/2293 2377/2795/2286 2376/2794/2285 
f 2376/2794/2285 2404/2824/2294 2403/2823/2293 
f 1958/2330/1886 1965/2329/1893 2355/2773/2264 
f 2355/2773/2264 2408/2828/2298 1958/2330/1886 
f 2409/2829/2299 2408/2828/2298 2355/2773/2264 
f 2355/2773/2264 2336/2750/2245 2409/2829/2299 
f 2408/2830/2298 2409/2831/2299 2410/2832/2300 
f 2410/2832/2300 2411/2833/2301 2408/2830/2298 
f 1958/2320/1886 2408/2830/2298 2411/2833/2301 
f 2411/2833/2301 1959/2321/1887 1958/2320/1886 
f 2335/2749/2244 2412/2834/2302 2409/2829/2299 
f 2409/2829/2299 2336/2750/2245 2335/2749/2244 
f 2413/2835/2303 2412/2834/2302 2335/2749/2244 
f 2335/2749/2244 1956/2318/1884 2413/2835/2303 
f 2412/2836/2302 2413/2837/2303 2414/2838/2304 
f 2414/2838/2304 2415/2839/2305 2412/2836/2302 
f 2415/2839/2305 2410/2832/2300 2409/2831/2299 
f 2409/2831/2299 2412/2836/2302 2415/2839/2305 
f 2406/2826/2296 2416/2840/2306 2417/2841/2307 
f 2417/2841/2307 2407/2827/2297 2406/2826/2296 
f 2418/2842/2308 2417/2841/2307 2416/2840/2306 
f 2416/2840/2306 2419/2843/2309 2418/2842/2308 
f 2418/2842/2308 2216/2622/2144 2246/2658/2174 
f 2246/2658/2174 2417/2841/2307 2418/2842/2308 
f 2407/2827/2297 2417/2841/2307 2246/2658/2174 
f 2246/2658/2174 2245/2657/2173 2407/2827/2297 
f 2420/2844/2310 2421/2845/2311 2422/2846/2312 
f 2422/2846/2312 2423/2847/2313 2420/2844/2310 
f 2231/2642/2159 2420/2844/2310 2423/2847/2313 
f 2423/2847/2313 2175/2576/2103 2231/2642/2159 
f 2220/2626/2148 2424/2848/2314 2420/2844/2310 
f 2420/2844/2310 2231/2642/2159 2220/2626/2148 
f 2425/2849/2315 2421/2845/2311 2420/2844/2310 
f 2420/2844/2310 2424/2848/2314 2425/2849/2315 
f 2426/2850/2316 2427/2851/2317 2195/2599/2123 
f 2195/2599/2123 2196/2600/2124 2426/2850/2316 
f 2428/2852/2318 2427/2853/2317 2426/2854/2316 
f 2426/2854/2316 2429/2855/2319 2428/2852/2318 
f 2427/2853/2317 2428/2852/2318 2376/2794/2285 
f 2376/2794/2285 2379/2797/2288 2427/2853/2317 
f 2195/2599/2123 2427/2851/2317 2379/2799/2288 
f 2379/2799/2288 2197/2601/2125 2195/2599/2123 
f 2419/2843/2309 2430/2856/2320 2431/2857/2321 
f 2431/2857/2321 2418/2842/2308 2419/2843/2309 
f 2431/2857/2321 2430/2856/2320 2425/2849/2315 
f 2425/2849/2315 2424/2848/2314 2431/2857/2321 
f 2220/2626/2148 2217/2623/2145 2431/2857/2321 
f 2431/2857/2321 2424/2848/2314 2220/2626/2148 
f 2418/2842/2308 2431/2857/2321 2217/2623/2145 
f 2217/2623/2145 2216/2622/2144 2418/2842/2308 
f 2208/2612/2136 2149/2543/2077 2432/2858/2322 
f 2432/2858/2322 2433/2859/2323 2208/2612/2136 
f 2432/2860/2322 2434/2861/2324 2435/2862/2325 
f 2435/2862/2325 2433/2863/2323 2432/2860/2322 
f 2426/2854/2316 2433/2863/2323 2435/2862/2325 
f 2435/2862/2325 2429/2855/2319 2426/2854/2316 
f 2208/2612/2136 2433/2859/2323 2426/2850/2316 
f 2426/2850/2316 2196/2600/2124 2208/2612/2136 
f 2436/2864/2326 2437/2865/2327 2438/2866/2328 
f 2438/2866/2328 2439/2867/2329 2436/2864/2326 
f 2182/2585/2110 2438/2866/2328 2437/2865/2327 
f 2437/2865/2327 2166/2564/2094 2182/2585/2110 
f 2438/2866/2328 2182/2585/2110 2169/2567/2097 
f 2169/2567/2097 2440/2868/2330 2438/2866/2328 
f 2438/2866/2328 2440/2868/2330 2441/2869/2331 
f 2441/2869/2331 2439/2867/2329 2438/2866/2328 
f 2147/2541/2075 2442/2870/2332 2443/2871/2333 
f 2443/2871/2333 2148/2542/2076 2147/2541/2075 
f 2442/2872/2332 2444/2873/2334 2445/2874/2335 
f 2445/2874/2335 2443/2875/2333 2442/2872/2332 
f 2443/2875/2333 2445/2874/2335 2434/2861/2324 
f 2434/2861/2324 2432/2860/2322 2443/2875/2333 
f 2148/2542/2076 2443/2871/2333 2432/2858/2322 
f 2432/2858/2322 2149/2543/2077 2148/2542/2076 
f 2441/2869/2331 2440/2868/2330 2446/2876/2336 
f 2446/2876/2336 2447/2877/2337 2441/2869/2331 
f 2446/2876/2336 2440/2868/2330 2169/2567/2097 
f 2169/2567/2097 2168/2566/2096 2446/2876/2336 
f 2175/2576/2103 2423/2847/2313 2446/2876/2336 
f 2446/2876/2336 2168/2566/2096 2175/2576/2103 
f 2446/2876/2336 2423/2847/2313 2422/2846/2312 
f 2422/2846/2312 2447/2877/2337 2446/2876/2336 
f 2448/2878/2338 2449/2879/2339 2450/2880/2340 
f 2450/2880/2340 2451/2881/2341 2448/2878/2338 
f 2449/2879/2339 2103/2491/2031 2162/2558/2090 
f 2162/2558/2090 2450/2880/2340 2449/2879/2339 
f 2437/2865/2327 2450/2880/2340 2162/2558/2090 
f 2162/2558/2090 2166/2564/2094 2437/2865/2327 
f 2450/2880/2340 2437/2865/2327 2436/2864/2326 
f 2436/2864/2326 2451/2881/2341 2450/2880/2340 
f 2452/2882/2342 2154/2548/2082 2134/2526/2062 
f 2134/2526/2062 2453/2883/2343 2452/2882/2342 
f 2454/2884/2344 2452/2885/2342 2453/2886/2343 
f 2453/2886/2343 2455/2887/2345 2454/2884/2344 
f 2444/2873/2334 2442/2872/2332 2452/2885/2342 
f 2452/2885/2342 2454/2884/2344 2444/2873/2334 
f 2442/2870/2332 2147/2541/2075 2154/2548/2082 
f 2154/2548/2082 2452/2882/2342 2442/2870/2332 
f 2456/2888/2346 2133/2525/2061 2077/2461/2005 
f 2077/2461/2005 2457/2889/2347 2456/2888/2346 
f 2457/2890/2347 2458/2891/2348 2459/2892/2349 
f 2459/2892/2349 2456/2893/2346 2457/2890/2347 
f 2453/2886/2343 2456/2893/2346 2459/2892/2349 
f 2459/2892/2349 2455/2887/2345 2453/2886/2343 
f 2453/2883/2343 2134/2526/2062 2133/2525/2061 
f 2133/2525/2061 2456/2888/2346 2453/2883/2343 
f 2460/2894/2350 2461/2895/2351 2462/2896/2352 
f 2462/2896/2352 2463/2897/2353 2460/2894/2350 
f 2460/2894/2350 2463/2897/2353 2052/2433/1980 
f 2052/2433/1980 2111/2502/2039 2460/2894/2350 
f 2098/2484/2026 2464/2898/2354 2460/2894/2350 
f 2460/2894/2350 2111/2502/2039 2098/2484/2026 
f 2460/2894/2350 2464/2898/2354 2465/2899/2355 
f 2465/2899/2355 2461/2895/2351 2460/2894/2350 
f 2466/2900/2356 2075/2459/2003 2076/2460/2004 
f 2076/2460/2004 2467/2901/2357 2466/2900/2356 
f 2468/2902/2358 2469/2903/2359 2466/2904/2356 
f 2466/2904/2356 2467/2905/2357 2468/2902/2358 
f 2458/2891/2348 2457/2890/2347 2466/2904/2356 
f 2466/2904/2356 2469/2903/2359 2458/2891/2348 
f 2077/2461/2005 2075/2459/2003 2466/2900/2356 
f 2466/2900/2356 2457/2889/2347 2077/2461/2005 
f 2470/2906/2360 2471/2907/2361 2465/2899/2355 
f 2465/2899/2355 2464/2898/2354 2470/2906/2360 
f 2098/2484/2026 2097/2483/2025 2470/2906/2360 
f 2470/2906/2360 2464/2898/2354 2098/2484/2026 
f 2097/2483/2025 2103/2491/2031 2449/2879/2339 
f 2449/2879/2339 2470/2906/2360 2097/2483/2025 
f 2449/2879/2339 2448/2878/2338 2471/2907/2361 
f 2471/2907/2361 2470/2906/2360 2449/2879/2339 
f 2472/2908/2362 2088/2472/2016 2063/2445/1991 
f 2063/2445/1991 2473/2909/2363 2472/2908/2362 
f 2472/2910/2362 2473/2911/2363 2474/2912/2364 
f 2474/2912/2364 2475/2913/2365 2472/2910/2362 
f 2472/2910/2362 2475/2913/2365 2468/2902/2358 
f 2468/2902/2358 2467/2905/2357 2472/2910/2362 
f 2088/2472/2016 2472/2908/2362 2467/2901/2357 
f 2467/2901/2357 2076/2460/2004 2088/2472/2016 
f 2476/2914/2366 2477/2915/2367 2061/2443/1989 
f 2061/2443/1989 2005/2377/1933 2476/2914/2366 
f 2478/2916/2368 2479/2917/2369 2477/2918/2367 
f 2477/2918/2367 2476/2919/2366 2478/2916/2368 
f 2477/2918/2367 2479/2917/2369 2474/2912/2364 
f 2474/2912/2364 2473/2911/2363 2477/2918/2367 
f 2063/2445/1991 2061/2443/1989 2477/2915/2367 
f 2477/2915/2367 2473/2909/2363 2063/2445/1991 
f 2480/2920/2370 2481/2921/2371 2482/2922/2372 
f 2482/2922/2372 2483/2923/2373 2480/2920/2370 
f 2031/2408/1959 2048/2428/1976 2481/2921/2371 
f 2481/2921/2371 2480/2920/2370 2031/2408/1959 
f 2481/2921/2371 2048/2428/1976 2052/2433/1980 
f 2052/2433/1980 2463/2897/2353 2481/2921/2371 
f 2463/2897/2353 2462/2896/2352 2482/2922/2372 
f 2482/2922/2372 2481/2921/2371 2463/2897/2353 
f 2484/2924/2374 2485/2925/2375 2486/2926/2376 
f 2486/2926/2376 2487/2927/2377 2484/2924/2374 
f 2486/2926/2376 2485/2925/2375 1975/2344/1903 
f 1975/2344/1903 2039/2418/1967 2486/2926/2376 
f 2023/2397/1951 2488/2928/2378 2486/2926/2376 
f 2486/2926/2376 2039/2418/1967 2023/2397/1951 
f 2489/2929/2379 2487/2927/2377 2486/2926/2376 
f 2486/2926/2376 2488/2928/2378 2489/2929/2379 
f 2490/2930/2380 2491/2931/2381 2004/2376/1932 
f 2004/2376/1932 2003/2375/1931 2490/2930/2380 
f 2491/2932/2381 2490/2933/2380 2492/2934/2382 
f 2492/2934/2382 2493/2935/2383 2491/2932/2381 
f 2478/2916/2368 2476/2919/2366 2491/2932/2381 
f 2491/2932/2381 2493/2935/2383 2478/2916/2368 
f 2004/2376/1932 2491/2931/2381 2476/2914/2366 
f 2476/2914/2366 2005/2377/1933 2004/2376/1932 
f 2489/2929/2379 2488/2928/2378 2494/2936/2384 
f 2494/2936/2384 2495/2937/2385 2489/2929/2379 
f 2488/2928/2378 2023/2397/1951 2026/2400/1954 
f 2026/2400/1954 2494/2936/2384 2488/2928/2378 
f 2480/2920/2370 2494/2936/2384 2026/2400/1954 
f 2026/2400/1954 2031/2408/1959 2480/2920/2370 
f 2494/2936/2384 2480/2920/2370 2483/2923/2373 
f 2483/2923/2373 2495/2937/2385 2494/2936/2384 
f 1988/2357/1916 2496/2938/2386 2497/2939/2387 
f 2497/2939/2387 2016/2388/1944 1988/2357/1916 
f 2497/2940/2387 2496/2941/2386 2498/2942/2388 
f 2498/2942/2388 2499/2943/2389 2497/2940/2387 
f 2492/2934/2382 2490/2933/2380 2497/2940/2387 
f 2497/2940/2387 2499/2943/2389 2492/2934/2382 
f 2490/2930/2380 2003/2375/1931 2016/2388/1944 
f 2016/2388/1944 2497/2939/2387 2490/2930/2380 
f 1964/2328/1892 1961/2327/1889 2500/2944/2390 
f 2500/2944/2390 1986/2355/1914 1964/2328/1892 
f 2501/2945/2391 2500/2946/2390 1961/2323/1889 
f 1961/2323/1889 1962/2324/1890 2501/2945/2391 
f 2498/2942/2388 2496/2941/2386 2500/2946/2390 
f 2500/2946/2390 2501/2945/2391 2498/2942/2388 
f 2500/2944/2390 2496/2938/2386 1988/2357/1916 
f 1988/2357/1916 1986/2355/1914 2500/2944/2390 
f 2502/2947/2392 2503/2948/2393 2504/2949/2394 
f 2504/2949/2394 2505/2950/2395 2502/2947/2392 
f 2502/2947/2392 2505/2950/2395 1948/2310/1876 
f 1948/2310/1876 1970/2337/1898 2502/2947/2392 
f 1975/2344/1903 2485/2925/2375 2502/2947/2392 
f 2502/2947/2392 1970/2337/1898 1975/2344/1903 
f 2484/2924/2374 2503/2948/2393 2502/2947/2392 
f 2502/2947/2392 2485/2925/2375 2484/2924/2374 
f 2506/2951/2396 2507/2952/2397 2508/2953/2398 
f 2508/2953/2398 2509/2954/2399 2506/2951/2396 
f 2510/2955/2400 2506/2951/2396 2509/2954/2399 
f 2509/2954/2399 1930/2286/1858 2510/2955/2400 
f 1969/2334/1897 1967/2332/1895 2506/2951/2396 
f 2506/2951/2396 2510/2955/2400 1969/2334/1897 
f 2506/2951/2396 1967/2332/1895 1943/2302/1871 
f 1943/2302/1871 2507/2952/2397 2506/2951/2396 
f 2511/2956/2401 2512/2957/2402 2348/2764/2257 
f 2348/2764/2257 2513/2958/2403 2511/2956/2401 
f 2514/2959/2404 2511/2956/2401 2513/2958/2403 
f 2513/2958/2403 1991/2360/1919 2514/2959/2404 
f 1962/2324/1890 1960/2322/1888 2511/2956/2401 
f 2511/2956/2401 2514/2959/2404 1962/2324/1890 
f 2512/2957/2402 2511/2956/2401 1960/2322/1888 
f 1960/2322/1888 1959/2321/1887 2512/2957/2402 
f 2508/2953/2398 2507/2952/2397 2515/2960/2405 
f 2515/2960/2405 2516/2961/2406 2508/2953/2398 
f 1942/2301/1870 2515/2960/2405 2507/2952/2397 
f 2507/2952/2397 1943/2302/1871 1942/2301/1870 
f 2515/2960/2405 1942/2301/1870 1948/2310/1876 
f 1948/2310/1876 2505/2950/2395 2515/2960/2405 
f 2515/2960/2405 2505/2950/2395 2504/2949/2394 
f 2504/2949/2394 2516/2961/2406 2515/2960/2405 
f 2413/2835/2303 1956/2318/1884 1955/2317/1883 
f 1955/2317/1883 2517/2962/2407 2413/2835/2303 
f 1955/2317/1883 1954/2316/1882 1968/2336/1896 
f 1968/2336/1896 2517/2962/2407 1955/2317/1883 
f 2517/2963/2407 1968/2333/1896 1969/2334/1897 
f 1969/2334/1897 2518/2964/2408 2517/2963/2407 
f 2517/2965/2407 2518/2966/2408 2414/2838/2304 
f 2414/2838/2304 2413/2837/2303 2517/2965/2407 
f 2519/2967/2409 1978/2347/1906 1937/2296/1865 
f 1937/2296/1865 2520/2968/2410 2519/2967/2409 
f 2516/2961/2406 2519/2969/2409 2520/2970/2410 
f 2520/2970/2410 2508/2953/2398 2516/2961/2406 
f 2521/2971/2411 2519/2969/2409 2516/2961/2406 
f 2516/2961/2406 2504/2949/2394 2521/2971/2411 
f 1978/2347/1906 2519/2967/2409 2521/2972/2411 
f 2521/2972/2411 1979/2348/1907 1978/2347/1906 
f 2350/2768/2259 2352/2770/2261 2522/2973/2412 
f 2522/2973/2412 2347/2767/2256 2350/2768/2259 
f 1992/2365/1920 2522/2973/2412 2352/2770/2261 
f 2352/2770/2261 1995/2366/1923 1992/2365/1920 
f 1991/2360/1919 2513/2958/2403 2522/2974/2412 
f 2522/2974/2412 1992/2361/1920 1991/2360/1919 
f 2348/2764/2257 2347/2763/2256 2522/2974/2412 
f 2522/2974/2412 2513/2958/2403 2348/2764/2257 
f 2523/2975/2413 2520/2968/2410 1937/2296/1865 
f 1937/2296/1865 1936/2295/1864 2523/2975/2413 
f 1936/2295/1864 1931/2289/1859 1929/2288/1857 
f 1929/2288/1857 2523/2975/2413 1936/2295/1864 
f 2523/2976/2413 1929/2283/1857 1930/2286/1858 
f 1930/2286/1858 2509/2954/2399 2523/2976/2413 
f 2523/2976/2413 2509/2954/2399 2508/2953/2398 
f 2508/2953/2398 2520/2970/2410 2523/2976/2413 
f 2521/2972/2411 2524/2977/2414 2010/2382/1938 
f 2010/2382/1938 1979/2348/1907 2521/2972/2411 
f 2504/2949/2394 2503/2948/2393 2524/2978/2414 
f 2524/2978/2414 2521/2971/2411 2504/2949/2394 
f 2484/2924/2374 2525/2979/2415 2524/2978/2414 
f 2524/2978/2414 2503/2948/2393 2484/2924/2374 
f 2010/2382/1938 2524/2977/2414 2525/2980/2415 
f 2525/2980/2415 2012/2384/1940 2010/2382/1938 
f 2526/2981/2416 2527/2982/2417 2055/2437/1983 
f 2055/2437/1983 2045/2425/1973 2526/2981/2416 
f 2527/2983/2417 2526/2984/2416 2489/2929/2379 
f 2489/2929/2379 2495/2937/2385 2527/2983/2417 
f 2495/2937/2385 2483/2923/2373 2528/2985/2418 
f 2528/2985/2418 2527/2983/2417 2495/2937/2385 
f 2055/2437/1983 2527/2982/2417 2528/2986/2418 
f 2528/2986/2418 2056/2438/1984 2055/2437/1983 
f 2529/2987/2419 2043/2423/1971 2012/2384/1940 
f 2012/2384/1940 2525/2980/2415 2529/2987/2419 
f 2484/2924/2374 2487/2927/2377 2529/2988/2419 
f 2529/2988/2419 2525/2979/2415 2484/2924/2374 
f 2489/2929/2379 2526/2984/2416 2529/2988/2419 
f 2529/2988/2419 2487/2927/2377 2489/2929/2379 
f 2045/2425/1973 2043/2423/1971 2529/2987/2419 
f 2529/2987/2419 2526/2981/2416 2045/2425/1973 
f 2056/2438/1984 2528/2986/2418 2530/2989/2420 
f 2530/2989/2420 2082/2466/2010 2056/2438/1984 
f 2528/2985/2418 2483/2923/2373 2482/2922/2372 
f 2482/2922/2372 2530/2990/2420 2528/2985/2418 
f 2482/2922/2372 2462/2896/2352 2531/2991/2421 
f 2531/2991/2421 2530/2990/2420 2482/2922/2372 
f 2082/2466/2010 2530/2989/2420 2531/2992/2421 
f 2531/2992/2421 2084/2468/2012 2082/2466/2010 
f 2116/2508/2044 2532/2993/2422 2533/2994/2423 
f 2533/2994/2423 2130/2522/2058 2116/2508/2044 
f 2533/2995/2423 2532/2996/2422 2465/2899/2355 
f 2465/2899/2355 2471/2907/2361 2533/2995/2423 
f 2448/2878/2338 2534/2997/2424 2533/2995/2423 
f 2533/2995/2423 2471/2907/2361 2448/2878/2338 
f 2123/2515/2051 2130/2522/2058 2533/2994/2423 
f 2533/2994/2423 2534/2998/2424 2123/2515/2051 
f 2084/2468/2012 2531/2992/2421 2535/2999/2425 
f 2535/2999/2425 2115/2507/2043 2084/2468/2012 
f 2461/2895/2351 2535/3000/2425 2531/2991/2421 
f 2531/2991/2421 2462/2896/2352 2461/2895/2351 
f 2461/2895/2351 2465/2899/2355 2532/2996/2422 
f 2532/2996/2422 2535/3000/2425 2461/2895/2351 
f 2532/2993/2422 2116/2508/2044 2115/2507/2043 
f 2115/2507/2043 2535/2999/2425 2532/2993/2422 
f 2124/2516/2052 2123/2515/2051 2534/2998/2424 
f 2534/2998/2424 2536/3001/2426 2124/2516/2052 
f 2536/3002/2426 2534/2997/2424 2448/2878/2338 
f 2448/2878/2338 2451/2881/2341 2536/3002/2426 
f 2436/2864/2326 2537/3003/2427 2536/3002/2426 
f 2536/3002/2426 2451/2881/2341 2436/2864/2326 
f 2537/3004/2427 2125/2517/2053 2124/2516/2052 
f 2124/2516/2052 2536/3001/2426 2537/3004/2427 
f 2538/3005/2428 2202/2606/2130 2188/2592/2116 
f 2188/2592/2116 2539/3006/2429 2538/3005/2428 
f 2538/3007/2428 2539/3008/2429 2441/2869/2331 
f 2441/2869/2331 2447/2877/2337 2538/3007/2428 
f 2447/2877/2337 2422/2846/2312 2540/3009/2430 
f 2540/3009/2430 2538/3007/2428 2447/2877/2337 
f 2202/2606/2130 2538/3005/2428 2540/3010/2430 
f 2540/3010/2430 2203/2607/2131 2202/2606/2130 
f 2537/3004/2427 2541/3011/2431 2187/2591/2115 
f 2187/2591/2115 2125/2517/2053 2537/3004/2427 
f 2541/3012/2431 2537/3003/2427 2436/2864/2326 
f 2436/2864/2326 2439/2867/2329 2541/3012/2431 
f 2441/2869/2331 2539/3008/2429 2541/3012/2431 
f 2541/3012/2431 2439/2867/2329 2441/2869/2331 
f 2187/2591/2115 2541/3011/2431 2539/3006/2429 
f 2539/3006/2429 2188/2592/2116 2187/2591/2115 
f 2238/2650/2166 2237/2649/2165 2542/3013/2432 
f 2542/3013/2432 2543/3014/2433 2238/2650/2166 
f 2544/3015/2434 2542/3013/2432 2237/2649/2165 
f 2237/2649/2165 2236/2648/2164 2544/3015/2434 
f 2544/3016/2434 2425/2849/2315 2430/2856/2320 
f 2430/2856/2320 2542/3017/2432 2544/3016/2434 
f 2430/2856/2320 2419/2843/2309 2543/3018/2433 
f 2543/3018/2433 2542/3017/2432 2430/2856/2320 
f 2235/2647/2163 2203/2607/2131 2540/3010/2430 
f 2540/3010/2430 2545/3019/2435 2235/2647/2163 
f 2421/2845/2311 2545/3020/2435 2540/3009/2430 
f 2540/3009/2430 2422/2846/2312 2421/2845/2311 
f 2421/2845/2311 2425/2849/2315 2544/3016/2434 
f 2544/3016/2434 2545/3020/2435 2421/2845/2311 
f 2235/2647/2163 2545/3019/2435 2544/3015/2434 
f 2544/3015/2434 2236/2648/2164 2235/2647/2163 
f 2546/3021/2436 2244/2656/2172 2243/2655/2171 
f 2243/2655/2171 2547/3022/2437 2546/3021/2436 
f 2543/3014/2433 2547/3022/2437 2243/2655/2171 
f 2243/2655/2171 2238/2650/2166 2543/3014/2433 
f 2416/2840/2306 2547/3023/2437 2543/3018/2433 
f 2543/3018/2433 2419/2843/2309 2416/2840/2306 
f 2416/2840/2306 2406/2826/2296 2546/3024/2436 
f 2546/3024/2436 2547/3023/2437 2416/2840/2306 
f 2381/2801/2290 2548/3025/2438 2228/2638/2156 
f 2228/2638/2156 2227/2637/2155 2381/2801/2290 
f 2546/3021/2436 2548/3025/2438 2381/2801/2290 
f 2381/2801/2290 2244/2656/2172 2546/3021/2436 
f 2405/2825/2295 2548/3026/2438 2546/3024/2436 
f 2546/3024/2436 2406/2826/2296 2405/2825/2295 
f 2229/2640/2157 2228/2639/2156 2548/3026/2438 
f 2548/3026/2438 2405/2825/2295 2229/2640/2157 
f 2411/2833/2301 2549/3027/2439 2512/2957/2402 
f 2512/2957/2402 1959/2321/1887 2411/2833/2301 
f 2411/2833/2301 2410/2832/2300 2550/3028/2440 
f 2550/3028/2440 2549/3027/2439 2411/2833/2301 
f 2345/2761/2254 2549/3027/2439 2550/3028/2440 
f 2550/3028/2440 2343/2757/2252 2345/2761/2254 
f 2345/2761/2254 2348/2764/2257 2512/2957/2402 
f 2512/2957/2402 2549/3027/2439 2345/2761/2254 
f 2415/2839/2305 2551/3029/2441 2550/3028/2440 
f 2550/3028/2440 2410/2832/2300 2415/2839/2305 
f 2415/2839/2305 2414/2838/2304 2552/3030/2442 
f 2552/3030/2442 2551/3029/2441 2415/2839/2305 
f 2344/2758/2253 2551/3029/2441 2552/3030/2442 
f 2552/3030/2442 1925/2279/1853 2344/2758/2253 
f 2343/2757/2252 2550/3028/2440 2551/3029/2441 
f 2551/3029/2441 2344/2758/2253 2343/2757/2252 
f 2428/2852/2318 2429/2855/2319 2553/3031/2443 
f 2553/3031/2443 2554/3032/2444 2428/2852/2318 
f 2554/3032/2444 2553/3031/2443 2214/2620/2142 
f 2214/2620/2142 2224/2633/2152 2554/3032/2444 
f 2229/2640/2157 2404/2824/2294 2554/3032/2444 
f 2554/3032/2444 2224/2633/2152 2229/2640/2157 
f 2428/2852/2318 2554/3032/2444 2404/2824/2294 
f 2404/2824/2294 2376/2794/2285 2428/2852/2318 
f 2555/3033/2445 2435/2862/2325 2434/2861/2324 
f 2434/2861/2324 2556/3034/2446 2555/3033/2445 
f 2555/3033/2445 2556/3034/2446 2181/2584/2109 
f 2181/2584/2109 2210/2614/2138 2555/3033/2445 
f 2553/3031/2443 2555/3033/2445 2210/2614/2138 
f 2210/2614/2138 2214/2620/2142 2553/3031/2443 
f 2553/3031/2443 2429/2855/2319 2435/2862/2325 
f 2435/2862/2325 2555/3033/2445 2553/3031/2443 
f 2557/3035/2447 2445/2874/2335 2444/2873/2334 
f 2444/2873/2334 2558/3036/2448 2557/3035/2447 
f 2177/2578/2105 2557/3035/2447 2558/3036/2448 
f 2558/3036/2448 2160/2556/2088 2177/2578/2105 
f 2556/3034/2446 2557/3035/2447 2177/2578/2105 
f 2177/2578/2105 2181/2584/2109 2556/3034/2446 
f 2434/2861/2324 2445/2874/2335 2557/3035/2447 
f 2557/3035/2447 2556/3034/2446 2434/2861/2324 
f 2454/2884/2344 2455/2887/2345 2559/3037/2449 
f 2559/3037/2449 2560/3038/2450 2454/2884/2344 
f 2560/3038/2450 2559/3037/2449 2142/2535/2070 
f 2142/2535/2070 2156/2550/2084 2560/3038/2450 
f 2558/3036/2448 2560/3038/2450 2156/2550/2084 
f 2156/2550/2084 2160/2556/2088 2558/3036/2448 
f 2444/2873/2334 2454/2884/2344 2560/3038/2450 
f 2560/3038/2450 2558/3036/2448 2444/2873/2334 
f 2459/2892/2349 2458/2891/2348 2561/3039/2451 
f 2561/3039/2451 2562/3040/2452 2459/2892/2349 
f 2562/3040/2452 2561/3039/2451 2109/2500/2037 
f 2109/2500/2037 2138/2530/2066 2562/3040/2452 
f 2559/3037/2449 2562/3040/2452 2138/2530/2066 
f 2138/2530/2066 2142/2535/2070 2559/3037/2449 
f 2559/3037/2449 2455/2887/2345 2459/2892/2349 
f 2459/2892/2349 2562/3040/2452 2559/3037/2449 
f 2563/3041/2453 2564/3042/2454 2469/2903/2359 
f 2469/2903/2359 2468/2902/2358 2563/3041/2453 
f 2105/2494/2033 2564/3042/2454 2563/3041/2453 
f 2563/3041/2453 2094/2480/2022 2105/2494/2033 
f 2109/2500/2037 2561/3039/2451 2564/3042/2454 
f 2564/3042/2454 2105/2494/2033 2109/2500/2037 
f 2458/2891/2348 2469/2903/2359 2564/3042/2454 
f 2564/3042/2454 2561/3039/2451 2458/2891/2348 
f 2475/2913/2365 2474/2912/2364 2565/3043/2455 
f 2565/3043/2455 2566/3044/2456 2475/2913/2365 
f 2089/2473/2017 2566/3044/2456 2565/3043/2455 
f 2565/3043/2455 2070/2454/1998 2089/2473/2017 
f 2563/3041/2453 2566/3044/2456 2089/2473/2017 
f 2089/2473/2017 2094/2480/2022 2563/3041/2453 
f 2563/3041/2453 2468/2902/2358 2475/2913/2365 
f 2475/2913/2365 2566/3044/2456 2563/3041/2453 
f 2479/2917/2369 2478/2916/2368 2567/3045/2457 
f 2567/3045/2457 2568/3046/2458 2479/2917/2369 
f 2568/3046/2458 2567/3045/2457 2037/2416/1965 
f 2037/2416/1965 2065/2447/1993 2568/3046/2458 
f 2565/3043/2455 2568/3046/2458 2065/2447/1993 
f 2065/2447/1993 2070/2454/1998 2565/3043/2455 
f 2565/3043/2455 2474/2912/2364 2479/2917/2369 
f 2479/2917/2369 2568/3046/2458 2565/3043/2455 
f 2569/3047/2459 2493/2935/2383 2492/2934/2382 
f 2492/2934/2382 2570/3048/2460 2569/3047/2459 
f 2570/3048/2460 2022/2396/1950 2032/2409/1960 
f 2032/2409/1960 2569/3047/2459 2570/3048/2460 
f 2037/2416/1965 2567/3045/2457 2569/3047/2459 
f 2569/3047/2459 2032/2409/1960 2037/2416/1965 
f 2493/2935/2383 2569/3047/2459 2567/3045/2457 
f 2567/3045/2457 2478/2916/2368 2493/2935/2383 
f 2498/2942/2388 2571/3049/2461 2572/3050/2462 
f 2572/3050/2462 2499/2943/2389 2498/2942/2388 
f 2018/2390/1946 2572/3050/2462 2571/3049/2461 
f 2571/3049/2461 1998/2370/1926 2018/2390/1946 
f 2570/3048/2460 2572/3050/2462 2018/2390/1946 
f 2018/2390/1946 2022/2396/1950 2570/3048/2460 
f 2492/2934/2382 2499/2943/2389 2572/3050/2462 
f 2572/3050/2462 2570/3048/2460 2492/2934/2382 
f 1962/2324/1890 2514/2959/2404 2573/3051/2463 
f 2573/3051/2463 2501/2945/2391 1962/2324/1890 
f 1990/2359/1918 2573/3051/2463 2514/2959/2404 
f 2514/2959/2404 1991/2360/1919 1990/2359/1918 
f 2571/3049/2461 2573/3051/2463 1990/2359/1918 
f 1990/2359/1918 1998/2370/1926 2571/3049/2461 
f 2501/2945/2391 2573/3051/2463 2571/3049/2461 
f 2571/3049/2461 2498/2942/2388 2501/2945/2391 
f 2414/2838/2304 2518/2966/2408 2574/3052/2464 
f 2574/3052/2464 2552/3030/2442 2414/2838/2304 
f 2510/2955/2400 2574/3053/2464 2518/2964/2408 
f 2518/2964/2408 1969/2334/1897 2510/2955/2400 
f 1930/2286/1858 1926/2285/1854 2574/3053/2464 
f 2574/3053/2464 2510/2955/2400 1930/2286/1858 
f 1926/2280/1854 1925/2279/1853 2552/3030/2442 
f 2552/3030/2442 2574/3052/2464 1926/2280/1854 
f 2575/3054/2465 2576/3055/2466 2577/3056/2467 
f 2577/3056/2467 2578/3057/2468 2575/3054/2465 
f 2579/3058/2469 2577/3059/2467 2576/3060/2466 
f 2576/3060/2466 2580/3061/2470 2579/3058/2469 
f 2577/3062/2467 2579/3063/2469 2581/3064/2471 
f 2581/3064/2471 2582/3065/2472 2577/3062/2467 
f 2578/3066/2468 2577/3062/2467 2582/3065/2472 
f 2582/3065/2472 2583/3067/2473 2578/3066/2468 
f 2584/3068/2474 2585/3069/2475 2583/3067/2473 
f 2583/3067/2473 2582/3065/2472 2584/3068/2474 
f 2584/3068/2474 2582/3065/2472 2581/3064/2471 
f 2581/3064/2471 2586/3070/2476 2584/3068/2474 
f 2587/3071/2477 2588/3072/2478 2584/3068/2474 
f 2584/3068/2474 2586/3070/2476 2587/3071/2477 
f 2588/3072/2478 2589/3073/2479 2585/3069/2475 
f 2585/3069/2475 2584/3068/2474 2588/3072/2478 
f 2590/3074/2480 2591/3075/2481 2592/3076/2482 
f 2592/3076/2482 2593/3077/2483 2590/3074/2480 
f 2594/3078/2484 2591/3079/2481 2590/3080/2480 
f 2590/3080/2480 2595/3081/2485 2594/3078/2484 
f 2591/3079/2481 2594/3078/2484 2596/3082/2486 
f 2596/3082/2486 2597/3083/2487 2591/3079/2481 
f 2591/3075/2481 2597/3084/2487 2598/3085/2488 
f 2598/3085/2488 2592/3076/2482 2591/3075/2481 
f 2599/3086/2489 2600/3087/2490 2601/3088/2491 
f 2601/3088/2491 2602/3089/2492 2599/3086/2489 
f 2603/3090/2493 2599/3086/2489 2602/3089/2492 
f 2602/3089/2492 2595/3081/2485 2603/3090/2493 
f 2604/3091/2494 2605/3092/2495 2599/3086/2489 
f 2599/3086/2489 2603/3090/2493 2604/3091/2494 
f 2605/3092/2495 2606/3093/2496 2600/3087/2490 
f 2600/3087/2490 2599/3086/2489 2605/3092/2495 
f 2607/3094/2497 2608/3095/2498 2609/3096/2499 
f 2609/3096/2499 2610/3097/2500 2607/3094/2497 
f 2611/3098/2501 2607/3094/2497 2610/3097/2500 
f 2610/3097/2500 2612/3099/2502 2611/3098/2501 
f 2613/3100/2503 2607/3101/2497 2611/3102/2501 
f 2611/3102/2501 2614/3103/2504 2613/3100/2503 
f 2613/3100/2503 2615/3104/2505 2608/3105/2498 
f 2608/3105/2498 2607/3101/2497 2613/3100/2503 
f 2616/3106/2506 2590/3074/2480 2593/3077/2483 
f 2593/3077/2483 2617/3107/2507 2616/3106/2506 
f 2618/3108/2508 2616/3106/2506 2617/3107/2507 
f 2617/3107/2507 2619/3109/2509 2618/3108/2508 
f 2616/3110/2506 2618/3111/2508 2604/3091/2494 
f 2604/3091/2494 2603/3090/2493 2616/3110/2506 
f 2603/3090/2493 2595/3081/2485 2590/3080/2480 
f 2590/3080/2480 2616/3110/2506 2603/3090/2493 
f 2620/3112/2510 2598/3085/2488 2597/3084/2487 
f 2597/3084/2487 2621/3113/2511 2620/3112/2510 
f 2622/3114/2512 2621/3115/2511 2597/3083/2487 
f 2597/3083/2487 2596/3082/2486 2622/3114/2512 
f 2623/3116/2513 2624/3117/2514 2621/3115/2511 
f 2621/3115/2511 2622/3114/2512 2623/3116/2513 
f 2624/3118/2514 2625/3119/2515 2620/3112/2510 
f 2620/3112/2510 2621/3113/2511 2624/3118/2514 
f 2626/3120/2516 2627/3121/2517 2589/3073/2479 
f 2589/3073/2479 2588/3072/2478 2626/3120/2516 
f 2626/3120/2516 2588/3072/2478 2587/3071/2477 
f 2587/3071/2477 2628/3122/2518 2626/3120/2516 
f 2626/3120/2516 2628/3122/2518 2629/3123/2519 
f 2629/3123/2519 2630/3124/2520 2626/3120/2516 
f 2630/3124/2520 2631/3125/2521 2627/3121/2517 
f 2627/3121/2517 2626/3120/2516 2630/3124/2520 
f 2632/3126/2522 2633/3127/2523 2634/3128/2524 
f 2634/3128/2524 2635/3129/2525 2632/3126/2522 
f 2635/3129/2525 2634/3128/2524 2614/3103/2504 
f 2614/3103/2504 2636/3130/2526 2635/3129/2525 
f 2637/3131/2527 2635/3129/2525 2636/3130/2526 
f 2636/3130/2526 2638/3132/2528 2637/3131/2527 
f 2637/3131/2527 2639/3133/2529 2632/3126/2522 
f 2632/3126/2522 2635/3129/2525 2637/3131/2527 
f 2640/3134/2530 2641/3135/2531 2642/3136/2532 
f 2642/3136/2532 2643/3137/2533 2640/3134/2530 
f 2644/3138/2534 2643/3139/2533 2642/3140/2532 
f 2642/3140/2532 2645/3141/2535 2644/3138/2534 
f 2644/3138/2534 2646/3142/2536 2647/3143/2537 
f 2647/3143/2537 2643/3139/2533 2644/3138/2534 
f 2647/3144/2537 2648/3145/2538 2640/3134/2530 
f 2640/3134/2530 2643/3137/2533 2647/3144/2537 
f 2649/3146/2539 2650/3147/2540 2651/3148/2541 
f 2651/3148/2541 2652/3149/2542 2649/3146/2539 
f 2649/3146/2539 2652/3149/2542 2653/3150/2543 
f 2653/3150/2543 2654/3151/2544 2649/3146/2539 
f 2655/3152/2545 2656/3153/2546 2649/3146/2539 
f 2649/3146/2539 2654/3151/2544 2655/3152/2545 
f 2657/3154/2547 2650/3147/2540 2649/3146/2539 
f 2649/3146/2539 2656/3153/2546 2657/3154/2547 
f 2658/3155/2548 2631/3125/2521 2630/3124/2520 
f 2630/3124/2520 2659/3156/2549 2658/3155/2548 
f 2629/3123/2519 2660/3157/2550 2659/3156/2549 
f 2659/3156/2549 2630/3124/2520 2629/3123/2519 
f 2661/3158/2551 2659/3156/2549 2660/3157/2550 
f 2660/3157/2550 2662/3159/2552 2661/3158/2551 
f 2661/3158/2551 2663/3160/2553 2658/3155/2548 
f 2658/3155/2548 2659/3156/2549 2661/3158/2551 
f 2639/3133/2529 2637/3131/2527 2664/3161/2554 
f 2664/3161/2554 2665/3162/2555 2639/3133/2529 
f 2664/3161/2554 2637/3131/2527 2638/3132/2528 
f 2638/3132/2528 2666/3163/2556 2664/3161/2554 
f 2653/3150/2543 2652/3149/2542 2664/3161/2554 
f 2664/3161/2554 2666/3163/2556 2653/3150/2543 
f 2664/3161/2554 2652/3149/2542 2651/3148/2541 
f 2651/3148/2541 2665/3162/2555 2664/3161/2554 
f 2667/3164/2557 2668/3165/2558 2648/3145/2538 
f 2648/3145/2538 2647/3144/2537 2667/3164/2557 
f 2669/3166/2559 2667/3167/2557 2647/3143/2537 
f 2647/3143/2537 2646/3142/2536 2669/3166/2559 
f 2669/3166/2559 2670/3168/2560 2671/3169/2561 
f 2671/3169/2561 2667/3167/2557 2669/3166/2559 
f 2671/3170/2561 2672/3171/2562 2668/3165/2558 
f 2668/3165/2558 2667/3164/2557 2671/3170/2561 
f 2673/3172/2563 2674/3173/2564 2675/3174/2565 
f 2675/3174/2565 2676/3175/2566 2673/3172/2563 
f 2674/3176/2564 2677/3177/2567 2678/3178/2568 
f 2678/3178/2568 2675/3179/2565 2674/3176/2564 
f 2675/3179/2565 2678/3178/2568 2679/3180/2569 
f 2679/3180/2569 2680/3181/2570 2675/3179/2565 
f 2680/3182/2570 2681/3183/2571 2676/3175/2566 
f 2676/3175/2566 2675/3174/2565 2680/3182/2570 
f 2682/3184/2572 2672/3171/2562 2671/3170/2561 
f 2671/3170/2561 2683/3185/2573 2682/3184/2572 
f 2683/3186/2573 2671/3169/2561 2670/3168/2560 
f 2670/3168/2560 2684/3187/2574 2683/3186/2573 
f 2683/3186/2573 2684/3187/2574 2685/3188/2575 
f 2685/3188/2575 2686/3189/2576 2683/3186/2573 
f 2686/3190/2576 2687/3191/2577 2682/3184/2572 
f 2682/3184/2572 2683/3185/2573 2686/3190/2576 
f 2688/3192/2578 2689/3193/2579 2625/3119/2515 
f 2625/3119/2515 2624/3118/2514 2688/3192/2578 
f 2690/3194/2580 2688/3195/2578 2624/3117/2514 
f 2624/3117/2514 2623/3116/2513 2690/3194/2580 
f 2688/3195/2578 2690/3194/2580 2677/3177/2567 
f 2677/3177/2567 2674/3176/2564 2688/3195/2578 
f 2674/3173/2564 2673/3172/2563 2689/3193/2579 
f 2689/3193/2579 2688/3192/2578 2674/3173/2564 
f 2661/3158/2551 2691/3196/2581 2692/3197/2582 
f 2692/3197/2582 2663/3160/2553 2661/3158/2551 
f 2662/3159/2552 2693/3198/2583 2691/3196/2581 
f 2691/3196/2581 2661/3158/2551 2662/3159/2552 
f 2694/3199/2584 2691/3196/2581 2693/3198/2583 
f 2693/3198/2583 2695/3200/2585 2694/3199/2584 
f 2692/3197/2582 2691/3196/2581 2694/3199/2584 
f 2694/3199/2584 2696/3201/2586 2692/3197/2582 
f 2697/3202/2587 2698/3203/2588 2681/3183/2571 
f 2681/3183/2571 2680/3182/2570 2697/3202/2587 
f 2697/3204/2587 2680/3181/2570 2679/3180/2569 
f 2679/3180/2569 2699/3205/2589 2697/3204/2587 
f 2700/3206/2590 2697/3204/2587 2699/3205/2589 
f 2699/3205/2589 2701/3207/2591 2700/3206/2590 
f 2702/3208/2592 2698/3203/2588 2697/3202/2587 
f 2697/3202/2587 2700/3209/2590 2702/3208/2592 
f 2703/3210/2593 2696/3201/2586 2694/3199/2584 
f 2694/3199/2584 2704/3211/2594 2703/3210/2593 
f 2705/3212/2595 2704/3211/2594 2694/3199/2584 
f 2694/3199/2584 2695/3200/2585 2705/3212/2595 
f 2706/3213/2596 2707/3214/2597 2704/3211/2594 
f 2704/3211/2594 2705/3212/2595 2706/3213/2596 
f 2703/3210/2593 2704/3211/2594 2707/3214/2597 
f 2707/3214/2597 2708/3215/2598 2703/3210/2593 
f 2657/3154/2547 2656/3153/2546 2709/3216/2599 
f 2709/3216/2599 2710/3217/2600 2657/3154/2547 
f 2655/3152/2545 2711/3218/2601 2709/3216/2599 
f 2709/3216/2599 2656/3153/2546 2655/3152/2545 
f 2712/3219/2602 2709/3216/2599 2711/3218/2601 
f 2711/3218/2601 2713/3220/2603 2712/3219/2602 
f 2709/3216/2599 2712/3219/2602 2714/3221/2604 
f 2714/3221/2604 2710/3217/2600 2709/3216/2599 
f 2715/3222/2605 2687/3191/2577 2686/3190/2576 
f 2686/3190/2576 2716/3223/2606 2715/3222/2605 
f 2717/3224/2607 2716/3225/2606 2686/3189/2576 
f 2686/3189/2576 2685/3188/2575 2717/3224/2607 
f 2717/3224/2607 2718/3226/2608 2719/3227/2609 
f 2719/3227/2609 2716/3225/2606 2717/3224/2607 
f 2715/3222/2605 2716/3223/2606 2719/3228/2609 
f 2719/3228/2609 2720/3229/2610 2715/3222/2605 
f 2721/3230/2611 2722/3231/2612 2723/3232/2613 
f 2723/3232/2613 2724/3233/2614 2721/3230/2611 
f 2725/3234/2615 2722/3231/2612 2721/3230/2611 
f 2721/3230/2611 2726/3235/2616 2725/3234/2615 
f 2725/3234/2615 2727/3236/2617 2728/3237/2618 
f 2728/3237/2618 2722/3231/2612 2725/3234/2615 
f 2728/3237/2618 2729/3238/2619 2723/3232/2613 
f 2723/3232/2613 2722/3231/2612 2728/3237/2618 
f 2707/3214/2597 2730/3239/2620 2731/3240/2621 
f 2731/3240/2621 2708/3215/2598 2707/3214/2597 
f 2707/3214/2597 2706/3213/2596 2732/3241/2622 
f 2732/3241/2622 2730/3239/2620 2707/3214/2597 
f 2733/3242/2623 2730/3239/2620 2732/3241/2622 
f 2732/3241/2622 2734/3243/2624 2733/3242/2623 
f 2733/3242/2623 2735/3244/2625 2731/3240/2621 
f 2731/3240/2621 2730/3239/2620 2733/3242/2623 
f 2714/3221/2604 2712/3219/2602 2736/3245/2626 
f 2736/3245/2626 2737/3246/2627 2714/3221/2604 
f 2736/3245/2626 2712/3219/2602 2713/3220/2603 
f 2713/3220/2603 2738/3247/2628 2736/3245/2626 
f 2721/3230/2611 2736/3245/2626 2738/3247/2628 
f 2738/3247/2628 2726/3235/2616 2721/3230/2611 
f 2737/3246/2627 2736/3245/2626 2721/3230/2611 
f 2721/3230/2611 2724/3233/2614 2737/3246/2627 
f 2739/3248/2629 2720/3229/2610 2719/3228/2609 
f 2719/3228/2609 2740/3249/2630 2739/3248/2629 
f 2719/3227/2609 2718/3226/2608 2741/3250/2631 
f 2741/3250/2631 2740/3251/2630 2719/3227/2609 
f 2742/3252/2632 2743/3253/2633 2740/3251/2630 
f 2740/3251/2630 2741/3250/2631 2742/3252/2632 
f 2743/3254/2633 2744/3255/2634 2739/3248/2629 
f 2739/3248/2629 2740/3249/2630 2743/3254/2633 
f 2745/3256/2635 2746/3257/2636 2747/3258/2637 
f 2747/3258/2637 2748/3259/2638 2745/3256/2635 
f 2745/3260/2635 2749/3261/2639 2750/3262/2640 
f 2750/3262/2640 2746/3263/2636 2745/3260/2635 
f 2750/3262/2640 2751/3264/2641 2752/3265/2642 
f 2752/3265/2642 2746/3263/2636 2750/3262/2640 
f 2753/3266/2643 2747/3258/2637 2746/3257/2636 
f 2746/3257/2636 2752/3267/2642 2753/3266/2643 
f 2743/3254/2633 2754/3268/2644 2755/3269/2645 
f 2755/3269/2645 2744/3255/2634 2743/3254/2633 
f 2742/3252/2632 2756/3270/2646 2754/3271/2644 
f 2754/3271/2644 2743/3253/2633 2742/3252/2632 
f 2757/3272/2647 2758/3273/2648 2754/3271/2644 
f 2754/3271/2644 2756/3270/2646 2757/3272/2647 
f 2755/3269/2645 2754/3268/2644 2758/3274/2648 
f 2758/3274/2648 2759/3275/2649 2755/3269/2645 
f 2702/3208/2592 2700/3209/2590 2760/3276/2650 
f 2760/3276/2650 2761/3277/2651 2702/3208/2592 
f 2762/3278/2652 2760/3279/2650 2700/3206/2590 
f 2700/3206/2590 2701/3207/2591 2762/3278/2652 
f 2762/3278/2652 2749/3261/2639 2745/3260/2635 
f 2745/3260/2635 2760/3279/2650 2762/3278/2652 
f 2745/3256/2635 2748/3259/2638 2761/3277/2651 
f 2761/3277/2651 2760/3276/2650 2745/3256/2635 
f 2735/3244/2625 2733/3242/2623 2763/3280/2653 
f 2763/3280/2653 2764/3281/2654 2735/3244/2625 
f 2734/3243/2624 2765/3282/2655 2763/3280/2653 
f 2763/3280/2653 2733/3242/2623 2734/3243/2624 
f 2766/3283/2656 2767/3284/2657 2763/3280/2653 
f 2763/3280/2653 2765/3282/2655 2766/3283/2656 
f 2768/3285/2658 2764/3281/2654 2763/3280/2653 
f 2763/3280/2653 2767/3284/2657 2768/3285/2658 
f 2769/3286/2659 2770/3287/2660 2771/3288/2661 
f 2771/3288/2661 2772/3289/2662 2769/3286/2659 
f 2773/3290/2663 2774/3291/2664 2772/3289/2662 
f 2772/3289/2662 2771/3288/2661 2773/3290/2663 
f 2772/3289/2662 2774/3291/2664 2775/3292/2665 
f 2775/3292/2665 2776/3293/2666 2772/3289/2662 
f 2776/3293/2666 2777/3294/2667 2769/3286/2659 
f 2769/3286/2659 2772/3289/2662 2776/3293/2666 
f 2778/3295/2668 2779/3296/2669 2768/3285/2658 
f 2768/3285/2658 2767/3284/2657 2778/3295/2668 
f 2767/3284/2657 2766/3283/2656 2780/3297/2670 
f 2780/3297/2670 2778/3295/2668 2767/3284/2657 
f 2780/3297/2670 2773/3290/2663 2771/3288/2661 
f 2771/3288/2661 2778/3295/2668 2780/3297/2670 
f 2779/3296/2669 2778/3295/2668 2771/3288/2661 
f 2771/3288/2661 2770/3287/2660 2779/3296/2669 
f 2728/3237/2618 2781/3298/2671 2782/3299/2672 
f 2782/3299/2672 2729/3238/2619 2728/3237/2618 
f 2728/3237/2618 2727/3236/2617 2783/3300/2673 
f 2783/3300/2673 2781/3298/2671 2728/3237/2618 
f 2781/3298/2671 2783/3300/2673 2784/3301/2674 
f 2784/3301/2674 2785/3302/2675 2781/3298/2671 
f 2785/3302/2675 2786/3303/2676 2782/3299/2672 
f 2782/3299/2672 2781/3298/2671 2785/3302/2675 
f 2787/3304/2677 2788/3305/2678 2759/3275/2649 
f 2759/3275/2649 2758/3274/2648 2787/3304/2677 
f 2787/3306/2677 2758/3273/2648 2757/3272/2647 
f 2757/3272/2647 2789/3307/2679 2787/3306/2677 
f 2790/3308/2680 2791/3309/2681 2787/3306/2677 
f 2787/3306/2677 2789/3307/2679 2790/3308/2680 
f 2792/3310/2682 2788/3305/2678 2787/3304/2677 
f 2787/3304/2677 2791/3311/2681 2792/3310/2682 
f 2793/3312/2683 2794/3313/2684 2795/3314/2685 
f 2795/3314/2685 2796/3315/2686 2793/3312/2683 
f 2797/3316/2687 2798/3317/2688 2795/3314/2685 
f 2795/3314/2685 2794/3313/2684 2797/3316/2687 
f 2799/3318/2689 2800/3319/2690 2795/3314/2685 
f 2795/3314/2685 2798/3317/2688 2799/3318/2689 
f 2796/3315/2686 2795/3314/2685 2800/3319/2690 
f 2800/3319/2690 2801/3320/2691 2796/3315/2686 
f 2785/3302/2675 2802/3321/2692 2803/3322/2693 
f 2803/3322/2693 2786/3303/2676 2785/3302/2675 
f 2802/3321/2692 2785/3302/2675 2784/3301/2674 
f 2784/3301/2674 2804/3323/2694 2802/3321/2692 
f 2797/3316/2687 2794/3313/2684 2802/3321/2692 
f 2802/3321/2692 2804/3323/2694 2797/3316/2687 
f 2793/3312/2683 2803/3322/2693 2802/3321/2692 
f 2802/3321/2692 2794/3313/2684 2793/3312/2683 
f 2792/3310/2682 2791/3311/2681 2805/3324/2695 
f 2805/3324/2695 2806/3325/2696 2792/3310/2682 
f 2805/3326/2695 2791/3309/2681 2790/3308/2680 
f 2790/3308/2680 2807/3327/2697 2805/3326/2695 
f 2808/3328/2698 2809/3329/2699 2805/3326/2695 
f 2805/3326/2695 2807/3327/2697 2808/3328/2698 
f 2805/3324/2695 2809/3330/2699 2810/3331/2700 
f 2810/3331/2700 2806/3325/2696 2805/3324/2695 
f 2811/3332/2701 2812/3333/2702 2753/3266/2643 
f 2753/3266/2643 2752/3267/2642 2811/3332/2701 
f 2811/3334/2701 2752/3265/2642 2751/3264/2641 
f 2751/3264/2641 2813/3335/2703 2811/3334/2701 
f 2814/3336/2704 2815/3337/2705 2811/3334/2701 
f 2811/3334/2701 2813/3335/2703 2814/3336/2704 
f 2815/3338/2705 2816/3339/2706 2812/3333/2702 
f 2812/3333/2702 2811/3332/2701 2815/3338/2705 
f 2817/3340/2707 2818/3341/2708 2819/3342/2709 
f 2819/3342/2709 2820/3343/2710 2817/3340/2707 
f 2821/3344/2711 2822/3345/2712 2817/3346/2707 
f 2817/3346/2707 2820/3347/2710 2821/3344/2711 
f 2823/3348/2713 2824/3349/2714 2817/3346/2707 
f 2817/3346/2707 2822/3345/2712 2823/3348/2713 
f 2824/3350/2714 2825/3351/2715 2818/3341/2708 
f 2818/3341/2708 2817/3340/2707 2824/3350/2714 
f 2810/3331/2700 2809/3330/2699 2826/3352/2716 
f 2826/3352/2716 2827/3353/2717 2810/3331/2700 
f 2826/3354/2716 2809/3329/2699 2808/3328/2698 
f 2808/3328/2698 2828/3355/2718 2826/3354/2716 
f 2829/3356/2719 2830/3357/2720 2826/3354/2716 
f 2826/3354/2716 2828/3355/2718 2829/3356/2719 
f 2830/3358/2720 2831/3359/2721 2827/3353/2717 
f 2827/3353/2717 2826/3352/2716 2830/3358/2720 
f 2832/3360/2722 2816/3339/2706 2815/3338/2705 
f 2815/3338/2705 2833/3361/2723 2832/3360/2722 
f 2814/3336/2704 2834/3362/2724 2833/3363/2723 
f 2833/3363/2723 2815/3337/2705 2814/3336/2704 
f 2833/3363/2723 2834/3362/2724 2821/3344/2711 
f 2821/3344/2711 2820/3347/2710 2833/3363/2723 
f 2820/3343/2710 2819/3342/2709 2832/3360/2722 
f 2832/3360/2722 2833/3361/2723 2820/3343/2710 
f 2835/3364/2725 2836/3365/2726 2777/3294/2667 
f 2777/3294/2667 2776/3293/2666 2835/3364/2725 
f 2837/3366/2727 2835/3364/2725 2776/3293/2666 
f 2776/3293/2666 2775/3292/2665 2837/3366/2727 
f 2835/3364/2725 2837/3366/2727 2838/3367/2728 
f 2838/3367/2728 2839/3368/2729 2835/3364/2725 
f 2840/3369/2730 2836/3365/2726 2835/3364/2725 
f 2835/3364/2725 2839/3368/2729 2840/3369/2730 
f 2841/3370/2731 2842/3371/2732 2843/3372/2733 
f 2843/3372/2733 2844/3373/2734 2841/3370/2731 
f 2845/3374/2735 2842/3371/2732 2841/3370/2731 
f 2841/3370/2731 2846/3375/2736 2845/3374/2735 
f 2845/3374/2735 2847/3376/2737 2848/3377/2738 
f 2848/3377/2738 2842/3371/2732 2845/3374/2735 
f 2843/3372/2733 2842/3371/2732 2848/3377/2738 
f 2848/3377/2738 2849/3378/2739 2843/3372/2733 
f 2850/3379/2740 2851/3380/2741 2840/3369/2730 
f 2840/3369/2730 2839/3368/2729 2850/3379/2740 
f 2852/3381/2742 2850/3379/2740 2839/3368/2729 
f 2839/3368/2729 2838/3367/2728 2852/3381/2742 
f 2850/3379/2740 2852/3381/2742 2853/3382/2743 
f 2853/3382/2743 2854/3383/2744 2850/3379/2740 
f 2855/3384/2745 2851/3380/2741 2850/3379/2740 
f 2850/3379/2740 2854/3383/2744 2855/3384/2745 
f 2800/3319/2690 2856/3385/2746 2857/3386/2747 
f 2857/3386/2747 2801/3320/2691 2800/3319/2690 
f 2799/3318/2689 2858/3387/2748 2856/3385/2746 
f 2856/3385/2746 2800/3319/2690 2799/3318/2689 
f 2841/3370/2731 2856/3385/2746 2858/3387/2748 
f 2858/3387/2748 2846/3375/2736 2841/3370/2731 
f 2841/3370/2731 2844/3373/2734 2857/3386/2747 
f 2857/3386/2747 2856/3385/2746 2841/3370/2731 
f 2831/3359/2721 2830/3358/2720 2859/3388/2749 
f 2859/3388/2749 2860/3389/2750 2831/3359/2721 
f 2829/3356/2719 2861/3390/2751 2859/3391/2749 
f 2859/3391/2749 2830/3357/2720 2829/3356/2719 
f 2861/3390/2751 2862/3392/2752 2863/3393/2753 
f 2863/3393/2753 2859/3391/2749 2861/3390/2751 
f 2860/3389/2750 2859/3388/2749 2863/3394/2753 
f 2863/3394/2753 2864/3395/2754 2860/3389/2750 
f 2865/3396/2755 2866/3397/2756 2867/3398/2757 
f 2867/3398/2757 2868/3399/2758 2865/3396/2755 
f 2869/3400/2759 2868/3399/2758 2867/3398/2757 
f 2867/3398/2757 2870/3401/2760 2869/3400/2759 
f 2868/3402/2758 2869/3403/2759 2871/3404/2761 
f 2871/3404/2761 2872/3405/2762 2868/3402/2758 
f 2872/3405/2762 2873/3406/2763 2865/3407/2755 
f 2865/3407/2755 2868/3402/2758 2872/3405/2762 
f 2874/3408/2764 2864/3395/2754 2863/3394/2753 
f 2863/3394/2753 2875/3409/2765 2874/3408/2764 
f 2863/3393/2753 2862/3392/2752 2876/3410/2766 
f 2876/3410/2766 2875/3411/2765 2863/3393/2753 
f 2876/3410/2766 2877/3412/2767 2878/3413/2768 
f 2878/3413/2768 2875/3411/2765 2876/3410/2766 
f 2874/3408/2764 2875/3409/2765 2878/3414/2768 
f 2878/3414/2768 2879/3415/2769 2874/3408/2764 
f 2825/3351/2715 2824/3350/2714 2880/3416/2770 
f 2880/3416/2770 2881/3417/2771 2825/3351/2715 
f 2880/3418/2770 2824/3349/2714 2823/3348/2713 
f 2823/3348/2713 2882/3419/2772 2880/3418/2770 
f 2869/3403/2759 2880/3418/2770 2882/3419/2772 
f 2882/3419/2772 2871/3404/2761 2869/3403/2759 
f 2880/3416/2770 2869/3400/2759 2870/3401/2760 
f 2870/3401/2760 2881/3417/2771 2880/3416/2770 
f 2883/3420/2773 2855/3384/2745 2854/3383/2744 
f 2854/3383/2744 2884/3421/2774 2883/3420/2773 
f 2853/3382/2743 2885/3422/2775 2884/3421/2774 
f 2884/3421/2774 2854/3383/2744 2853/3382/2743 
f 2884/3421/2774 2885/3422/2775 2886/3423/2776 
f 2886/3423/2776 2887/3424/2777 2884/3421/2774 
f 2887/3424/2777 2888/3425/2778 2883/3420/2773 
f 2883/3420/2773 2884/3421/2774 2887/3424/2777 
f 2889/3426/2779 2890/3427/2780 2891/3428/2781 
f 2891/3428/2781 2892/3429/2782 2889/3426/2779 
f 2883/3420/2773 2890/3427/2780 2889/3426/2779 
f 2889/3426/2779 2855/3384/2745 2883/3420/2773 
f 2893/3430/2783 2890/3427/2780 2883/3420/2773 
f 2883/3420/2773 2888/3425/2778 2893/3430/2783 
f 2893/3430/2783 2894/3431/2784 2891/3428/2781 
f 2891/3428/2781 2890/3427/2780 2893/3430/2783 
f 2895/3432/2785 2896/3433/2786 2897/3434/2787 
f 2897/3434/2787 2898/3435/2788 2895/3432/2785 
f 2865/3396/2755 2897/3434/2787 2896/3433/2786 
f 2896/3433/2786 2866/3397/2756 2865/3396/2755 
f 2897/3436/2787 2865/3407/2755 2873/3406/2763 
f 2873/3406/2763 2899/3437/2789 2897/3436/2787 
f 2899/3437/2789 2849/3378/2739 2898/3438/2788 
f 2898/3438/2788 2897/3436/2787 2899/3437/2789 
f 2821/3344/2711 2900/3439/2790 2901/3440/2791 
f 2901/3440/2791 2822/3345/2712 2821/3344/2711 
f 2901/3440/2791 2900/3439/2790 2902/3441/2792 
f 2902/3441/2792 2903/3442/2793 2901/3440/2791 
f 2904/3443/2794 2901/3440/2791 2903/3442/2793 
f 2903/3442/2793 2905/3444/2795 2904/3443/2794 
f 2822/3345/2712 2901/3440/2791 2904/3443/2794 
f 2904/3443/2794 2823/3348/2713 2822/3345/2712 
f 2906/3445/2796 2907/3446/2797 2908/3447/1064 
f 2908/3447/1064 2909/3448/1064 2906/3445/2796 
f 2851/3380/2741 2909/3448/1064 2908/3447/1064 
f 2908/3447/1064 2840/3369/2730 2851/3380/2741 
f 2889/3426/2779 2909/3448/1064 2851/3380/2741 
f 2851/3380/2741 2855/3384/2745 2889/3426/2779 
f 2906/3445/2796 2909/3448/1064 2889/3426/2779 
f 2889/3426/2779 2892/3429/2782 2906/3445/2796 
f 2823/3348/2713 2904/3443/2794 2910/3449/2798 
f 2910/3449/2798 2882/3419/2772 2823/3348/2713 
f 2904/3443/2794 2905/3444/2795 2911/3450/2799 
f 2911/3450/2799 2910/3449/2798 2904/3443/2794 
f 2873/3406/2763 2872/3405/2762 2910/3449/2798 
f 2910/3449/2798 2911/3450/2799 2873/3406/2763 
f 2882/3419/2772 2910/3449/2798 2872/3405/2762 
f 2872/3405/2762 2871/3404/2761 2882/3419/2772 
f 2912/3451/2800 2913/3452/1064 2914/3453/1064 
f 2914/3453/1064 2915/3454/2801 2912/3451/2800 
f 2836/3365/2726 2914/3453/1064 2913/3452/1064 
f 2913/3452/1064 2777/3294/2667 2836/3365/2726 
f 2908/3447/1064 2914/3453/1064 2836/3365/2726 
f 2836/3365/2726 2840/3369/2730 2908/3447/1064 
f 2914/3453/1064 2908/3447/1064 2907/3446/2797 
f 2907/3446/2797 2915/3454/2801 2914/3453/1064 
f 2916/3455/2802 2813/3335/2703 2751/3264/2641 
f 2751/3264/2641 2917/3456/2803 2916/3455/2802 
f 2916/3455/2802 2917/3456/2803 2918/3457/2804 
f 2918/3457/2804 2919/3458/2805 2916/3455/2802 
f 2920/3459/2806 2921/3460/2807 2916/3455/2802 
f 2916/3455/2802 2919/3458/2805 2920/3459/2806 
f 2814/3336/2704 2813/3335/2703 2916/3455/2802 
f 2916/3455/2802 2921/3460/2807 2814/3336/2704 
f 2814/3336/2704 2921/3460/2807 2922/3461/2808 
f 2922/3461/2808 2834/3362/2724 2814/3336/2704 
f 2923/3462/2809 2922/3461/2808 2921/3460/2807 
f 2921/3460/2807 2920/3459/2806 2923/3462/2809 
f 2902/3441/2792 2900/3439/2790 2922/3461/2808 
f 2922/3461/2808 2923/3462/2809 2902/3441/2792 
f 2834/3362/2724 2922/3461/2808 2900/3439/2790 
f 2900/3439/2790 2821/3344/2711 2834/3362/2724 
f 2750/3262/2640 2749/3261/2639 2924/3463/2810 
f 2924/3463/2810 2925/3464/2811 2750/3262/2640 
f 2925/3464/2811 2924/3463/2810 2926/3465/2812 
f 2926/3465/2812 2927/3466/2813 2925/3464/2811 
f 2918/3457/2804 2917/3456/2803 2925/3464/2811 
f 2925/3464/2811 2927/3466/2813 2918/3457/2804 
f 2925/3464/2811 2917/3456/2803 2751/3264/2641 
f 2751/3264/2641 2750/3262/2640 2925/3464/2811 
f 2928/3467/1064 2929/3468/1064 2930/3469/2814 
f 2930/3469/2814 2931/3470/2815 2928/3467/1064 
f 2768/3285/2658 2779/3296/2669 2929/3468/1064 
f 2929/3468/1064 2928/3467/1064 2768/3285/2658 
f 2929/3468/1064 2779/3296/2669 2770/3287/2660 
f 2770/3287/2660 2932/3471/1064 2929/3468/1064 
f 2930/3469/2814 2929/3468/1064 2932/3471/1064 
f 2932/3471/1064 2933/3472/2816 2930/3469/2814 
f 2933/3472/2816 2932/3471/1064 2934/3473/1064 
f 2934/3473/1064 2935/3474/2817 2933/3472/2816 
f 2934/3473/1064 2932/3471/1064 2770/3287/2660 
f 2770/3287/2660 2769/3286/2659 2934/3473/1064 
f 2913/3452/1064 2934/3473/1064 2769/3286/2659 
f 2769/3286/2659 2777/3294/2667 2913/3452/1064 
f 2934/3473/1064 2913/3452/1064 2912/3451/2800 
f 2912/3451/2800 2935/3474/2817 2934/3473/1064 
f 2936/3475/1064 2937/3476/1064 2938/3477/2818 
f 2938/3477/2818 2939/3478/2819 2936/3475/1064 
f 2936/3475/1064 2735/3244/2625 2764/3281/2654 
f 2764/3281/2654 2937/3476/1064 2936/3475/1064 
f 2937/3476/1064 2764/3281/2654 2768/3285/2658 
f 2768/3285/2658 2928/3467/1064 2937/3476/1064 
f 2938/3477/2818 2937/3476/1064 2928/3467/1064 
f 2928/3467/1064 2931/3470/2815 2938/3477/2818 
f 2940/3479/2820 2699/3205/2589 2679/3180/2569 
f 2679/3180/2569 2941/3480/2821 2940/3479/2820 
f 2940/3479/2820 2941/3480/2821 2942/3481/2822 
f 2942/3481/2822 2943/3482/2823 2940/3479/2820 
f 2944/3483/2824 2945/3484/2825 2940/3479/2820 
f 2940/3479/2820 2943/3482/2823 2944/3483/2824 
f 2699/3205/2589 2940/3479/2820 2945/3484/2825 
f 2945/3484/2825 2701/3207/2591 2699/3205/2589 
f 2946/3485/1064 2947/3486/1064 2948/3487/2826 
f 2948/3487/2826 2949/3488/2827 2946/3485/1064 
f 2731/3240/2621 2947/3486/1064 2946/3485/1064 
f 2946/3485/1064 2708/3215/2598 2731/3240/2621 
f 2936/3475/1064 2947/3486/1064 2731/3240/2621 
f 2731/3240/2621 2735/3244/2625 2936/3475/1064 
f 2947/3486/1064 2936/3475/1064 2939/3478/2819 
f 2939/3478/2819 2948/3487/2826 2947/3486/1064 
f 2762/3278/2652 2701/3207/2591 2945/3484/2825 
f 2945/3484/2825 2950/3489/2828 2762/3278/2652 
f 2950/3489/2828 2945/3484/2825 2944/3483/2824 
f 2944/3483/2824 2951/3490/2829 2950/3489/2828 
f 2926/3465/2812 2924/3463/2810 2950/3489/2828 
f 2950/3489/2828 2951/3490/2829 2926/3465/2812 
f 2924/3463/2810 2749/3261/2639 2762/3278/2652 
f 2762/3278/2652 2950/3489/2828 2924/3463/2810 
f 2678/3178/2568 2677/3177/2567 2952/3491/2830 
f 2952/3491/2830 2953/3492/2831 2678/3178/2568 
f 2954/3493/2832 2953/3492/2831 2952/3491/2830 
f 2952/3491/2830 2955/3494/2833 2954/3493/2832 
f 2941/3480/2821 2953/3492/2831 2954/3493/2832 
f 2954/3493/2832 2942/3481/2822 2941/3480/2821 
f 2941/3480/2821 2679/3180/2569 2678/3178/2568 
f 2678/3178/2568 2953/3492/2831 2941/3480/2821 
f 2956/3495/2834 2957/3496/2835 2958/3497/1064 
f 2958/3497/1064 2959/3498/1064 2956/3495/2834 
f 2958/3497/1064 2696/3201/2586 2703/3210/2593 
f 2703/3210/2593 2959/3498/1064 2958/3497/1064 
f 2703/3210/2593 2708/3215/2598 2946/3485/1064 
f 2946/3485/1064 2959/3498/1064 2703/3210/2593 
f 2956/3495/2834 2959/3498/1064 2946/3485/1064 
f 2946/3485/1064 2949/3488/2827 2956/3495/2834 
f 2960/3499/2836 2961/3500/1064 2962/3501/1064 
f 2962/3501/1064 2963/3502/2837 2960/3499/2836 
f 2961/3500/1064 2663/3160/2553 2692/3197/2582 
f 2692/3197/2582 2962/3501/1064 2961/3500/1064 
f 2692/3197/2582 2696/3201/2586 2958/3497/1064 
f 2958/3497/1064 2962/3501/1064 2692/3197/2582 
f 2963/3502/2837 2962/3501/1064 2958/3497/1064 
f 2958/3497/1064 2957/3496/2835 2963/3502/2837 
f 2622/3114/2512 2596/3082/2486 2964/3503/2838 
f 2964/3503/2838 2965/3504/2839 2622/3114/2512 
f 2964/3503/2838 2966/3505/2840 2967/3506/2841 
f 2967/3506/2841 2965/3504/2839 2964/3503/2838 
f 2968/3507/2842 2965/3504/2839 2967/3506/2841 
f 2967/3506/2841 2969/3508/2843 2968/3507/2842 
f 2968/3507/2842 2623/3116/2513 2622/3114/2512 
f 2622/3114/2512 2965/3504/2839 2968/3507/2842 
f 2970/3509/1064 2971/3510/1064 2972/3511/2844 
f 2972/3511/2844 2973/3512/2845 2970/3509/1064 
f 2658/3155/2548 2971/3510/1064 2970/3509/1064 
f 2970/3509/1064 2631/3125/2521 2658/3155/2548 
f 2971/3510/1064 2658/3155/2548 2663/3160/2553 
f 2663/3160/2553 2961/3500/1064 2971/3510/1064 
f 2961/3500/1064 2960/3499/2836 2972/3511/2844 
f 2972/3511/2844 2971/3510/1064 2961/3500/1064 
f 2968/3507/2842 2974/3513/2846 2690/3194/2580 
f 2690/3194/2580 2623/3116/2513 2968/3507/2842 
f 2968/3507/2842 2969/3508/2843 2975/3514/2847 
f 2975/3514/2847 2974/3513/2846 2968/3507/2842 
f 2952/3491/2830 2974/3513/2846 2975/3514/2847 
f 2975/3514/2847 2955/3494/2833 2952/3491/2830 
f 2677/3177/2567 2690/3194/2580 2974/3513/2846 
f 2974/3513/2846 2952/3491/2830 2677/3177/2567 
f 2976/3515/2848 2594/3078/2484 2595/3081/2485 
f 2595/3081/2485 2602/3089/2492 2976/3515/2848 
f 2602/3089/2492 2601/3088/2491 2977/3516/2849 
f 2977/3516/2849 2976/3515/2848 2602/3089/2492 
f 2976/3515/2848 2977/3516/2849 2966/3505/2840 
f 2966/3505/2840 2964/3503/2838 2976/3515/2848 
f 2594/3078/2484 2976/3515/2848 2964/3503/2838 
f 2964/3503/2838 2596/3082/2486 2594/3078/2484 
f 2978/3517/2850 2979/3518/1064 2980/3519/2851 
f 2980/3519/2851 2981/3520/2852 2978/3517/2850 
f 2627/3121/2517 2979/3518/1064 2978/3517/2850 
f 2978/3517/2850 2589/3073/2479 2627/3121/2517 
f 2631/3125/2521 2970/3509/1064 2979/3518/1064 
f 2979/3518/1064 2627/3121/2517 2631/3125/2521 
f 2980/3519/2851 2979/3518/1064 2970/3509/1064 
f 2970/3509/1064 2973/3512/2845 2980/3519/2851 
f 2982/3521/2853 2633/3127/2523 2983/3522/2854 
f 2983/3522/2854 2984/3523/2855 2982/3521/2853 
f 2984/3523/2855 2983/3522/2854 2601/3088/2491 
f 2601/3088/2491 2600/3087/2490 2984/3523/2855 
f 2984/3523/2855 2600/3087/2490 2606/3093/2496 
f 2606/3093/2496 2985/3524/2856 2984/3523/2855 
f 2982/3521/2853 2984/3523/2855 2985/3524/2856 
f 2985/3524/2856 2986/3525/2857 2982/3521/2853 
f 2987/3526/2858 2988/3527/2859 2989/3528/2860 
f 2989/3528/2860 2990/3529/2861 2987/3526/2858 
f 2987/3526/2858 2990/3529/2861 2583/3067/2473 
f 2583/3067/2473 2585/3069/2475 2987/3526/2858 
f 2589/3073/2479 2978/3517/2850 2987/3526/2858 
f 2987/3526/2858 2585/3069/2475 2589/3073/2479 
f 2988/3527/2859 2987/3526/2858 2978/3517/2850 
f 2978/3517/2850 2981/3520/2852 2988/3527/2859 
f 2991/3530/2862 2992/3531/2863 2993/3532/2864 
f 2993/3532/2864 2994/3533/2865 2991/3530/2862 
f 2991/3530/2862 2994/3533/2865 2575/3054/2465 
f 2575/3054/2465 2578/3057/2468 2991/3530/2862 
f 2583/3067/2473 2990/3529/2861 2991/3534/2862 
f 2991/3534/2862 2578/3066/2468 2583/3067/2473 
f 2992/3535/2863 2991/3534/2862 2990/3529/2861 
f 2990/3529/2861 2989/3528/2860 2992/3535/2863 
f 2995/3536/2866 2996/3537/2867 2997/3538/2868 
f 2997/3538/2868 2998/3539/2869 2995/3536/2866 
f 2995/3536/2866 2993/3532/2864 2992/3531/2863 
f 2992/3531/2863 2996/3537/2867 2995/3536/2866 
f 2989/3528/2860 2999/3540/2870 2996/3541/2867 
f 2996/3541/2867 2992/3535/2863 2989/3528/2860 
f 2997/3542/2868 2996/3541/2867 2999/3540/2870 
f 2999/3540/2870 3000/3543/2871 2997/3542/2868 
f 2999/3540/2870 3001/3544/2872 3002/3545/2873 
f 3002/3545/2873 3000/3543/2871 2999/3540/2870 
f 2988/3527/2859 3001/3544/2872 2999/3540/2870 
f 2999/3540/2870 2989/3528/2860 2988/3527/2859 
f 2981/3520/2852 3003/3546/2874 3001/3544/2872 
f 3001/3544/2872 2988/3527/2859 2981/3520/2852 
f 3002/3545/2873 3001/3544/2872 3003/3546/2874 
f 3003/3546/2874 2645/3141/2535 3002/3545/2873 
f 2613/3100/2503 2614/3103/2504 2634/3128/2524 
f 2634/3128/2524 3004/3547/2875 2613/3100/2503 
f 2633/3127/2523 2982/3521/2853 3004/3547/2875 
f 3004/3547/2875 2634/3128/2524 2633/3127/2523 
f 2982/3521/2853 2986/3525/2857 3005/3548/2876 
f 3005/3548/2876 3004/3547/2875 2982/3521/2853 
f 2613/3100/2503 3004/3547/2875 3005/3548/2876 
f 3005/3548/2876 2615/3104/2505 2613/3100/2503 
f 2644/3138/2534 2645/3141/2535 3003/3546/2874 
f 3003/3546/2874 3006/3549/2877 2644/3138/2534 
f 3003/3546/2874 2981/3520/2852 2980/3519/2851 
f 2980/3519/2851 3006/3549/2877 3003/3546/2874 
f 2980/3519/2851 2973/3512/2845 3007/3550/2878 
f 3007/3550/2878 3006/3549/2877 2980/3519/2851 
f 2646/3142/2536 2644/3138/2534 3006/3549/2877 
f 3006/3549/2877 3007/3550/2878 2646/3142/2536 
f 3008/3551/2879 2669/3166/2559 2646/3142/2536 
f 2646/3142/2536 3007/3550/2878 3008/3551/2879 
f 3007/3550/2878 2973/3512/2845 2972/3511/2844 
f 2972/3511/2844 3008/3551/2879 3007/3550/2878 
f 2972/3511/2844 2960/3499/2836 3009/3552/2880 
f 3009/3552/2880 3008/3551/2879 2972/3511/2844 
f 2670/3168/2560 2669/3166/2559 3008/3551/2879 
f 3008/3551/2879 3009/3552/2880 2670/3168/2560 
f 3010/3553/2881 2684/3187/2574 2670/3168/2560 
f 2670/3168/2560 3009/3552/2880 3010/3553/2881 
f 3009/3552/2880 2960/3499/2836 2963/3502/2837 
f 2963/3502/2837 3010/3553/2881 3009/3552/2880 
f 2963/3502/2837 2957/3496/2835 3011/3554/2882 
f 3011/3554/2882 3010/3553/2881 2963/3502/2837 
f 2685/3188/2575 2684/3187/2574 3010/3553/2881 
f 3010/3553/2881 3011/3554/2882 2685/3188/2575 
f 3012/3555/2883 2717/3224/2607 2685/3188/2575 
f 2685/3188/2575 3011/3554/2882 3012/3555/2883 
f 3011/3554/2882 2957/3496/2835 2956/3495/2834 
f 2956/3495/2834 3012/3555/2883 3011/3554/2882 
f 2956/3495/2834 2949/3488/2827 3013/3556/2884 
f 3013/3556/2884 3012/3555/2883 2956/3495/2834 
f 3013/3556/2884 2718/3226/2608 2717/3224/2607 
f 2717/3224/2607 3012/3555/2883 3013/3556/2884 
f 2718/3226/2608 3013/3556/2884 3014/3557/2885 
f 3014/3557/2885 2741/3250/2631 2718/3226/2608 
f 3013/3556/2884 2949/3488/2827 2948/3487/2826 
f 2948/3487/2826 3014/3557/2885 3013/3556/2884 
f 3014/3557/2885 2948/3487/2826 2939/3478/2819 
f 2939/3478/2819 3015/3558/2886 3014/3557/2885 
f 3015/3558/2886 2742/3252/2632 2741/3250/2631 
f 2741/3250/2631 3014/3557/2885 3015/3558/2886 
f 2742/3252/2632 3015/3558/2886 3016/3559/2887 
f 3016/3559/2887 2756/3270/2646 2742/3252/2632 
f 3015/3558/2886 2939/3478/2819 2938/3477/2818 
f 2938/3477/2818 3016/3559/2887 3015/3558/2886 
f 2931/3470/2815 3017/3560/2888 3016/3559/2887 
f 3016/3559/2887 2938/3477/2818 2931/3470/2815 
f 2757/3272/2647 2756/3270/2646 3016/3559/2887 
f 3016/3559/2887 3017/3560/2888 2757/3272/2647 
f 3018/3561/2889 3019/3562/2890 2807/3327/2697 
f 2807/3327/2697 2790/3308/2680 3018/3561/2889 
f 2933/3472/2816 2935/3474/2817 3019/3562/2890 
f 3019/3562/2890 3018/3561/2889 2933/3472/2816 
f 3019/3562/2890 2935/3474/2817 2912/3451/2800 
f 2912/3451/2800 3020/3563/2891 3019/3562/2890 
f 3020/3563/2891 2808/3328/2698 2807/3327/2697 
f 2807/3327/2697 3019/3562/2890 3020/3563/2891 
f 3021/3564/2892 2789/3307/2679 2757/3272/2647 
f 2757/3272/2647 3017/3560/2888 3021/3564/2892 
f 3017/3560/2888 2931/3470/2815 2930/3469/2814 
f 2930/3469/2814 3021/3564/2892 3017/3560/2888 
f 2933/3472/2816 3018/3561/2889 3021/3564/2892 
f 3021/3564/2892 2930/3469/2814 2933/3472/2816 
f 2790/3308/2680 2789/3307/2679 3021/3564/2892 
f 3021/3564/2892 3018/3561/2889 2790/3308/2680 
f 2808/3328/2698 3020/3563/2891 3022/3565/2893 
f 3022/3565/2893 2828/3355/2718 2808/3328/2698 
f 2912/3451/2800 2915/3454/2801 3022/3565/2893 
f 3022/3565/2893 3020/3563/2891 2912/3451/2800 
f 2907/3446/2797 3023/3566/2894 3022/3565/2893 
f 3022/3565/2893 2915/3454/2801 2907/3446/2797 
f 2828/3355/2718 3022/3565/2893 3023/3566/2894 
f 3023/3566/2894 2829/3356/2719 2828/3355/2718 
f 2829/3356/2719 3023/3566/2894 3024/3567/2895 
f 3024/3567/2895 2861/3390/2751 2829/3356/2719 
f 3024/3567/2895 3023/3566/2894 2907/3446/2797 
f 2907/3446/2797 2906/3445/2796 3024/3567/2895 
f 2892/3429/2782 3025/3568/2896 3024/3567/2895 
f 3024/3567/2895 2906/3445/2796 2892/3429/2782 
f 2861/3390/2751 3024/3567/2895 3025/3568/2896 
f 3025/3568/2896 2862/3392/2752 2861/3390/2751 
f 3026/3569/2897 3027/3570/2898 3028/3571/2899 
f 3028/3571/2899 3029/3572/2900 3026/3569/2897 
f 2898/3435/2788 3028/3571/2899 3027/3570/2898 
f 3027/3570/2898 2895/3432/2785 2898/3435/2788 
f 2848/3377/2738 3028/3573/2899 2898/3438/2788 
f 2898/3438/2788 2849/3378/2739 2848/3377/2738 
f 2848/3377/2738 2847/3376/2737 3029/3574/2900 
f 3029/3574/2900 3028/3573/2899 2848/3377/2738 
f 3030/3575/2901 2876/3410/2766 2862/3392/2752 
f 2862/3392/2752 3025/3568/2896 3030/3575/2901 
f 3025/3568/2896 2892/3429/2782 2891/3428/2781 
f 2891/3428/2781 3030/3575/2901 3025/3568/2896 
f 2891/3428/2781 2894/3431/2784 3031/3576/2902 
f 3031/3576/2902 3030/3575/2901 2891/3428/2781 
f 3031/3576/2902 2877/3412/2767 2876/3410/2766 
f 2876/3410/2766 3030/3575/2901 3031/3576/2902 
f 3032/3577/956 2903/3442/2793 2902/3441/2792 
f 2902/3441/2792 3033/3578/956 3032/3577/956 
f 3033/3578/956 2801/3320/2691 2857/3386/2747 
f 2857/3386/2747 3032/3577/956 3033/3578/956 
f 3032/3577/956 2857/3386/2747 2844/3373/2734 
f 2844/3373/2734 3034/3579/2903 3032/3577/956 
f 3034/3579/2903 2905/3444/2795 2903/3442/2793 
f 2903/3442/2793 3032/3577/956 3034/3579/2903 
f 2911/3450/2799 2905/3444/2795 3034/3579/2903 
f 3034/3579/2903 3035/3580/2904 2911/3450/2799 
f 2843/3372/2733 3035/3580/2904 3034/3579/2903 
f 3034/3579/2903 2844/3373/2734 2843/3372/2733 
f 2899/3437/2789 3035/3580/2904 2843/3372/2733 
f 2843/3372/2733 2849/3378/2739 2899/3437/2789 
f 2899/3437/2789 2873/3406/2763 2911/3450/2799 
f 2911/3450/2799 3035/3580/2904 2899/3437/2789 
f 2918/3457/2804 3036/3581/956 3037/3582/956 
f 3037/3582/956 2919/3458/2805 2918/3457/2804 
f 3037/3582/956 3036/3581/956 2786/3303/2676 
f 2786/3303/2676 2803/3322/2693 3037/3582/956 
f 3038/3583/956 3037/3582/956 2803/3322/2693 
f 2803/3322/2693 2793/3312/2683 3038/3583/956 
f 3037/3582/956 3038/3583/956 2920/3459/2806 
f 2920/3459/2806 2919/3458/2805 3037/3582/956 
f 2920/3459/2806 3038/3583/956 3039/3584/956 
f 3039/3584/956 2923/3462/2809 2920/3459/2806 
f 2796/3315/2686 3039/3584/956 3038/3583/956 
f 3038/3583/956 2793/3312/2683 2796/3315/2686 
f 3033/3578/956 3039/3584/956 2796/3315/2686 
f 2796/3315/2686 2801/3320/2691 3033/3578/956 
f 3033/3578/956 2902/3441/2792 2923/3462/2809 
f 2923/3462/2809 3039/3584/956 3033/3578/956 
f 3040/3585/956 2927/3466/2813 2926/3465/2812 
f 2926/3465/2812 3041/3586/956 3040/3585/956 
f 2782/3299/2672 3040/3585/956 3041/3586/956 
f 3041/3586/956 2729/3238/2619 2782/3299/2672 
f 2786/3303/2676 3036/3581/956 3040/3585/956 
f 3040/3585/956 2782/3299/2672 2786/3303/2676 
f 3040/3585/956 3036/3581/956 2918/3457/2804 
f 2918/3457/2804 2927/3466/2813 3040/3585/956 
f 3042/3587/956 2943/3482/2823 2942/3481/2822 
f 2942/3481/2822 3043/3588/956 3042/3587/956 
f 3042/3587/956 3043/3588/956 2714/3221/2604 
f 2714/3221/2604 2737/3246/2627 3042/3587/956 
f 2724/3233/2614 3044/3589/956 3042/3587/956 
f 3042/3587/956 2737/3246/2627 2724/3233/2614 
f 2944/3483/2824 2943/3482/2823 3042/3587/956 
f 3042/3587/956 3044/3589/956 2944/3483/2824 
f 3045/3590/956 2951/3490/2829 2944/3483/2824 
f 2944/3483/2824 3044/3589/956 3045/3590/956 
f 3045/3590/956 3044/3589/956 2724/3233/2614 
f 2724/3233/2614 2723/3232/2613 3045/3590/956 
f 2729/3238/2619 3041/3586/956 3045/3590/956 
f 3045/3590/956 2723/3232/2613 2729/3238/2619 
f 2926/3465/2812 2951/3490/2829 3045/3590/956 
f 3045/3590/956 3041/3586/956 2926/3465/2812 
f 3046/3591/956 2954/3493/2832 2955/3494/2833 
f 2955/3494/2833 3047/3592/956 3046/3591/956 
f 2710/3217/2600 3046/3591/956 3047/3592/956 
f 3047/3592/956 2657/3154/2547 2710/3217/2600 
f 3043/3588/956 3046/3591/956 2710/3217/2600 
f 2710/3217/2600 2714/3221/2604 3043/3588/956 
f 2942/3481/2822 2954/3493/2832 3046/3591/956 
f 3046/3591/956 3043/3588/956 2942/3481/2822 
f 2966/3505/2840 3048/3593/956 3049/3594/956 
f 3049/3594/956 2967/3506/2841 2966/3505/2840 
f 3049/3594/956 3048/3593/956 2639/3133/2529 
f 2639/3133/2529 2665/3162/2555 3049/3594/956 
f 2651/3148/2541 3050/3595/956 3049/3594/956 
f 3049/3594/956 2665/3162/2555 2651/3148/2541 
f 2969/3508/2843 2967/3506/2841 3049/3594/956 
f 3049/3594/956 3050/3595/956 2969/3508/2843 
f 3051/3596/956 2975/3514/2847 2969/3508/2843 
f 2969/3508/2843 3050/3595/956 3051/3596/956 
f 3051/3596/956 3050/3595/956 2651/3148/2541 
f 2651/3148/2541 2650/3147/2540 3051/3596/956 
f 3047/3592/956 3051/3596/956 2650/3147/2540 
f 2650/3147/2540 2657/3154/2547 3047/3592/956 
f 2955/3494/2833 2975/3514/2847 3051/3596/956 
f 3051/3596/956 3047/3592/956 2955/3494/2833 
f 3052/3597/956 2977/3516/2849 2601/3088/2491 
f 2601/3088/2491 2983/3522/2854 3052/3597/956 
f 2633/3127/2523 2632/3126/2522 3052/3597/956 
f 3052/3597/956 2983/3522/2854 2633/3127/2523 
f 3048/3593/956 3052/3597/956 2632/3126/2522 
f 2632/3126/2522 2639/3133/2529 3048/3593/956 
f 2966/3505/2840 2977/3516/2849 3052/3597/956 
f 3052/3597/956 3048/3593/956 2966/3505/2840 
f 3053/3598/2905 3054/3599/2906 2879/3415/2769 
f 2879/3415/2769 3055/3600/2907 3053/3598/2905 
f 3053/3598/2905 3055/3600/2907 3056/3601/2908 
f 3056/3601/2908 3057/3602/2909 3053/3598/2905 
f 3053/3598/2905 3057/3602/2909 2895/3432/2785 
f 2895/3432/2785 3027/3570/2898 3053/3598/2905 
f 3053/3598/2905 3027/3570/2898 3026/3569/2897 
f 3026/3569/2897 3054/3599/2906 3053/3598/2905 
f 2608/3105/2498 2615/3104/2505 3005/3548/2876 
f 3005/3548/2876 3058/3603/2910 2608/3105/2498 
f 3059/3604/2911 3058/3603/2910 3005/3548/2876 
f 3005/3548/2876 2986/3525/2857 3059/3604/2911 
f 3058/3605/2910 3059/3606/2911 3060/3607/2912 
f 3060/3607/2912 3061/3608/2913 3058/3605/2910 
f 2608/3095/2498 3058/3605/2910 3061/3608/2913 
f 3061/3608/2913 2609/3096/2499 2608/3095/2498 
f 2985/3524/2856 3062/3609/2914 3059/3604/2911 
f 3059/3604/2911 2986/3525/2857 2985/3524/2856 
f 3063/3610/2915 3062/3609/2914 2985/3524/2856 
f 2985/3524/2856 2606/3093/2496 3063/3610/2915 
f 3062/3611/2914 3063/3612/2915 3064/3613/2916 
f 3064/3613/2916 3065/3614/2917 3062/3611/2914 
f 3065/3614/2917 3060/3607/2912 3059/3606/2911 
f 3059/3606/2911 3062/3611/2914 3065/3614/2917 
f 3056/3601/2908 3066/3615/2918 3067/3616/2919 
f 3067/3616/2919 3057/3602/2909 3056/3601/2908 
f 3068/3617/2920 3067/3616/2919 3066/3615/2918 
f 3066/3615/2918 3069/3618/2921 3068/3617/2920 
f 3068/3617/2920 2866/3397/2756 2896/3433/2786 
f 2896/3433/2786 3067/3616/2919 3068/3617/2920 
f 3057/3602/2909 3067/3616/2919 2896/3433/2786 
f 2896/3433/2786 2895/3432/2785 3057/3602/2909 
f 3070/3619/2922 3071/3620/2923 3072/3621/2924 
f 3072/3621/2924 3073/3622/2925 3070/3619/2922 
f 2881/3417/2771 3070/3619/2922 3073/3622/2925 
f 3073/3622/2925 2825/3351/2715 2881/3417/2771 
f 2870/3401/2760 3074/3623/2926 3070/3619/2922 
f 3070/3619/2922 2881/3417/2771 2870/3401/2760 
f 3075/3624/2927 3071/3620/2923 3070/3619/2922 
f 3070/3619/2922 3074/3623/2926 3075/3624/2927 
f 3076/3625/2928 3077/3626/2929 2845/3374/2735 
f 2845/3374/2735 2846/3375/2736 3076/3625/2928 
f 3078/3627/2930 3077/3628/2929 3076/3629/2928 
f 3076/3629/2928 3079/3630/2931 3078/3627/2930 
f 3077/3628/2929 3078/3627/2930 3026/3569/2897 
f 3026/3569/2897 3029/3572/2900 3077/3628/2929 
f 2845/3374/2735 3077/3626/2929 3029/3574/2900 
f 3029/3574/2900 2847/3376/2737 2845/3374/2735 
f 3069/3618/2921 3080/3631/2932 3081/3632/2933 
f 3081/3632/2933 3068/3617/2920 3069/3618/2921 
f 3081/3632/2933 3080/3631/2932 3075/3624/2927 
f 3075/3624/2927 3074/3623/2926 3081/3632/2933 
f 2870/3401/2760 2867/3398/2757 3081/3632/2933 
f 3081/3632/2933 3074/3623/2926 2870/3401/2760 
f 3068/3617/2920 3081/3632/2933 2867/3398/2757 
f 2867/3398/2757 2866/3397/2756 3068/3617/2920 
f 2858/3387/2748 2799/3318/2689 3082/3633/2934 
f 3082/3633/2934 3083/3634/2935 2858/3387/2748 
f 3082/3635/2934 3084/3636/2936 3085/3637/2937 
f 3085/3637/2937 3083/3638/2935 3082/3635/2934 
f 3076/3629/2928 3083/3638/2935 3085/3637/2937 
f 3085/3637/2937 3079/3630/2931 3076/3629/2928 
f 2858/3387/2748 3083/3634/2935 3076/3625/2928 
f 3076/3625/2928 2846/3375/2736 2858/3387/2748 
f 3086/3639/2938 3087/3640/2939 3088/3641/2940 
f 3088/3641/2940 3089/3642/2941 3086/3639/2938 
f 2832/3360/2722 3088/3641/2940 3087/3640/2939 
f 3087/3640/2939 2816/3339/2706 2832/3360/2722 
f 3088/3641/2940 2832/3360/2722 2819/3342/2709 
f 2819/3342/2709 3090/3643/2942 3088/3641/2940 
f 3088/3641/2940 3090/3643/2942 3091/3644/2943 
f 3091/3644/2943 3089/3642/2941 3088/3641/2940 
f 2797/3316/2687 3092/3645/2944 3093/3646/2945 
f 3093/3646/2945 2798/3317/2688 2797/3316/2687 
f 3092/3647/2944 3094/3648/2946 3095/3649/2947 
f 3095/3649/2947 3093/3650/2945 3092/3647/2944 
f 3093/3650/2945 3095/3649/2947 3084/3636/2936 
f 3084/3636/2936 3082/3635/2934 3093/3650/2945 
f 2798/3317/2688 3093/3646/2945 3082/3633/2934 
f 3082/3633/2934 2799/3318/2689 2798/3317/2688 
f 3091/3644/2943 3090/3643/2942 3096/3651/2948 
f 3096/3651/2948 3097/3652/2949 3091/3644/2943 
f 3096/3651/2948 3090/3643/2942 2819/3342/2709 
f 2819/3342/2709 2818/3341/2708 3096/3651/2948 
f 2825/3351/2715 3073/3622/2925 3096/3651/2948 
f 3096/3651/2948 2818/3341/2708 2825/3351/2715 
f 3096/3651/2948 3073/3622/2925 3072/3621/2924 
f 3072/3621/2924 3097/3652/2949 3096/3651/2948 
f 3098/3653/2950 3099/3654/2951 3100/3655/2952 
f 3100/3655/2952 3101/3656/2953 3098/3653/2950 
f 3099/3654/2951 2753/3266/2643 2812/3333/2702 
f 2812/3333/2702 3100/3655/2952 3099/3654/2951 
f 3087/3640/2939 3100/3655/2952 2812/3333/2702 
f 2812/3333/2702 2816/3339/2706 3087/3640/2939 
f 3100/3655/2952 3087/3640/2939 3086/3639/2938 
f 3086/3639/2938 3101/3656/2953 3100/3655/2952 
f 3102/3657/2954 2804/3323/2694 2784/3301/2674 
f 2784/3301/2674 3103/3658/2955 3102/3657/2954 
f 3104/3659/2956 3102/3660/2954 3103/3661/2955 
f 3103/3661/2955 3105/3662/2957 3104/3659/2956 
f 3094/3648/2946 3092/3647/2944 3102/3660/2954 
f 3102/3660/2954 3104/3659/2956 3094/3648/2946 
f 3092/3645/2944 2797/3316/2687 2804/3323/2694 
f 2804/3323/2694 3102/3657/2954 3092/3645/2944 
f 3106/3663/2958 2783/3300/2673 2727/3236/2617 
f 2727/3236/2617 3107/3664/2959 3106/3663/2958 
f 3107/3665/2959 3108/3666/2960 3109/3667/2961 
f 3109/3667/2961 3106/3668/2958 3107/3665/2959 
f 3103/3661/2955 3106/3668/2958 3109/3667/2961 
f 3109/3667/2961 3105/3662/2957 3103/3661/2955 
f 3103/3658/2955 2784/3301/2674 2783/3300/2673 
f 2783/3300/2673 3106/3663/2958 3103/3658/2955 
f 3110/3669/2962 3111/3670/2963 3112/3671/2964 
f 3112/3671/2964 3113/3672/2965 3110/3669/2962 
f 3110/3669/2962 3113/3672/2965 2702/3208/2592 
f 2702/3208/2592 2761/3277/2651 3110/3669/2962 
f 2748/3259/2638 3114/3673/2966 3110/3669/2962 
f 3110/3669/2962 2761/3277/2651 2748/3259/2638 
f 3110/3669/2962 3114/3673/2966 3115/3674/2967 
f 3115/3674/2967 3111/3670/2963 3110/3669/2962 
f 3116/3675/2968 2725/3234/2615 2726/3235/2616 
f 2726/3235/2616 3117/3676/2969 3116/3675/2968 
f 3118/3677/2970 3119/3678/2971 3116/3679/2968 
f 3116/3679/2968 3117/3680/2969 3118/3677/2970 
f 3108/3666/2960 3107/3665/2959 3116/3679/2968 
f 3116/3679/2968 3119/3678/2971 3108/3666/2960 
f 2727/3236/2617 2725/3234/2615 3116/3675/2968 
f 3116/3675/2968 3107/3664/2959 2727/3236/2617 
f 3120/3681/2972 3121/3682/2973 3115/3674/2967 
f 3115/3674/2967 3114/3673/2966 3120/3681/2972 
f 2748/3259/2638 2747/3258/2637 3120/3681/2972 
f 3120/3681/2972 3114/3673/2966 2748/3259/2638 
f 2747/3258/2637 2753/3266/2643 3099/3654/2951 
f 3099/3654/2951 3120/3681/2972 2747/3258/2637 
f 3099/3654/2951 3098/3653/2950 3121/3682/2973 
f 3121/3682/2973 3120/3681/2972 3099/3654/2951 
f 3122/3683/2974 2738/3247/2628 2713/3220/2603 
f 2713/3220/2603 3123/3684/2975 3122/3683/2974 
f 3122/3685/2974 3123/3686/2975 3124/3687/2976 
f 3124/3687/2976 3125/3688/2977 3122/3685/2974 
f 3122/3685/2974 3125/3688/2977 3118/3677/2970 
f 3118/3677/2970 3117/3680/2969 3122/3685/2974 
f 2738/3247/2628 3122/3683/2974 3117/3676/2969 
f 3117/3676/2969 2726/3235/2616 2738/3247/2628 
f 3126/3689/2978 3127/3690/2979 2711/3218/2601 
f 2711/3218/2601 2655/3152/2545 3126/3689/2978 
f 3128/3691/2980 3129/3692/2981 3127/3693/2979 
f 3127/3693/2979 3126/3694/2978 3128/3691/2980 
f 3127/3693/2979 3129/3692/2981 3124/3687/2976 
f 3124/3687/2976 3123/3686/2975 3127/3693/2979 
f 2713/3220/2603 2711/3218/2601 3127/3690/2979 
f 3127/3690/2979 3123/3684/2975 2713/3220/2603 
f 3130/3695/2982 3131/3696/2983 3132/3697/2984 
f 3132/3697/2984 3133/3698/2985 3130/3695/2982 
f 2681/3183/2571 2698/3203/2588 3131/3696/2983 
f 3131/3696/2983 3130/3695/2982 2681/3183/2571 
f 3131/3696/2983 2698/3203/2588 2702/3208/2592 
f 2702/3208/2592 3113/3672/2965 3131/3696/2983 
f 3113/3672/2965 3112/3671/2964 3132/3697/2984 
f 3132/3697/2984 3131/3696/2983 3113/3672/2965 
f 3134/3699/2986 3135/3700/2987 3136/3701/2988 
f 3136/3701/2988 3137/3702/2989 3134/3699/2986 
f 3136/3701/2988 3135/3700/2987 2625/3119/2515 
f 2625/3119/2515 2689/3193/2579 3136/3701/2988 
f 2673/3172/2563 3138/3703/2990 3136/3701/2988 
f 3136/3701/2988 2689/3193/2579 2673/3172/2563 
f 3139/3704/2991 3137/3702/2989 3136/3701/2988 
f 3136/3701/2988 3138/3703/2990 3139/3704/2991 
f 3140/3705/2992 3141/3706/2993 2654/3151/2544 
f 2654/3151/2544 2653/3150/2543 3140/3705/2992 
f 3141/3707/2993 3140/3708/2992 3142/3709/2994 
f 3142/3709/2994 3143/3710/2995 3141/3707/2993 
f 3128/3691/2980 3126/3694/2978 3141/3707/2993 
f 3141/3707/2993 3143/3710/2995 3128/3691/2980 
f 2654/3151/2544 3141/3706/2993 3126/3689/2978 
f 3126/3689/2978 2655/3152/2545 2654/3151/2544 
f 3139/3704/2991 3138/3703/2990 3144/3711/2996 
f 3144/3711/2996 3145/3712/2997 3139/3704/2991 
f 3138/3703/2990 2673/3172/2563 2676/3175/2566 
f 2676/3175/2566 3144/3711/2996 3138/3703/2990 
f 3130/3695/2982 3144/3711/2996 2676/3175/2566 
f 2676/3175/2566 2681/3183/2571 3130/3695/2982 
f 3144/3711/2996 3130/3695/2982 3133/3698/2985 
f 3133/3698/2985 3145/3712/2997 3144/3711/2996 
f 2638/3132/2528 3146/3713/2998 3147/3714/2999 
f 3147/3714/2999 2666/3163/2556 2638/3132/2528 
f 3147/3715/2999 3146/3716/2998 3148/3717/3000 
f 3148/3717/3000 3149/3718/3001 3147/3715/2999 
f 3142/3709/2994 3140/3708/2992 3147/3715/2999 
f 3147/3715/2999 3149/3718/3001 3142/3709/2994 
f 3140/3705/2992 2653/3150/2543 2666/3163/2556 
f 2666/3163/2556 3147/3714/2999 3140/3705/2992 
f 2614/3103/2504 2611/3102/2501 3150/3719/3002 
f 3150/3719/3002 2636/3130/2526 2614/3103/2504 
f 3151/3720/3003 3150/3721/3002 2611/3098/2501 
f 2611/3098/2501 2612/3099/2502 3151/3720/3003 
f 3148/3717/3000 3146/3716/2998 3150/3721/3002 
f 3150/3721/3002 3151/3720/3003 3148/3717/3000 
f 3150/3719/3002 3146/3713/2998 2638/3132/2528 
f 2638/3132/2528 2636/3130/2526 3150/3719/3002 
f 3152/3722/3004 3153/3723/3005 3154/3724/3006 
f 3154/3724/3006 3155/3725/3007 3152/3722/3004 
f 3152/3722/3004 3155/3725/3007 2598/3085/2488 
f 2598/3085/2488 2620/3112/2510 3152/3722/3004 
f 2625/3119/2515 3135/3700/2987 3152/3722/3004 
f 3152/3722/3004 2620/3112/2510 2625/3119/2515 
f 3134/3699/2986 3153/3723/3005 3152/3722/3004 
f 3152/3722/3004 3135/3700/2987 3134/3699/2986 
f 3156/3726/3008 3157/3727/3009 3158/3728/3010 
f 3158/3728/3010 3159/3729/3011 3156/3726/3008 
f 3160/3730/3012 3156/3726/3008 3159/3729/3011 
f 3159/3729/3011 2580/3061/2470 3160/3730/3012 
f 2619/3109/2509 2617/3107/2507 3156/3726/3008 
f 3156/3726/3008 3160/3730/3012 2619/3109/2509 
f 3156/3726/3008 2617/3107/2507 2593/3077/2483 
f 2593/3077/2483 3157/3727/3009 3156/3726/3008 
f 3161/3731/3013 3162/3732/3014 2998/3539/2869 
f 2998/3539/2869 3163/3733/3015 3161/3731/3013 
f 3164/3734/3016 3161/3731/3013 3163/3733/3015 
f 3163/3733/3015 2641/3135/2531 3164/3734/3016 
f 2612/3099/2502 2610/3097/2500 3161/3731/3013 
f 3161/3731/3013 3164/3734/3016 2612/3099/2502 
f 3162/3732/3014 3161/3731/3013 2610/3097/2500 
f 2610/3097/2500 2609/3096/2499 3162/3732/3014 
f 3158/3728/3010 3157/3727/3009 3165/3735/3017 
f 3165/3735/3017 3166/3736/3018 3158/3728/3010 
f 2592/3076/2482 3165/3735/3017 3157/3727/3009 
f 3157/3727/3009 2593/3077/2483 2592/3076/2482 
f 3165/3735/3017 2592/3076/2482 2598/3085/2488 
f 2598/3085/2488 3155/3725/3007 3165/3735/3017 
f 3165/3735/3017 3155/3725/3007 3154/3724/3006 
f 3154/3724/3006 3166/3736/3018 3165/3735/3017 
f 3063/3610/2915 2606/3093/2496 2605/3092/2495 
f 2605/3092/2495 3167/3737/3019 3063/3610/2915 
f 2605/3092/2495 2604/3091/2494 2618/3111/2508 
f 2618/3111/2508 3167/3737/3019 2605/3092/2495 
f 3167/3738/3019 2618/3108/2508 2619/3109/2509 
f 2619/3109/2509 3168/3739/3020 3167/3738/3019 
f 3167/3740/3019 3168/3741/3020 3064/3613/2916 
f 3064/3613/2916 3063/3612/2915 3167/3740/3019 
f 3169/3742/3021 2628/3122/2518 2587/3071/2477 
f 2587/3071/2477 3170/3743/3022 3169/3742/3021 
f 3166/3736/3018 3169/3744/3021 3170/3745/3022 
f 3170/3745/3022 3158/3728/3010 3166/3736/3018 
f 3171/3746/3023 3169/3744/3021 3166/3736/3018 
f 3166/3736/3018 3154/3724/3006 3171/3746/3023 
f 2628/3122/2518 3169/3742/3021 3171/3747/3023 
f 3171/3747/3023 2629/3123/2519 2628/3122/2518 
f 3000/3543/2871 3002/3545/2873 3172/3748/3024 
f 3172/3748/3024 2997/3542/2868 3000/3543/2871 
f 2642/3140/2532 3172/3748/3024 3002/3545/2873 
f 3002/3545/2873 2645/3141/2535 2642/3140/2532 
f 2641/3135/2531 3163/3733/3015 3172/3749/3024 
f 3172/3749/3024 2642/3136/2532 2641/3135/2531 
f 2998/3539/2869 2997/3538/2868 3172/3749/3024 
f 3172/3749/3024 3163/3733/3015 2998/3539/2869 
f 3173/3750/3025 3170/3743/3022 2587/3071/2477 
f 2587/3071/2477 2586/3070/2476 3173/3750/3025 
f 2586/3070/2476 2581/3064/2471 2579/3063/2469 
f 2579/3063/2469 3173/3750/3025 2586/3070/2476 
f 3173/3751/3025 2579/3058/2469 2580/3061/2470 
f 2580/3061/2470 3159/3729/3011 3173/3751/3025 
f 3173/3751/3025 3159/3729/3011 3158/3728/3010 
f 3158/3728/3010 3170/3745/3022 3173/3751/3025 
f 3171/3747/3023 3174/3752/3026 2660/3157/2550 
f 2660/3157/2550 2629/3123/2519 3171/3747/3023 
f 3154/3724/3006 3153/3723/3005 3174/3753/3026 
f 3174/3753/3026 3171/3746/3023 3154/3724/3006 
f 3134/3699/2986 3175/3754/3027 3174/3753/3026 
f 3174/3753/3026 3153/3723/3005 3134/3699/2986 
f 2660/3157/2550 3174/3752/3026 3175/3755/3027 
f 3175/3755/3027 2662/3159/2552 2660/3157/2550 
f 3176/3756/3028 3177/3757/3029 2705/3212/2595 
f 2705/3212/2595 2695/3200/2585 3176/3756/3028 
f 3177/3758/3029 3176/3759/3028 3139/3704/2991 
f 3139/3704/2991 3145/3712/2997 3177/3758/3029 
f 3145/3712/2997 3133/3698/2985 3178/3760/3030 
f 3178/3760/3030 3177/3758/3029 3145/3712/2997 
f 2705/3212/2595 3177/3757/3029 3178/3761/3030 
f 3178/3761/3030 2706/3213/2596 2705/3212/2595 
f 2693/3198/2583 2662/3159/2552 3175/3755/3027 
f 3175/3755/3027 3179/3762/3031 2693/3198/2583 
f 3134/3699/2986 3137/3702/2989 3179/3763/3031 
f 3179/3763/3031 3175/3754/3027 3134/3699/2986 
f 3139/3704/2991 3176/3759/3028 3179/3763/3031 
f 3179/3763/3031 3137/3702/2989 3139/3704/2991 
f 2693/3198/2583 3179/3762/3031 3176/3756/3028 
f 3176/3756/3028 2695/3200/2585 2693/3198/2583 
f 3178/3761/3030 3180/3764/3032 2732/3241/2622 
f 2732/3241/2622 2706/3213/2596 3178/3761/3030 
f 3178/3760/3030 3133/3698/2985 3132/3697/2984 
f 3132/3697/2984 3180/3765/3032 3178/3760/3030 
f 3112/3671/2964 3181/3766/3033 3180/3765/3032 
f 3180/3765/3032 3132/3697/2984 3112/3671/2964 
f 2732/3241/2622 3180/3764/3032 3181/3767/3033 
f 3181/3767/3033 2734/3243/2624 2732/3241/2622 
f 2766/3283/2656 3182/3768/3034 3183/3769/3035 
f 3183/3769/3035 2780/3297/2670 2766/3283/2656 
f 3183/3770/3035 3182/3771/3034 3115/3674/2967 
f 3115/3674/2967 3121/3682/2973 3183/3770/3035 
f 3098/3653/2950 3184/3772/3036 3183/3770/3035 
f 3183/3770/3035 3121/3682/2973 3098/3653/2950 
f 2780/3297/2670 3183/3769/3035 3184/3773/3036 
f 3184/3773/3036 2773/3290/2663 2780/3297/2670 
f 2734/3243/2624 3181/3767/3033 3185/3774/3037 
f 3185/3774/3037 2765/3282/2655 2734/3243/2624 
f 3111/3670/2963 3185/3775/3037 3181/3766/3033 
f 3181/3766/3033 3112/3671/2964 3111/3670/2963 
f 3185/3775/3037 3111/3670/2963 3115/3674/2967 
f 3115/3674/2967 3182/3771/3034 3185/3775/3037 
f 3182/3768/3034 2766/3283/2656 2765/3282/2655 
f 2765/3282/2655 3185/3774/3037 3182/3768/3034 
f 3186/3776/3038 2774/3291/2664 2773/3290/2663 
f 2773/3290/2663 3184/3773/3036 3186/3776/3038 
f 3186/3777/3038 3184/3772/3036 3098/3653/2950 
f 3098/3653/2950 3101/3656/2953 3186/3777/3038 
f 3086/3639/2938 3187/3778/3039 3186/3777/3038 
f 3186/3777/3038 3101/3656/2953 3086/3639/2938 
f 3187/3779/3039 2775/3292/2665 2774/3291/2664 
f 2774/3291/2664 3186/3776/3038 3187/3779/3039 
f 3188/3780/3040 2852/3381/2742 2838/3367/2728 
f 2838/3367/2728 3189/3781/3041 3188/3780/3040 
f 3188/3782/3040 3189/3783/3041 3091/3644/2943 
f 3091/3644/2943 3097/3652/2949 3188/3782/3040 
f 3188/3782/3040 3097/3652/2949 3072/3621/2924 
f 3072/3621/2924 3190/3784/3042 3188/3782/3040 
f 2852/3381/2742 3188/3780/3040 3190/3785/3042 
f 3190/3785/3042 2853/3382/2743 2852/3381/2742 
f 3191/3786/3043 2837/3366/2727 2775/3292/2665 
f 2775/3292/2665 3187/3779/3039 3191/3786/3043 
f 3191/3787/3043 3187/3778/3039 3086/3639/2938 
f 3086/3639/2938 3089/3642/2941 3191/3787/3043 
f 3091/3644/2943 3189/3783/3041 3191/3787/3043 
f 3191/3787/3043 3089/3642/2941 3091/3644/2943 
f 2837/3366/2727 3191/3786/3043 3189/3781/3041 
f 3189/3781/3041 2838/3367/2728 2837/3366/2727 
f 3192/3788/3044 2888/3425/2778 2887/3424/2777 
f 2887/3424/2777 3193/3789/3045 3192/3788/3044 
f 3194/3790/3046 3193/3789/3045 2887/3424/2777 
f 2887/3424/2777 2886/3423/2776 3194/3790/3046 
f 3194/3791/3046 3075/3624/2927 3080/3631/2932 
f 3080/3631/2932 3193/3792/3045 3194/3791/3046 
f 3080/3631/2932 3069/3618/2921 3192/3793/3044 
f 3192/3793/3044 3193/3792/3045 3080/3631/2932 
f 2885/3422/2775 2853/3382/2743 3190/3785/3042 
f 3190/3785/3042 3195/3794/3047 2885/3422/2775 
f 3071/3620/2923 3195/3795/3047 3190/3784/3042 
f 3190/3784/3042 3072/3621/2924 3071/3620/2923 
f 3071/3620/2923 3075/3624/2927 3194/3791/3046 
f 3194/3791/3046 3195/3795/3047 3071/3620/2923 
f 2886/3423/2776 2885/3422/2775 3195/3794/3047 
f 3195/3794/3047 3194/3790/3046 2886/3423/2776 
f 3196/3796/3048 2894/3431/2784 2893/3430/2783 
f 2893/3430/2783 3197/3797/3049 3196/3796/3048 
f 3192/3788/3044 3197/3797/3049 2893/3430/2783 
f 2893/3430/2783 2888/3425/2778 3192/3788/3044 
f 3066/3615/2918 3197/3798/3049 3192/3793/3044 
f 3192/3793/3044 3069/3618/2921 3066/3615/2918 
f 3066/3615/2918 3056/3601/2908 3196/3799/3048 
f 3196/3799/3048 3197/3798/3049 3066/3615/2918 
f 2878/3413/2768 2877/3412/2767 3031/3576/2902 
f 3031/3576/2902 3198/3800/3050 2878/3413/2768 
f 3031/3576/2902 2894/3431/2784 3196/3796/3048 
f 3196/3796/3048 3198/3800/3050 3031/3576/2902 
f 3055/3600/2907 3198/3801/3050 3196/3799/3048 
f 3196/3799/3048 3056/3601/2908 3055/3600/2907 
f 3055/3600/2907 2879/3415/2769 2878/3414/2768 
f 2878/3414/2768 3198/3801/3050 3055/3600/2907 
f 3061/3608/2913 3199/3802/3051 3162/3732/3014 
f 3162/3732/3014 2609/3096/2499 3061/3608/2913 
f 3061/3608/2913 3060/3607/2912 3200/3803/3052 
f 3200/3803/3052 3199/3802/3051 3061/3608/2913 
f 2995/3536/2866 3199/3802/3051 3200/3803/3052 
f 3200/3803/3052 2993/3532/2864 2995/3536/2866 
f 2995/3536/2866 2998/3539/2869 3162/3732/3014 
f 3162/3732/3014 3199/3802/3051 2995/3536/2866 
f 3060/3607/2912 3065/3614/2917 3201/3804/3053 
f 3201/3804/3053 3200/3803/3052 3060/3607/2912 
f 3064/3613/2916 3202/3805/3054 3201/3804/3053 
f 3201/3804/3053 3065/3614/2917 3064/3613/2916 
f 2994/3533/2865 3201/3804/3053 3202/3805/3054 
f 3202/3805/3054 2575/3054/2465 2994/3533/2865 
f 2993/3532/2864 3200/3803/3052 3201/3804/3053 
f 3201/3804/3053 2994/3533/2865 2993/3532/2864 
f 3078/3627/2930 3079/3630/2931 3203/3806/3055 
f 3203/3806/3055 3204/3807/3056 3078/3627/2930 
f 3204/3807/3056 3203/3806/3055 2864/3395/2754 
f 2864/3395/2754 2874/3408/2764 3204/3807/3056 
f 2879/3415/2769 3054/3599/2906 3204/3807/3056 
f 3204/3807/3056 2874/3408/2764 2879/3415/2769 
f 3078/3627/2930 3204/3807/3056 3054/3599/2906 
f 3054/3599/2906 3026/3569/2897 3078/3627/2930 
f 3205/3808/3057 3085/3637/2937 3084/3636/2936 
f 3084/3636/2936 3206/3809/3058 3205/3808/3057 
f 3205/3808/3057 3206/3809/3058 2831/3359/2721 
f 2831/3359/2721 2860/3389/2750 3205/3808/3057 
f 2864/3395/2754 3203/3806/3055 3205/3808/3057 
f 3205/3808/3057 2860/3389/2750 2864/3395/2754 
f 3203/3806/3055 3079/3630/2931 3085/3637/2937 
f 3085/3637/2937 3205/3808/3057 3203/3806/3055 
f 3207/3810/3059 3095/3649/2947 3094/3648/2946 
f 3094/3648/2946 3208/3811/3060 3207/3810/3059 
f 2827/3353/2717 3207/3810/3059 3208/3811/3060 
f 3208/3811/3060 2810/3331/2700 2827/3353/2717 
f 2831/3359/2721 3206/3809/3058 3207/3810/3059 
f 3207/3810/3059 2827/3353/2717 2831/3359/2721 
f 3084/3636/2936 3095/3649/2947 3207/3810/3059 
f 3207/3810/3059 3206/3809/3058 3084/3636/2936 
f 3104/3659/2956 3105/3662/2957 3209/3812/3061 
f 3209/3812/3061 3210/3813/3062 3104/3659/2956 
f 3210/3813/3062 3209/3812/3061 2792/3310/2682 
f 2792/3310/2682 2806/3325/2696 3210/3813/3062 
f 3208/3811/3060 3210/3813/3062 2806/3325/2696 
f 2806/3325/2696 2810/3331/2700 3208/3811/3060 
f 3094/3648/2946 3104/3659/2956 3210/3813/3062 
f 3210/3813/3062 3208/3811/3060 3094/3648/2946 
f 3108/3666/2960 3211/3814/3063 3212/3815/3064 
f 3212/3815/3064 3109/3667/2961 3108/3666/2960 
f 3212/3815/3064 3211/3814/3063 2759/3275/2649 
f 2759/3275/2649 2788/3305/2678 3212/3815/3064 
f 2792/3310/2682 3209/3812/3061 3212/3815/3064 
f 3212/3815/3064 2788/3305/2678 2792/3310/2682 
f 3209/3812/3061 3105/3662/2957 3109/3667/2961 
f 3109/3667/2961 3212/3815/3064 3209/3812/3061 
f 3213/3816/3065 3119/3678/2971 3118/3677/2970 
f 3118/3677/2970 3214/3817/3066 3213/3816/3065 
f 2755/3269/2645 3213/3816/3065 3214/3817/3066 
f 3214/3817/3066 2744/3255/2634 2755/3269/2645 
f 2759/3275/2649 3211/3814/3063 3213/3816/3065 
f 3213/3816/3065 2755/3269/2645 2759/3275/2649 
f 3108/3666/2960 3119/3678/2971 3213/3816/3065 
f 3213/3816/3065 3211/3814/3063 3108/3666/2960 
f 3125/3688/2977 3124/3687/2976 3215/3818/3067 
f 3215/3818/3067 3216/3819/3068 3125/3688/2977 
f 2739/3248/2629 3216/3819/3068 3215/3818/3067 
f 3215/3818/3067 2720/3229/2610 2739/3248/2629 
f 3214/3817/3066 3216/3819/3068 2739/3248/2629 
f 2739/3248/2629 2744/3255/2634 3214/3817/3066 
f 3214/3817/3066 3118/3677/2970 3125/3688/2977 
f 3125/3688/2977 3216/3819/3068 3214/3817/3066 
f 3129/3692/2981 3128/3691/2980 3217/3820/3069 
f 3217/3820/3069 3218/3821/3070 3129/3692/2981 
f 3218/3821/3070 3217/3820/3069 2687/3191/2577 
f 2687/3191/2577 2715/3222/2605 3218/3821/3070 
f 3215/3818/3067 3218/3821/3070 2715/3222/2605 
f 2715/3222/2605 2720/3229/2610 3215/3818/3067 
f 3215/3818/3067 3124/3687/2976 3129/3692/2981 
f 3129/3692/2981 3218/3821/3070 3215/3818/3067 
f 3219/3822/3071 3143/3710/2995 3142/3709/2994 
f 3142/3709/2994 3220/3823/3072 3219/3822/3071 
f 3220/3823/3072 2672/3171/2562 2682/3184/2572 
f 2682/3184/2572 3219/3822/3071 3220/3823/3072 
f 2687/3191/2577 3217/3820/3069 3219/3822/3071 
f 3219/3822/3071 2682/3184/2572 2687/3191/2577 
f 3143/3710/2995 3219/3822/3071 3217/3820/3069 
f 3217/3820/3069 3128/3691/2980 3143/3710/2995 
f 3148/3717/3000 3221/3824/3073 3222/3825/3074 
f 3222/3825/3074 3149/3718/3001 3148/3717/3000 
f 3221/3824/3073 2648/3145/2538 2668/3165/2558 
f 2668/3165/2558 3222/3825/3074 3221/3824/3073 
f 2668/3165/2558 2672/3171/2562 3220/3823/3072 
f 3220/3823/3072 3222/3825/3074 2668/3165/2558 
f 3142/3709/2994 3149/3718/3001 3222/3825/3074 
f 3222/3825/3074 3220/3823/3072 3142/3709/2994 
f 2612/3099/2502 3164/3734/3016 3223/3826/3075 
f 3223/3826/3075 3151/3720/3003 2612/3099/2502 
f 3164/3734/3016 2641/3135/2531 2640/3134/2530 
f 2640/3134/2530 3223/3826/3075 3164/3734/3016 
f 2640/3134/2530 2648/3145/2538 3221/3824/3073 
f 3221/3824/3073 3223/3826/3075 2640/3134/2530 
f 3151/3720/3003 3223/3826/3075 3221/3824/3073 
f 3221/3824/3073 3148/3717/3000 3151/3720/3003 
f 3064/3613/2916 3168/3741/3020 3224/3827/3076 
f 3224/3827/3076 3202/3805/3054 3064/3613/2916 
f 3160/3730/3012 3224/3828/3076 3168/3739/3020 
f 3168/3739/3020 2619/3109/2509 3160/3730/3012 
f 3160/3730/3012 2580/3061/2470 2576/3060/2466 
f 2576/3060/2466 3224/3828/3076 3160/3730/3012 
f 2576/3055/2466 2575/3054/2465 3202/3805/3054 
f 3202/3805/3054 3224/3827/3076 2576/3055/2466 
# 5184 faces

#
# object Tip_Cylinder_003
#

v  18.9384 45.2093 -7.4329
v  18.4771 45.2093 -5.8867
v  19.8061 41.7789 -5.3270
v  20.3493 41.7789 -7.1476
v  16.7200 45.2093 -3.2127
v  15.7931 48.2775 -4.1551
v  14.7634 48.2775 -3.2958
v  15.4916 45.2093 -2.1876
v  3.0378 45.2093 -7.4329
v  2.8820 45.2093 -9.0410
v  1.4435 41.7789 -9.0410
v  1.6269 41.7789 -7.1476
v  17.7281 45.2093 -4.4617
v  18.9241 41.7789 -3.6491
v  3.0378 45.2093 -10.6490
v  1.6269 41.7789 -10.9344
v  17.7371 41.7789 -2.1784
v  3.4991 45.2093 -12.1953
v  2.1701 41.7789 -12.7550
v  16.2908 41.7789 -0.9714
v  4.2481 45.2093 -13.6203
v  3.0521 41.7789 -14.4329
v  14.6406 41.7789 -0.0746
v  14.0902 45.2093 -1.4259
v  12.8502 41.7789 -18.5597
v  10.9881 41.7789 -18.7462
v  10.9881 45.2093 -17.2835
v  12.5695 45.2093 -17.1251
v  5.2562 45.2093 -14.8693
v  4.2391 41.7789 -15.9036
v  12.5695 45.2093 -0.9569
v  12.8502 41.7789 0.4777
v  14.0902 45.2093 -16.6561
v  14.6406 41.7789 -18.0074
v  5.6854 41.7789 -17.1106
v  6.4846 45.2093 -15.8944
v  10.9881 45.2093 -0.7985
v  10.9881 41.7789 0.6642
v  15.4916 45.2093 -15.8944
v  16.2908 41.7789 -17.1106
v  7.8860 45.2093 -16.6561
v  7.3356 41.7789 -18.0074
v  9.4067 45.2093 -0.9569
v  9.1261 41.7789 0.4777
v  17.7371 41.7789 -15.9036
v  16.7200 45.2093 -14.8693
v  9.4067 45.2093 -17.1251
v  9.1261 41.7789 -18.5597
v  7.8860 45.2093 -1.4259
v  7.3356 41.7789 -0.0746
v  17.7281 45.2093 -13.6203
v  18.9241 41.7789 -14.4329
v  5.6854 41.7789 -0.9714
v  6.4846 45.2093 -2.1876
v  19.8061 41.7789 -12.7550
v  18.4771 45.2093 -12.1953
v  5.2562 45.2093 -3.2127
v  4.2391 41.7789 -2.1784
v  18.9384 45.2093 -10.6490
v  20.3493 41.7789 -10.9344
v  4.2481 45.2093 -4.4617
v  3.0521 41.7789 -3.6491
v  20.5327 41.7789 -9.0410
v  19.0942 45.2093 -9.0410
v  2.1701 41.7789 -5.3270
v  3.4991 45.2093 -5.8867
v  10.9881 48.2775 -2.1313
v  12.3138 48.2775 -2.2641
v  12.0486 51.3456 -3.6197
v  10.9881 51.3456 -3.5135
v  5.3380 48.2775 -12.8798
v  4.7100 48.2775 -11.6852
v  13.5886 48.2775 -2.6573
v  10.9881 48.2775 -15.9507
v  12.3138 48.2775 -15.8179
v  6.1831 48.2775 -13.9269
v  13.5886 48.2775 -15.4247
v  7.2128 48.2775 -14.7862
v  14.7634 48.2775 -14.7862
v  8.3876 48.2775 -15.4247
v  9.6624 48.2775 -2.2641
v  15.7931 48.2775 -13.9269
v  9.6624 48.2775 -15.8179
v  8.3876 48.2775 -2.6573
v  16.6382 48.2775 -12.8798
v  7.2128 48.2775 -3.2958
v  17.2662 48.2775 -11.6852
v  6.1831 48.2775 -4.1551
v  17.6529 48.2775 -10.3890
v  5.3380 48.2775 -5.2021
v  17.7835 48.2775 -9.0410
v  4.7100 48.2775 -6.3968
v  17.6529 48.2775 -7.6930
v  4.3233 48.2775 -7.6930
v  17.2662 48.2775 -6.3968
v  4.1927 48.2775 -9.0410
v  16.6382 48.2775 -5.2022
v  4.3233 48.2775 -10.3890
v  7.9680 51.3456 -4.4450
v  8.9078 51.3456 -3.9342
v  9.4720 54.0179 -5.3192
v  8.7870 54.0179 -5.6914
v  13.0684 51.3456 -14.1477
v  14.0082 51.3456 -13.6370
v  7.9680 51.3456 -13.6370
v  8.9078 51.3456 -14.1477
v  9.9276 51.3456 -3.6197
v  14.8320 51.3456 -12.9495
v  9.9276 51.3456 -14.4623
v  15.5080 51.3456 -12.1119
v  10.9881 51.3456 -14.5685
v  16.0103 51.3456 -11.1563
v  7.1443 51.3456 -5.1325
v  16.3197 51.3456 -10.1194
v  6.4682 51.3456 -5.9701
v  16.4241 51.3456 -9.0410
v  5.9659 51.3456 -6.9257
v  16.3197 51.3456 -7.9626
v  5.6565 51.3456 -7.9626
v  16.0103 51.3456 -6.9257
v  5.5521 51.3456 -9.0410
v  15.5080 51.3456 -5.9701
v  5.6565 51.3456 -10.1194
v  14.8320 51.3456 -5.1325
v  5.9659 51.3456 -11.1563
v  14.0082 51.3456 -4.4450
v  6.4682 51.3456 -12.1119
v  13.0684 51.3456 -3.9342
v  12.0486 51.3456 -14.4623
v  7.1443 51.3456 -12.9495
v  7.3279 54.0179 -7.4993
v  7.6940 54.0179 -6.8029
v  8.9335 56.2942 -7.6451
v  8.7052 56.2942 -8.0795
v  14.2822 54.0179 -11.2791
v  14.6483 54.0179 -10.5826
v  8.1867 54.0179 -6.1924
v  14.8738 54.0179 -9.8269
v  14.9499 54.0179 -9.0410
v  14.8738 54.0179 -8.2551
v  7.1024 54.0179 -8.2551
v  14.6483 54.0179 -7.4993
v  7.0263 54.0179 -9.0410
v  14.2822 54.0179 -6.8029
v  7.1024 54.0179 -9.8269
v  13.7895 54.0179 -6.1924
v  7.3279 54.0179 -10.5826
v  13.1892 54.0179 -5.6914
v  7.6940 54.0179 -11.2791
v  12.5042 54.0179 -5.3192
v  10.9881 54.0179 -13.0695
v  11.7610 54.0179 -12.9921
v  8.1867 54.0179 -11.8896
v  11.7610 54.0179 -5.0899
v  12.5042 54.0179 -12.7628
v  8.7870 54.0179 -12.3905
v  10.9881 54.0179 -5.0125
v  13.1892 54.0179 -12.3905
v  9.4720 54.0179 -12.7628
v  10.2152 54.0179 -5.0899
v  13.7895 54.0179 -11.8896
v  10.2152 54.0179 -12.9921
v  8.5646 56.2942 -9.5312
v  8.5171 56.2942 -9.0410
v  9.2795 57.2840 -9.0410
v  9.3123 57.2840 -9.3799
v  13.4591 56.2942 -9.0410
v  13.4116 56.2942 -8.5508
v  8.5646 56.2942 -8.5508
v  13.2710 56.2942 -8.0795
v  13.0427 56.2942 -7.6451
v  12.7354 56.2942 -7.2643
v  8.7052 56.2942 -10.0025
v  12.3609 56.2942 -6.9518
v  8.9335 56.2942 -10.4369
v  11.9337 56.2942 -6.7197
v  10.9881 56.2942 -11.5536
v  11.4702 56.2942 -11.5053
v  9.2408 56.2942 -10.8177
v  11.4702 56.2942 -6.5767
v  11.9337 56.2942 -11.3623
v  9.6153 56.2942 -11.1301
v  10.9881 56.2942 -6.5284
v  12.3609 56.2942 -11.1301
v  10.0425 56.2942 -11.3623
v  10.5060 56.2942 -6.5767
v  12.7354 56.2942 -10.8177
v  10.5060 56.2942 -11.5053
v  10.0425 56.2942 -6.7197
v  13.0427 56.2942 -10.4369
v  9.6153 56.2942 -6.9518
v  13.2710 56.2942 -10.0025
v  9.2408 56.2942 -7.2643
v  13.4116 56.2942 -9.5312
v  9.5674 57.2840 -10.0062
v  10.2566 57.8778 -9.5380
v  10.3661 57.8778 -9.6735
v  9.7799 57.2840 -10.2695
v  12.4088 57.2840 -8.0758
v  12.1963 57.2840 -7.8125
v  9.4095 57.2840 -9.7059
v  11.9374 57.2840 -7.5964
v  11.6420 57.2840 -7.4358
v  10.9881 57.2840 -10.7784
v  11.3215 57.2840 -10.7450
v  11.3214 57.2840 -7.3370
v  11.6420 57.2840 -10.6461
v  10.0388 57.2840 -10.4856
v  10.9881 57.2840 -7.3036
v  11.9374 57.2840 -10.4856
v  10.3343 57.2840 -10.6461
v  10.6548 57.2840 -7.3370
v  12.1963 57.2840 -10.2695
v  10.6548 57.2840 -10.7450
v  10.3343 57.2840 -7.4358
v  12.4088 57.2840 -10.0062
v  10.0388 57.2840 -7.5964
v  12.5667 57.2840 -9.7059
v  9.7799 57.2840 -7.8125
v  12.6639 57.2840 -9.3799
v  9.5674 57.2840 -8.0758
v  12.6967 57.2840 -9.0410
v  9.4095 57.2840 -8.3761
v  12.6639 57.2840 -8.7020
v  9.3123 57.2840 -8.7020
v  12.5667 57.2840 -8.3761
v  10.8165 57.8778 -9.9183
v  10.6515 57.8778 -9.8674
v  10.4994 57.8778 -9.7848
v  10.1754 57.8778 -9.3833
v  10.1253 57.8778 -9.2155
v  10.1084 57.8778 -9.0410
v  11.8678 57.8778 -9.0410
v  10.9881 57.8778 -9.9355
v  11.1597 57.8778 -9.9183
v  11.8509 57.8778 -9.2155
v  11.8009 57.8778 -9.3833
v  11.7196 57.8778 -9.5380
v  11.6102 57.8778 -9.6735
v  11.4768 57.8778 -9.7848
v  11.3248 57.8778 -9.8674
v  11.3248 57.8778 -8.2146
v  11.1597 57.8778 -8.1637
v  10.9881 57.8778 -8.1465
v  10.8165 57.8778 -8.1637
v  10.6515 57.8778 -8.2146
v  10.4994 57.8778 -8.2972
v  10.3661 57.8778 -8.4085
v  10.2566 57.8778 -8.5440
v  10.1754 57.8778 -8.6987
v  11.8509 57.8778 -8.8665
v  10.1253 57.8778 -8.8665
v  11.8009 57.8778 -8.6987
v  11.7196 57.8778 -8.5440
v  11.6102 57.8778 -8.4085
v  11.4768 57.8778 -8.2972
v  16.3678 41.4484 -17.2277
v  17.8351 41.4484 -16.0032
v  19.0393 41.4484 -14.5112
v  19.9342 41.4484 -12.8089
v  20.4852 41.4484 -10.9619
v  20.6713 41.4484 -9.0410
v  20.4852 41.4484 -7.1201
v  19.9342 41.4484 -5.2731
v  19.0393 41.4484 -3.5708
v  17.8351 41.4484 -2.0787
v  16.3678 41.4484 -0.8542
v  14.6937 41.4484 0.0556
v  12.8772 41.4484 0.6159
v  10.9881 41.4484 0.8051
v  9.0990 41.4484 0.6159
v  7.2825 41.4484 0.0556
v  5.6084 41.4484 -0.8542
v  4.1411 41.4484 -2.0787
v  2.9369 41.4484 -3.5708
v  2.0420 41.4484 -5.2731
v  1.4910 41.4484 -7.1201
v  1.3050 41.4484 -9.0410
v  1.4910 41.4484 -10.9619
v  2.0420 41.4484 -12.8089
v  2.9369 41.4484 -14.5112
v  4.1411 41.4484 -16.0032
v  5.6084 41.4484 -17.2277
v  7.2825 41.4484 -18.1376
v  9.0990 41.4484 -18.6979
v  10.9881 41.4484 -18.8871
v  14.6937 41.4484 -18.1376
v  12.8772 41.4484 -18.6979
# 288 vertices

vn 0.8939 0.4116 0.1778
vn 0.8420 0.4116 0.3488
vn 0.8433 0.4085 0.3493
vn 0.8952 0.4085 0.1781
vn 0.6444 0.4116 0.6444
vn 0.6414 0.4210 0.6414
vn 0.5039 0.4210 0.7542
vn 0.5063 0.4116 0.7578
vn -0.8939 0.4116 0.1778
vn -0.9114 0.4116 -0.0000
vn -0.9128 0.4085 -0.0000
vn -0.8952 0.4085 0.1781
vn 0.7578 0.4116 0.5063
vn 0.7589 0.4085 0.5071
vn -0.8939 0.4116 -0.1778
vn -0.8952 0.4085 -0.1781
vn 0.6454 0.4085 0.6454
vn -0.8420 0.4116 -0.3488
vn -0.8433 0.4085 -0.3493
vn 0.5071 0.4085 0.7589
vn -0.7578 0.4116 -0.5063
vn -0.7589 0.4085 -0.5071
vn 0.3493 0.4085 0.8433
vn 0.3488 0.4116 0.8420
vn 0.1781 0.4085 -0.8952
vn 0.0000 0.4085 -0.9128
vn 0.0000 0.4116 -0.9114
vn 0.1778 0.4116 -0.8939
vn -0.6444 0.4116 -0.6444
vn -0.6454 0.4085 -0.6454
vn 0.1778 0.4116 0.8939
vn 0.1781 0.4085 0.8952
vn 0.3488 0.4116 -0.8420
vn 0.3493 0.4085 -0.8433
vn -0.5071 0.4085 -0.7589
vn -0.5063 0.4116 -0.7578
vn 0.0000 0.4116 0.9114
vn 0.0000 0.4085 0.9128
vn 0.5063 0.4116 -0.7578
vn 0.5071 0.4085 -0.7589
vn -0.3488 0.4116 -0.8420
vn -0.3493 0.4085 -0.8433
vn -0.1778 0.4116 0.8939
vn -0.1781 0.4085 0.8952
vn 0.6454 0.4085 -0.6454
vn 0.6444 0.4116 -0.6444
vn -0.1778 0.4116 -0.8939
vn -0.1781 0.4085 -0.8952
vn -0.3488 0.4116 0.8420
vn -0.3493 0.4085 0.8433
vn 0.7578 0.4116 -0.5063
vn 0.7589 0.4085 -0.5071
vn -0.5071 0.4085 0.7589
vn -0.5063 0.4116 0.7578
vn 0.8433 0.4085 -0.3493
vn 0.8420 0.4116 -0.3488
vn -0.6444 0.4116 0.6444
vn -0.6454 0.4085 0.6454
vn 0.8939 0.4116 -0.1778
vn 0.8952 0.4085 -0.1781
vn -0.7578 0.4116 0.5063
vn -0.7589 0.4085 0.5071
vn 0.9128 0.4085 -0.0000
vn 0.9114 0.4116 -0.0000
vn -0.8433 0.4085 0.3493
vn -0.8420 0.4116 0.3488
vn 0.0000 0.4210 0.9071
vn 0.1770 0.4210 0.8896
vn 0.1725 0.4667 0.8674
vn 0.0000 0.4667 0.8844
vn -0.7542 0.4210 -0.5039
vn -0.8380 0.4210 -0.3471
vn 0.3471 0.4210 0.8380
vn 0.0000 0.4210 -0.9071
vn 0.1770 0.4210 -0.8896
vn -0.6414 0.4210 -0.6414
vn 0.3471 0.4210 -0.8380
vn -0.5039 0.4210 -0.7542
vn 0.5039 0.4210 -0.7542
vn -0.3471 0.4210 -0.8380
vn -0.1770 0.4210 0.8896
vn 0.6414 0.4210 -0.6414
vn -0.1770 0.4210 -0.8896
vn -0.3471 0.4210 0.8380
vn 0.7542 0.4210 -0.5039
vn -0.5039 0.4210 0.7542
vn 0.8380 0.4210 -0.3471
vn -0.6414 0.4210 0.6414
vn 0.8896 0.4210 -0.1770
vn -0.7542 0.4210 0.5039
vn 0.9071 0.4210 -0.0000
vn -0.8380 0.4210 0.3471
vn 0.8896 0.4210 0.1770
vn -0.8896 0.4210 0.1770
vn 0.8380 0.4210 0.3471
vn -0.9071 0.4210 -0.0000
vn 0.7542 0.4210 0.5039
vn -0.8896 0.4210 -0.1770
vn -0.4913 0.4667 0.7353
vn -0.3384 0.4667 0.8171
vn -0.3222 0.5394 0.7779
vn -0.4678 0.5394 0.7001
vn 0.3384 0.4667 -0.8171
vn 0.4913 0.4667 -0.7353
vn -0.4913 0.4667 -0.7353
vn -0.3384 0.4667 -0.8171
vn -0.1725 0.4667 0.8674
vn 0.6254 0.4667 -0.6254
vn -0.1725 0.4667 -0.8674
vn 0.7353 0.4667 -0.4913
vn 0.0000 0.4667 -0.8844
vn 0.8171 0.4667 -0.3384
vn -0.6254 0.4667 0.6254
vn 0.8674 0.4667 -0.1725
vn -0.7353 0.4667 0.4913
vn 0.8844 0.4667 -0.0000
vn -0.8171 0.4667 0.3384
vn 0.8674 0.4667 0.1725
vn -0.8674 0.4667 0.1725
vn 0.8171 0.4667 0.3384
vn -0.8844 0.4667 -0.0000
vn 0.7353 0.4667 0.4913
vn -0.8674 0.4667 -0.1725
vn 0.6254 0.4667 0.6254
vn -0.8171 0.4667 -0.3384
vn 0.4913 0.4667 0.7353
vn -0.7353 0.4667 -0.4913
vn 0.3384 0.4667 0.8171
vn 0.1725 0.4667 -0.8674
vn -0.6254 0.4667 -0.6254
vn -0.7779 0.5394 0.3222
vn -0.7001 0.5394 0.4678
vn -0.6631 0.6033 0.4431
vn -0.7368 0.6033 0.3052
vn 0.7001 0.5394 -0.4678
vn 0.7779 0.5394 -0.3222
vn -0.5954 0.5394 0.5954
vn 0.8258 0.5394 -0.1643
vn 0.8420 0.5394 -0.0000
vn 0.8258 0.5394 0.1643
vn -0.8258 0.5394 0.1643
vn 0.7779 0.5394 0.3222
vn -0.8420 0.5394 -0.0000
vn 0.7001 0.5394 0.4678
vn -0.8258 0.5394 -0.1643
vn 0.5954 0.5394 0.5954
vn -0.7779 0.5394 -0.3222
vn 0.4678 0.5394 0.7001
vn -0.7001 0.5394 -0.4678
vn 0.3222 0.5394 0.7779
vn 0.0000 0.5394 -0.8420
vn 0.1643 0.5394 -0.8258
vn -0.5954 0.5394 -0.5954
vn 0.1643 0.5394 0.8258
vn 0.3222 0.5394 -0.7779
vn -0.4678 0.5394 -0.7001
vn 0.0000 0.5394 0.8420
vn 0.4678 0.5394 -0.7001
vn -0.3222 0.5394 -0.7779
vn -0.1643 0.5394 0.8258
vn 0.5954 0.5394 -0.5954
vn -0.1643 0.5394 -0.8258
vn -0.7822 0.6033 -0.1556
vn -0.7975 0.6033 -0.0000
vn -0.6769 0.7360 -0.0000
vn -0.6639 0.7360 -0.1321
vn 0.7975 0.6033 -0.0000
vn 0.7822 0.6033 0.1556
vn -0.7822 0.6033 0.1556
vn 0.7368 0.6033 0.3052
vn 0.6631 0.6033 0.4431
vn 0.5639 0.6033 0.5639
vn -0.7368 0.6033 -0.3052
vn 0.4431 0.6033 0.6631
vn -0.6631 0.6033 -0.4431
vn 0.3052 0.6033 0.7368
vn 0.0000 0.6033 -0.7975
vn 0.1556 0.6033 -0.7822
vn -0.5639 0.6033 -0.5639
vn 0.1556 0.6033 0.7822
vn 0.3052 0.6033 -0.7368
vn -0.4431 0.6033 -0.6631
vn 0.0000 0.6033 0.7975
vn 0.4431 0.6033 -0.6631
vn -0.3052 0.6033 -0.7368
vn -0.1556 0.6033 0.7822
vn 0.5639 0.6033 -0.5639
vn -0.1556 0.6033 -0.7822
vn -0.3052 0.6033 0.7368
vn 0.6631 0.6033 -0.4431
vn -0.4431 0.6033 0.6631
vn 0.7368 0.6033 -0.3052
vn -0.5639 0.6033 0.5639
vn 0.7822 0.6033 -0.1556
vn -0.5629 0.7360 -0.3761
vn -0.2559 0.9515 -0.1710
vn -0.2176 0.9515 -0.2176
vn -0.4787 0.7360 -0.4787
vn 0.5629 0.7360 0.3761
vn 0.4787 0.7360 0.4787
vn -0.6254 0.7360 -0.2591
vn 0.3761 0.7360 0.5629
vn 0.2591 0.7360 0.6254
vn 0.0000 0.7360 -0.6769
vn 0.1321 0.7360 -0.6639
vn 0.1321 0.7360 0.6639
vn 0.2591 0.7360 -0.6254
vn -0.3761 0.7360 -0.5629
vn 0.0000 0.7360 0.6769
vn 0.3761 0.7360 -0.5629
vn -0.2591 0.7360 -0.6254
vn -0.1321 0.7360 0.6639
vn 0.4787 0.7360 -0.4787
vn -0.1321 0.7360 -0.6639
vn -0.2591 0.7360 0.6254
vn 0.5629 0.7360 -0.3761
vn -0.3761 0.7360 0.5629
vn 0.6254 0.7360 -0.2591
vn -0.4787 0.7360 0.4787
vn 0.6639 0.7360 -0.1321
vn -0.5629 0.7360 0.3761
vn 0.6769 0.7360 -0.0000
vn -0.6254 0.7360 0.2590
vn 0.6639 0.7360 0.1321
vn -0.6639 0.7360 0.1321
vn 0.6254 0.7360 0.2591
vn -0.0600 0.9515 -0.3019
vn -0.1178 0.9515 -0.2843
vn -0.1710 0.9515 -0.2559
vn -0.2843 0.9515 -0.1178
vn -0.3019 0.9515 -0.0600
vn -0.3078 0.9515 -0.0000
vn 0.3078 0.9515 -0.0000
vn 0.0000 0.9515 -0.3078
vn 0.0600 0.9515 -0.3019
vn 0.3019 0.9515 -0.0600
vn 0.2843 0.9515 -0.1178
vn 0.2559 0.9515 -0.1710
vn 0.2176 0.9515 -0.2176
vn 0.1710 0.9515 -0.2559
vn 0.1178 0.9515 -0.2843
vn 0.1178 0.9515 0.2843
vn 0.0600 0.9515 0.3019
vn 0.0000 0.9515 0.3078
vn -0.0600 0.9515 0.3019
vn -0.1178 0.9515 0.2843
vn -0.1710 0.9515 0.2559
vn -0.2176 0.9515 0.2176
vn -0.2559 0.9515 0.1710
vn -0.2843 0.9515 0.1178
vn 0.3019 0.9515 0.0600
vn -0.3019 0.9515 0.0600
vn 0.2843 0.9515 0.1178
vn 0.2559 0.9515 0.1710
vn 0.2176 0.9515 0.2176
vn 0.1710 0.9515 0.2559
vn 0.4741 -0.5212 -0.7096
vn 0.6035 -0.5212 -0.6035
vn 0.7096 -0.5212 -0.4741
vn 0.7885 -0.5212 -0.3266
vn 0.8370 -0.5212 -0.1665
vn 0.8534 -0.5212 -0.0000
vn 0.8370 -0.5212 0.1665
vn 0.7885 -0.5212 0.3266
vn 0.7096 -0.5212 0.4742
vn 0.6035 -0.5212 0.6035
vn 0.4742 -0.5212 0.7096
vn 0.3266 -0.5212 0.7885
vn 0.1665 -0.5212 0.8370
vn 0.0000 -0.5212 0.8534
vn -0.1665 -0.5212 0.8370
vn -0.3266 -0.5212 0.7885
vn -0.4741 -0.5212 0.7096
vn -0.6035 -0.5212 0.6035
vn -0.7096 -0.5212 0.4742
vn -0.7885 -0.5212 0.3266
vn -0.8370 -0.5212 0.1665
vn -0.8534 -0.5212 -0.0000
vn -0.8370 -0.5212 -0.1665
vn -0.7885 -0.5212 -0.3266
vn -0.7096 -0.5212 -0.4741
vn -0.6035 -0.5212 -0.6035
vn -0.4741 -0.5212 -0.7096
vn -0.3266 -0.5212 -0.7885
vn -0.1665 -0.5212 -0.8370
vn 0.0000 -0.5212 -0.8534
vn 0.3266 -0.5212 -0.7885
vn 0.1665 -0.5212 -0.8370
# 288 vertex normals

vt 0.7948 0.7057 0.0000
vt 0.7968 0.7151 0.0000
vt 0.7760 0.7206 0.0000
vt 0.7735 0.7094 0.0000
vt 0.8031 0.7331 0.0000
vt 0.8200 0.7254 0.0000
vt 0.8234 0.7323 0.0000
vt 0.8075 0.7415 0.0000
vt 0.8827 0.7901 0.0000
vt 0.8920 0.7909 0.0000
vt 0.8912 0.8116 0.0000
vt 0.8802 0.8107 0.0000
vt 0.7995 0.7243 0.0000
vt 0.7795 0.7316 0.0000
vt 0.1830 0.8010 0.0000
vt 0.2046 0.7990 0.0000
vt 0.2058 0.8086 0.0000
vt 0.1845 0.8124 0.0000
vt 0.7839 0.7421 0.0000
vt 0.2078 0.8181 0.0000
vt 0.1870 0.8236 0.0000
vt 0.7893 0.7522 0.0000
vt 0.2106 0.8272 0.0000
vt 0.1905 0.8345 0.0000
vt 0.7955 0.7617 0.0000
vt 0.8126 0.7494 0.0000
vt 0.2301 0.8888 0.0000
vt 0.2216 0.8815 0.0000
vt 0.2359 0.8663 0.0000
vt 0.2429 0.8724 0.0000
vt 0.2141 0.8360 0.0000
vt 0.1949 0.8451 0.0000
vt 0.8183 0.7567 0.0000
vt 0.8026 0.7705 0.0000
vt 0.2504 0.8777 0.0000
vt 0.2393 0.8952 0.0000
vt 0.2003 0.8551 0.0000
vt 0.2185 0.8444 0.0000
vt 0.8248 0.7634 0.0000
vt 0.8105 0.7786 0.0000
vt 0.2585 0.8823 0.0000
vt 0.2490 0.9007 0.0000
vt 0.2236 0.8523 0.0000
vt 0.2066 0.8646 0.0000
vt 0.8318 0.7695 0.0000
vt 0.8191 0.7859 0.0000
vt 0.2591 0.9053 0.0000
vt 0.2669 0.8861 0.0000
vt 0.2294 0.8596 0.0000
vt 0.2137 0.8734 0.0000
vt 0.8394 0.7748 0.0000
vt 0.8282 0.7923 0.0000
vt 0.2756 0.8892 0.0000
vt 0.2696 0.9090 0.0000
vt 0.8379 0.7979 0.0000
vt 0.8474 0.7794 0.0000
vt 0.2803 0.9117 0.0000
vt 0.2846 0.8915 0.0000
vt 0.8558 0.7833 0.0000
vt 0.8481 0.8025 0.0000
vt 0.2937 0.8930 0.0000
vt 0.2912 0.9135 0.0000
vt 0.8645 0.7864 0.0000
vt 0.8585 0.8061 0.0000
vt 0.3022 0.9144 0.0000
vt 0.3030 0.8937 0.0000
vt 0.8693 0.8089 0.0000
vt 0.8735 0.7886 0.0000
vt 0.7720 0.6980 0.0000
vt 0.7936 0.6960 0.0000
vt 0.8373 0.7503 0.0000
vt 0.8321 0.7448 0.0000
vt 0.8456 0.7334 0.0000
vt 0.8495 0.7377 0.0000
vt 0.2282 0.8211 0.0000
vt 0.2261 0.8135 0.0000
vt 0.8275 0.7388 0.0000
vt 0.2484 0.8532 0.0000
vt 0.2540 0.8581 0.0000
vt 0.2310 0.8283 0.0000
vt 0.2602 0.8625 0.0000
vt 0.2345 0.8352 0.0000
vt 0.2667 0.8662 0.0000
vt 0.2385 0.8417 0.0000
vt 0.8430 0.7552 0.0000
vt 0.2736 0.8693 0.0000
vt 0.2432 0.8477 0.0000
vt 0.8491 0.7596 0.0000
vt 0.2808 0.8718 0.0000
vt 0.8557 0.7633 0.0000
vt 0.2882 0.8735 0.0000
vt 0.8626 0.7664 0.0000
vt 0.2958 0.8747 0.0000
vt 0.8698 0.7689 0.0000
vt 0.3036 0.8751 0.0000
vt 0.8772 0.7707 0.0000
vt 0.8130 0.6947 0.0000
vt 0.8137 0.7028 0.0000
vt 0.8848 0.7718 0.0000
vt 0.8151 0.7106 0.0000
vt 0.8926 0.7723 0.0000
vt 0.8172 0.7182 0.0000
vt 0.2239 0.7976 0.0000
vt 0.2247 0.8057 0.0000
vt 0.8636 0.7476 0.0000
vt 0.8585 0.7448 0.0000
vt 0.8667 0.7316 0.0000
vt 0.8703 0.7336 0.0000
vt 0.2696 0.8477 0.0000
vt 0.2746 0.8505 0.0000
vt 0.2501 0.8266 0.0000
vt 0.2531 0.8316 0.0000
vt 0.8538 0.7415 0.0000
vt 0.2800 0.8528 0.0000
vt 0.2566 0.8363 0.0000
vt 0.2856 0.8546 0.0000
vt 0.2605 0.8405 0.0000
vt 0.2914 0.8558 0.0000
vt 0.8689 0.7499 0.0000
vt 0.2974 0.8564 0.0000
vt 0.8746 0.7517 0.0000
vt 0.3036 0.8565 0.0000
vt 0.8804 0.7529 0.0000
vt 0.8323 0.6942 0.0000
vt 0.8325 0.7006 0.0000
vt 0.8864 0.7535 0.0000
vt 0.8333 0.7068 0.0000
vt 0.8926 0.7536 0.0000
vt 0.8347 0.7127 0.0000
vt 0.2433 0.7971 0.0000
vt 0.2435 0.8034 0.0000
vt 0.8366 0.7184 0.0000
vt 0.2443 0.8096 0.0000
vt 0.8391 0.7237 0.0000
vt 0.2457 0.8156 0.0000
vt 0.8421 0.7288 0.0000
vt 0.2649 0.8443 0.0000
vt 0.2476 0.8212 0.0000
vt 0.8825 0.7368 0.0000
vt 0.8783 0.7362 0.0000
vt 0.8806 0.7224 0.0000
vt 0.8832 0.7225 0.0000
vt 0.2893 0.8391 0.0000
vt 0.2935 0.8397 0.0000
vt 0.8742 0.7351 0.0000
vt 0.2979 0.8399 0.0000
vt 0.3023 0.8396 0.0000
vt 0.8498 0.6953 0.0000
vt 0.8495 0.6999 0.0000
vt 0.8869 0.7370 0.0000
vt 0.8497 0.7043 0.0000
vt 0.8913 0.7367 0.0000
vt 0.8504 0.7086 0.0000
vt 0.2608 0.7981 0.0000
vt 0.2605 0.8027 0.0000
vt 0.8515 0.7127 0.0000
vt 0.2607 0.8071 0.0000
vt 0.8531 0.7166 0.0000
vt 0.2614 0.8114 0.0000
vt 0.8551 0.7203 0.0000
vt 0.2713 0.8295 0.0000
vt 0.2744 0.8322 0.0000
vt 0.2626 0.8156 0.0000
vt 0.8575 0.7236 0.0000
vt 0.2778 0.8345 0.0000
vt 0.2642 0.8195 0.0000
vt 0.8602 0.7266 0.0000
vt 0.2814 0.8365 0.0000
vt 0.2662 0.8231 0.0000
vt 0.8633 0.7293 0.0000
vt 0.2853 0.8380 0.0000
vt 0.2686 0.8265 0.0000
vt 0.2754 0.8035 0.0000
vt 0.2760 0.8007 0.0000
vt 0.2828 0.8030 0.0000
vt 0.2822 0.8048 0.0000
vt 0.8649 0.6980 0.0000
vt 0.8644 0.7008 0.0000
vt 0.8859 0.7223 0.0000
vt 0.8642 0.7035 0.0000
vt 0.8887 0.7218 0.0000
vt 0.8643 0.7061 0.0000
vt 0.8648 0.7087 0.0000
vt 0.2752 0.8063 0.0000
vt 0.8655 0.7111 0.0000
vt 0.2754 0.8089 0.0000
vt 0.8666 0.7133 0.0000
vt 0.2807 0.8200 0.0000
vt 0.2826 0.8216 0.0000
vt 0.2759 0.8115 0.0000
vt 0.8680 0.7153 0.0000
vt 0.2846 0.8230 0.0000
vt 0.2767 0.8139 0.0000
vt 0.8696 0.7171 0.0000
vt 0.2868 0.8240 0.0000
vt 0.2777 0.8161 0.0000
vt 0.8714 0.7187 0.0000
vt 0.2892 0.8248 0.0000
vt 0.2791 0.8182 0.0000
vt 0.8735 0.7201 0.0000
vt 0.2917 0.8253 0.0000
vt 0.8757 0.7211 0.0000
vt 0.2943 0.8255 0.0000
vt 0.8781 0.7219 0.0000
vt 0.2970 0.8253 0.0000
vt 0.2998 0.8248 0.0000
vt 0.2817 0.8084 0.0000
vt 0.2868 0.8086 0.0000
vt 0.2868 0.8094 0.0000
vt 0.2819 0.8101 0.0000
vt 0.8706 0.7056 0.0000
vt 0.8707 0.7073 0.0000
vt 0.2818 0.8066 0.0000
vt 0.8711 0.7089 0.0000
vt 0.8718 0.7104 0.0000
vt 0.2849 0.8159 0.0000
vt 0.2861 0.8169 0.0000
vt 0.8726 0.7118 0.0000
vt 0.2874 0.8178 0.0000
vt 0.2823 0.8117 0.0000
vt 0.8737 0.7130 0.0000
vt 0.2889 0.8185 0.0000
vt 0.2830 0.8132 0.0000
vt 0.8749 0.7140 0.0000
vt 0.2906 0.8189 0.0000
vt 0.2838 0.8146 0.0000
vt 0.8763 0.7149 0.0000
vt 0.2922 0.8191 0.0000
vt 0.8778 0.7155 0.0000
vt 0.2940 0.8190 0.0000
vt 0.8794 0.7160 0.0000
vt 0.2958 0.8187 0.0000
vt 0.8811 0.7161 0.0000
vt 0.2976 0.8181 0.0000
vt 0.8828 0.7160 0.0000
vt 0.8717 0.7003 0.0000
vt 0.8710 0.7021 0.0000
vt 0.8846 0.7157 0.0000
vt 0.8706 0.7039 0.0000
vt 0.8865 0.7150 0.0000
vt 0.2878 0.8118 0.0000
vt 0.2873 0.8111 0.0000
vt 0.2870 0.8103 0.0000
vt 0.2870 0.8077 0.0000
vt 0.2873 0.8068 0.0000
vt 0.2879 0.8059 0.0000
vt 0.2948 0.8130 0.0000
vt 0.2883 0.8124 0.0000
vt 0.2890 0.8130 0.0000
vt 0.2939 0.8135 0.0000
vt 0.2930 0.8138 0.0000
vt 0.2921 0.8140 0.0000
vt 0.2913 0.8140 0.0000
vt 0.2904 0.8138 0.0000
vt 0.2897 0.8135 0.0000
vt 0.8760 0.7083 0.0000
vt 0.8765 0.7090 0.0000
vt 0.8770 0.7096 0.0000
vt 0.8776 0.7102 0.0000
vt 0.8783 0.7106 0.0000
vt 0.8791 0.7109 0.0000
vt 0.8800 0.7110 0.0000
vt 0.8809 0.7110 0.0000
vt 0.8817 0.7108 0.0000
vt 0.8766 0.7032 0.0000
vt 0.8761 0.7041 0.0000
vt 0.8826 0.7104 0.0000
vt 0.8758 0.7049 0.0000
vt 0.8835 0.7099 0.0000
vt 0.8756 0.7058 0.0000
vt 0.8756 0.7067 0.0000
vt 0.8758 0.7075 0.0000
vt 0.1104 0.8112 0.0000
vt 0.1181 0.8189 0.0000
vt 0.1241 0.8280 0.0000
vt 0.1283 0.8381 0.0000
vt 0.1305 0.8488 0.0000
vt 0.1305 0.8597 0.0000
vt 0.1283 0.8705 0.0000
vt 0.1241 0.8805 0.0000
vt 0.1181 0.8896 0.0000
vt 0.1104 0.8973 0.0000
vt 0.1013 0.9034 0.0000
vt 0.0912 0.9076 0.0000
vt 0.0805 0.9097 0.0000
vt 0.0696 0.9097 0.0000
vt 0.0589 0.9076 0.0000
vt 0.0488 0.9034 0.0000
vt 0.0397 0.8973 0.0000
vt 0.0320 0.8896 0.0000
vt 0.0259 0.8805 0.0000
vt 0.0217 0.8705 0.0000
vt 0.0196 0.8597 0.0000
vt 0.0196 0.8488 0.0000
vt 0.0217 0.8381 0.0000
vt 0.0259 0.8280 0.0000
vt 0.0320 0.8189 0.0000
vt 0.0397 0.8112 0.0000
vt 0.0488 0.8052 0.0000
vt 0.0588 0.8010 0.0000
vt 0.0696 0.7988 0.0000
vt 0.0805 0.7988 0.0000
vt 0.1013 0.8052 0.0000
vt 0.0912 0.8010 0.0000
vt 0.8799 0.8127 0.0000
vt 0.8688 0.8108 0.0000
vt 0.7715 0.7098 0.0000
vt 0.7699 0.6982 0.0000
vt 0.8580 0.8081 0.0000
vt 0.3021 0.9164 0.0000
vt 0.2909 0.9155 0.0000
vt 0.8473 0.8043 0.0000
vt 0.2799 0.9137 0.0000
vt 0.8370 0.7997 0.0000
vt 0.2690 0.9109 0.0000
vt 0.8271 0.7941 0.0000
vt 0.2202 0.8830 0.0000
vt 0.2122 0.8748 0.0000
vt 0.2584 0.9072 0.0000
vt 0.8178 0.7875 0.0000
vt 0.2049 0.8658 0.0000
vt 0.2481 0.9025 0.0000
vt 0.8091 0.7801 0.0000
vt 0.1985 0.8562 0.0000
vt 0.2382 0.8969 0.0000
vt 0.8011 0.7719 0.0000
vt 0.1931 0.8460 0.0000
vt 0.2289 0.8904 0.0000
vt 0.7938 0.7629 0.0000
vt 0.1886 0.8352 0.0000
vt 0.7875 0.7533 0.0000
vt 0.1850 0.8241 0.0000
vt 0.7820 0.7430 0.0000
vt 0.1825 0.8127 0.0000
vt 0.7775 0.7323 0.0000
vt 0.1809 0.8012 0.0000
vt 0.7740 0.7212 0.0000
vt 0.8911 0.8136 0.0000
# 338 texture coords

o Tip_Cylinder_003
g Tip_Cylinder_003
usemtl Material__25
s 1
f 3225/3829/3077 3226/3830/3078 3227/3831/3079 
f 3227/3831/3079 3228/3832/3080 3225/3829/3077 
f 3229/3833/3081 3230/3834/3082 3231/3835/3083 
f 3231/3835/3083 3232/3836/3084 3229/3833/3081 
f 3233/3837/3085 3234/3838/3086 3235/3839/3087 
f 3235/3839/3087 3236/3840/3088 3233/3837/3085 
f 3227/3831/3079 3226/3830/3078 3237/3841/3089 
f 3237/3841/3089 3238/3842/3090 3227/3831/3079 
f 3235/3843/3087 3234/3844/3086 3239/3845/3091 
f 3239/3845/3091 3240/3846/3092 3235/3843/3087 
f 3241/3847/3093 3238/3842/3090 3237/3841/3089 
f 3237/3841/3089 3229/3833/3081 3241/3847/3093 
f 3242/3848/3094 3243/3849/3095 3240/3846/3092 
f 3240/3846/3092 3239/3845/3091 3242/3848/3094 
f 3241/3847/3093 3229/3833/3081 3232/3836/3084 
f 3232/3836/3084 3244/3850/3096 3241/3847/3093 
f 3243/3849/3095 3242/3848/3094 3245/3851/3097 
f 3245/3851/3097 3246/3852/3098 3243/3849/3095 
f 3247/3853/3099 3244/3850/3096 3232/3836/3084 
f 3232/3836/3084 3248/3854/3100 3247/3853/3099 
f 3249/3855/3101 3250/3856/3102 3251/3857/3103 
f 3251/3857/3103 3252/3858/3104 3249/3855/3101 
f 3245/3851/3097 3253/3859/3105 3254/3860/3106 
f 3254/3860/3106 3246/3852/3098 3245/3851/3097 
f 3255/3861/3107 3256/3862/3108 3247/3853/3099 
f 3247/3853/3099 3248/3854/3100 3255/3861/3107 
f 3257/3863/3109 3258/3864/3110 3249/3855/3101 
f 3249/3855/3101 3252/3858/3104 3257/3863/3109 
f 3259/3865/3111 3254/3860/3106 3253/3859/3105 
f 3253/3859/3105 3260/3866/3112 3259/3865/3111 
f 3256/3862/3108 3255/3861/3107 3261/3867/3113 
f 3261/3867/3113 3262/3868/3114 3256/3862/3108 
f 3263/3869/3115 3264/3870/3116 3258/3864/3110 
f 3258/3864/3110 3257/3863/3109 3263/3869/3115 
f 3259/3865/3111 3260/3866/3112 3265/3871/3117 
f 3265/3871/3117 3266/3872/3118 3259/3865/3111 
f 3262/3868/3114 3261/3867/3113 3267/3873/3119 
f 3267/3873/3119 3268/3874/3120 3262/3868/3114 
f 3269/3875/3121 3264/3870/3116 3263/3869/3115 
f 3263/3869/3115 3270/3876/3122 3269/3875/3121 
f 3266/3872/3118 3265/3871/3117 3271/3877/3123 
f 3271/3877/3123 3272/3878/3124 3266/3872/3118 
f 3268/3874/3120 3267/3873/3119 3273/3879/3125 
f 3273/3879/3125 3274/3880/3126 3268/3874/3120 
f 3275/3881/3127 3276/3882/3128 3269/3875/3121 
f 3269/3875/3121 3270/3876/3122 3275/3881/3127 
f 3271/3877/3123 3251/3857/3103 3250/3856/3102 
f 3250/3856/3102 3272/3878/3124 3271/3877/3123 
f 3277/3883/3129 3274/3880/3126 3273/3879/3125 
f 3273/3879/3125 3278/3884/3130 3277/3883/3129 
f 3279/3885/3131 3276/3882/3128 3275/3881/3127 
f 3275/3881/3127 3280/3886/3132 3279/3885/3131 
f 3277/3883/3129 3278/3884/3130 3281/3887/3133 
f 3281/3887/3133 3282/3888/3134 3277/3883/3129 
f 3280/3886/3132 3283/3889/3135 3284/3890/3136 
f 3284/3890/3136 3279/3885/3131 3280/3886/3132 
f 3285/3891/3137 3286/3892/3138 3282/3888/3134 
f 3282/3888/3134 3281/3887/3133 3285/3891/3137 
f 3287/3893/3139 3284/3890/3136 3283/3889/3135 
f 3283/3889/3135 3288/3894/3140 3287/3893/3139 
f 3289/3895/3141 3286/3892/3138 3285/3891/3137 
f 3285/3891/3137 3290/3896/3142 3289/3895/3141 
f 3287/3897/3139 3288/3898/3140 3225/3829/3077 
f 3225/3829/3077 3228/3832/3080 3287/3897/3139 
f 3289/3895/3141 3290/3896/3142 3233/3837/3085 
f 3233/3837/3085 3236/3840/3088 3289/3895/3141 
f 3291/3899/3143 3292/3900/3144 3293/3901/3145 
f 3293/3901/3145 3294/3902/3146 3291/3899/3143 
f 3295/3903/3147 3245/3851/3097 3242/3848/3094 
f 3242/3848/3094 3296/3904/3148 3295/3903/3147 
f 3297/3905/3149 3248/3854/3100 3232/3836/3084 
f 3232/3836/3084 3231/3835/3083 3297/3905/3149 
f 3252/3858/3104 3251/3857/3103 3298/3906/3150 
f 3298/3906/3150 3299/3907/3151 3252/3858/3104 
f 3253/3859/3105 3245/3851/3097 3295/3903/3147 
f 3295/3903/3147 3300/3908/3152 3253/3859/3105 
f 3248/3854/3100 3297/3905/3149 3292/3900/3144 
f 3292/3900/3144 3255/3861/3107 3248/3854/3100 
f 3299/3907/3151 3301/3909/3153 3257/3863/3109 
f 3257/3863/3109 3252/3858/3104 3299/3907/3151 
f 3260/3866/3112 3253/3859/3105 3300/3908/3152 
f 3300/3908/3152 3302/3910/3154 3260/3866/3112 
f 3292/3900/3144 3291/3899/3143 3261/3867/3113 
f 3261/3867/3113 3255/3861/3107 3292/3900/3144 
f 3257/3863/3109 3301/3909/3153 3303/3911/3155 
f 3303/3911/3155 3263/3869/3115 3257/3863/3109 
f 3265/3871/3117 3260/3866/3112 3302/3910/3154 
f 3302/3910/3154 3304/3912/3156 3265/3871/3117 
f 3267/3873/3119 3261/3867/3113 3291/3899/3143 
f 3291/3899/3143 3305/3913/3157 3267/3873/3119 
f 3263/3869/3115 3303/3911/3155 3306/3914/3158 
f 3306/3914/3158 3270/3876/3122 3263/3869/3115 
f 3271/3877/3123 3265/3871/3117 3304/3912/3156 
f 3304/3912/3156 3307/3915/3159 3271/3877/3123 
f 3308/3916/3160 3273/3879/3125 3267/3873/3119 
f 3267/3873/3119 3305/3913/3157 3308/3916/3160 
f 3270/3876/3122 3306/3914/3158 3309/3917/3161 
f 3309/3917/3161 3275/3881/3127 3270/3876/3122 
f 3298/3906/3150 3251/3857/3103 3271/3877/3123 
f 3271/3877/3123 3307/3915/3159 3298/3906/3150 
f 3278/3884/3130 3273/3879/3125 3308/3916/3160 
f 3308/3916/3160 3310/3918/3162 3278/3884/3130 
f 3275/3881/3127 3309/3917/3161 3311/3919/3163 
f 3311/3919/3163 3280/3886/3132 3275/3881/3127 
f 3278/3884/3130 3310/3918/3162 3312/3920/3164 
f 3312/3920/3164 3281/3887/3133 3278/3884/3130 
f 3280/3886/3132 3311/3919/3163 3313/3921/3165 
f 3313/3921/3165 3283/3889/3135 3280/3886/3132 
f 3285/3891/3137 3281/3887/3133 3312/3920/3164 
f 3312/3920/3164 3314/3922/3166 3285/3891/3137 
f 3283/3889/3135 3313/3921/3165 3315/3923/3167 
f 3315/3923/3167 3288/3894/3140 3283/3889/3135 
f 3285/3891/3137 3314/3922/3166 3316/3924/3168 
f 3316/3924/3168 3290/3896/3142 3285/3891/3137 
f 3288/3898/3140 3315/3925/3167 3317/3926/3169 
f 3317/3926/3169 3225/3829/3077 3288/3898/3140 
f 3316/3924/3168 3318/3927/3170 3233/3837/3085 
f 3233/3837/3085 3290/3896/3142 3316/3924/3168 
f 3319/3928/3171 3226/3830/3078 3225/3829/3077 
f 3225/3829/3077 3317/3926/3169 3319/3928/3171 
f 3233/3837/3085 3318/3927/3170 3320/3929/3172 
f 3320/3929/3172 3234/3838/3086 3233/3837/3085 
f 3226/3830/3078 3319/3928/3171 3321/3930/3173 
f 3321/3930/3173 3237/3841/3089 3226/3830/3078 
f 3239/3845/3091 3234/3844/3086 3320/3931/3172 
f 3320/3931/3172 3322/3932/3174 3239/3845/3091 
f 3230/3834/3082 3229/3833/3081 3237/3841/3089 
f 3237/3841/3089 3321/3930/3173 3230/3834/3082 
f 3239/3845/3091 3322/3932/3174 3296/3904/3148 
f 3296/3904/3148 3242/3848/3094 3239/3845/3091 
f 3323/3933/3175 3324/3934/3176 3325/3935/3177 
f 3325/3935/3177 3326/3936/3178 3323/3933/3175 
f 3303/3911/3155 3301/3909/3153 3327/3937/3179 
f 3327/3937/3179 3328/3938/3180 3303/3911/3155 
f 3304/3912/3156 3302/3910/3154 3329/3939/3181 
f 3329/3939/3181 3330/3940/3182 3304/3912/3156 
f 3305/3913/3157 3291/3899/3143 3294/3902/3146 
f 3294/3902/3146 3331/3941/3183 3305/3913/3157 
f 3306/3914/3158 3303/3911/3155 3328/3938/3180 
f 3328/3938/3180 3332/3942/3184 3306/3914/3158 
f 3307/3915/3159 3304/3912/3156 3330/3940/3182 
f 3330/3940/3182 3333/3943/3185 3307/3915/3159 
f 3308/3916/3160 3305/3913/3157 3331/3941/3183 
f 3331/3941/3183 3324/3934/3176 3308/3916/3160 
f 3309/3917/3161 3306/3914/3158 3332/3942/3184 
f 3332/3942/3184 3334/3944/3186 3309/3917/3161 
f 3307/3915/3159 3333/3943/3185 3335/3945/3187 
f 3335/3945/3187 3298/3906/3150 3307/3915/3159 
f 3310/3918/3162 3308/3916/3160 3324/3934/3176 
f 3324/3934/3176 3323/3933/3175 3310/3918/3162 
f 3311/3919/3163 3309/3917/3161 3334/3944/3186 
f 3334/3944/3186 3336/3946/3188 3311/3919/3163 
f 3312/3920/3164 3310/3918/3162 3323/3933/3175 
f 3323/3933/3175 3337/3947/3189 3312/3920/3164 
f 3313/3921/3165 3311/3919/3163 3336/3946/3188 
f 3336/3946/3188 3338/3948/3190 3313/3921/3165 
f 3314/3922/3166 3312/3920/3164 3337/3947/3189 
f 3337/3947/3189 3339/3949/3191 3314/3922/3166 
f 3315/3923/3167 3313/3921/3165 3338/3948/3190 
f 3338/3948/3190 3340/3950/3192 3315/3923/3167 
f 3316/3924/3168 3314/3922/3166 3339/3949/3191 
f 3339/3949/3191 3341/3951/3193 3316/3924/3168 
f 3317/3926/3169 3315/3925/3167 3340/3952/3192 
f 3340/3952/3192 3342/3953/3194 3317/3926/3169 
f 3318/3927/3170 3316/3924/3168 3341/3951/3193 
f 3341/3951/3193 3343/3954/3195 3318/3927/3170 
f 3319/3928/3171 3317/3926/3169 3342/3953/3194 
f 3342/3953/3194 3344/3955/3196 3319/3928/3171 
f 3320/3929/3172 3318/3927/3170 3343/3954/3195 
f 3343/3954/3195 3345/3956/3197 3320/3929/3172 
f 3321/3930/3173 3319/3928/3171 3344/3955/3196 
f 3344/3955/3196 3346/3957/3198 3321/3930/3173 
f 3322/3932/3174 3320/3931/3172 3345/3958/3197 
f 3345/3958/3197 3347/3959/3199 3322/3932/3174 
f 3230/3834/3082 3321/3930/3173 3346/3957/3198 
f 3346/3957/3198 3348/3960/3200 3230/3834/3082 
f 3296/3904/3148 3322/3932/3174 3347/3959/3199 
f 3347/3959/3199 3349/3961/3201 3296/3904/3148 
f 3231/3835/3083 3230/3834/3082 3348/3960/3200 
f 3348/3960/3200 3350/3962/3202 3231/3835/3083 
f 3295/3903/3147 3296/3904/3148 3349/3961/3201 
f 3349/3961/3201 3351/3963/3203 3295/3903/3147 
f 3297/3905/3149 3231/3835/3083 3350/3962/3202 
f 3350/3962/3202 3352/3964/3204 3297/3905/3149 
f 3298/3906/3150 3335/3945/3187 3353/3965/3205 
f 3353/3965/3205 3299/3907/3151 3298/3906/3150 
f 3300/3908/3152 3295/3903/3147 3351/3963/3203 
f 3351/3963/3203 3354/3966/3206 3300/3908/3152 
f 3292/3900/3144 3297/3905/3149 3352/3964/3204 
f 3352/3964/3204 3293/3901/3145 3292/3900/3144 
f 3301/3909/3153 3299/3907/3151 3353/3965/3205 
f 3353/3965/3205 3327/3937/3179 3301/3909/3153 
f 3302/3910/3154 3300/3908/3152 3354/3966/3206 
f 3354/3966/3206 3329/3939/3181 3302/3910/3154 
f 3355/3967/3207 3356/3968/3208 3357/3969/3209 
f 3357/3969/3209 3358/3970/3210 3355/3967/3207 
f 3336/3946/3188 3334/3944/3186 3359/3971/3211 
f 3359/3971/3211 3360/3972/3212 3336/3946/3188 
f 3337/3947/3189 3323/3933/3175 3326/3936/3178 
f 3326/3936/3178 3361/3973/3213 3337/3947/3189 
f 3338/3948/3190 3336/3946/3188 3360/3972/3212 
f 3360/3972/3212 3362/3974/3214 3338/3948/3190 
f 3356/3968/3208 3339/3949/3191 3337/3947/3189 
f 3337/3947/3189 3361/3973/3213 3356/3968/3208 
f 3340/3950/3192 3338/3948/3190 3362/3974/3214 
f 3362/3974/3214 3363/3975/3215 3340/3950/3192 
f 3341/3951/3193 3339/3949/3191 3356/3968/3208 
f 3356/3968/3208 3355/3967/3207 3341/3951/3193 
f 3342/3953/3194 3340/3952/3192 3363/3976/3215 
f 3363/3976/3215 3364/3977/3216 3342/3953/3194 
f 3343/3954/3195 3341/3951/3193 3355/3967/3207 
f 3355/3967/3207 3365/3978/3217 3343/3954/3195 
f 3344/3955/3196 3342/3953/3194 3364/3977/3216 
f 3364/3977/3216 3366/3979/3218 3344/3955/3196 
f 3345/3956/3197 3343/3954/3195 3365/3978/3217 
f 3365/3978/3217 3367/3980/3219 3345/3956/3197 
f 3346/3957/3198 3344/3955/3196 3366/3979/3218 
f 3366/3979/3218 3368/3981/3220 3346/3957/3198 
f 3347/3959/3199 3345/3958/3197 3367/3982/3219 
f 3367/3982/3219 3369/3983/3221 3347/3959/3199 
f 3348/3960/3200 3346/3957/3198 3368/3981/3220 
f 3368/3981/3220 3370/3984/3222 3348/3960/3200 
f 3349/3961/3201 3347/3959/3199 3369/3983/3221 
f 3369/3983/3221 3371/3985/3223 3349/3961/3201 
f 3350/3962/3202 3348/3960/3200 3370/3984/3222 
f 3370/3984/3222 3372/3986/3224 3350/3962/3202 
f 3351/3963/3203 3349/3961/3201 3371/3985/3223 
f 3371/3985/3223 3373/3987/3225 3351/3963/3203 
f 3352/3964/3204 3350/3962/3202 3372/3986/3224 
f 3372/3986/3224 3374/3988/3226 3352/3964/3204 
f 3335/3945/3187 3375/3989/3227 3376/3990/3228 
f 3376/3990/3228 3353/3965/3205 3335/3945/3187 
f 3354/3966/3206 3351/3963/3203 3373/3987/3225 
f 3373/3987/3225 3377/3991/3229 3354/3966/3206 
f 3293/3901/3145 3352/3964/3204 3374/3988/3226 
f 3374/3988/3226 3378/3992/3230 3293/3901/3145 
f 3327/3937/3179 3353/3965/3205 3376/3990/3228 
f 3376/3990/3228 3379/3993/3231 3327/3937/3179 
f 3329/3939/3181 3354/3966/3206 3377/3991/3229 
f 3377/3991/3229 3380/3994/3232 3329/3939/3181 
f 3294/3902/3146 3293/3901/3145 3378/3992/3230 
f 3378/3992/3230 3381/3995/3233 3294/3902/3146 
f 3328/3938/3180 3327/3937/3179 3379/3993/3231 
f 3379/3993/3231 3382/3996/3234 3328/3938/3180 
f 3330/3940/3182 3329/3939/3181 3380/3994/3232 
f 3380/3994/3232 3383/3997/3235 3330/3940/3182 
f 3331/3941/3183 3294/3902/3146 3381/3995/3233 
f 3381/3995/3233 3384/3998/3236 3331/3941/3183 
f 3332/3942/3184 3328/3938/3180 3382/3996/3234 
f 3382/3996/3234 3385/3999/3237 3332/3942/3184 
f 3333/3943/3185 3330/3940/3182 3383/3997/3235 
f 3383/3997/3235 3386/4000/3238 3333/3943/3185 
f 3324/3934/3176 3331/3941/3183 3384/3998/3236 
f 3384/3998/3236 3325/3935/3177 3324/3934/3176 
f 3334/3944/3186 3332/3942/3184 3385/3999/3237 
f 3385/3999/3237 3359/3971/3211 3334/3944/3186 
f 3333/3943/3185 3386/4000/3238 3375/3989/3227 
f 3375/3989/3227 3335/3945/3187 3333/3943/3185 
f 3387/4001/3239 3388/4002/3240 3389/4003/3241 
f 3389/4003/3241 3390/4004/3242 3387/4001/3239 
f 3364/3977/3216 3363/3976/3215 3391/4005/3243 
f 3391/4005/3243 3392/4006/3244 3364/3977/3216 
f 3365/3978/3217 3355/3967/3207 3358/3970/3210 
f 3358/3970/3210 3393/4007/3245 3365/3978/3217 
f 3366/3979/3218 3364/3977/3216 3392/4006/3244 
f 3392/4006/3244 3394/4008/3246 3366/3979/3218 
f 3367/3980/3219 3365/3978/3217 3393/4007/3245 
f 3393/4007/3245 3388/4009/3240 3367/3980/3219 
f 3368/3981/3220 3366/3979/3218 3394/4008/3246 
f 3394/4008/3246 3395/4010/3247 3368/3981/3220 
f 3369/3983/3221 3367/3982/3219 3388/4002/3240 
f 3388/4002/3240 3387/4001/3239 3369/3983/3221 
f 3370/3984/3222 3368/3981/3220 3395/4010/3247 
f 3395/4010/3247 3396/4011/3248 3370/3984/3222 
f 3371/3985/3223 3369/3983/3221 3387/4001/3239 
f 3387/4001/3239 3397/4012/3249 3371/3985/3223 
f 3372/3986/3224 3370/3984/3222 3396/4011/3248 
f 3396/4011/3248 3398/4013/3250 3372/3986/3224 
f 3373/3987/3225 3371/3985/3223 3397/4012/3249 
f 3397/4012/3249 3399/4014/3251 3373/3987/3225 
f 3374/3988/3226 3372/3986/3224 3398/4013/3250 
f 3398/4013/3250 3400/4015/3252 3374/3988/3226 
f 3375/3989/3227 3401/4016/3253 3402/4017/3254 
f 3402/4017/3254 3376/3990/3228 3375/3989/3227 
f 3377/3991/3229 3373/3987/3225 3399/4014/3251 
f 3399/4014/3251 3403/4018/3255 3377/3991/3229 
f 3378/3992/3230 3374/3988/3226 3400/4015/3252 
f 3400/4015/3252 3404/4019/3256 3378/3992/3230 
f 3379/3993/3231 3376/3990/3228 3402/4017/3254 
f 3402/4017/3254 3405/4020/3257 3379/3993/3231 
f 3380/3994/3232 3377/3991/3229 3403/4018/3255 
f 3403/4018/3255 3406/4021/3258 3380/3994/3232 
f 3404/4019/3256 3407/4022/3259 3381/3995/3233 
f 3381/3995/3233 3378/3992/3230 3404/4019/3256 
f 3382/3996/3234 3379/3993/3231 3405/4020/3257 
f 3405/4020/3257 3408/4023/3260 3382/3996/3234 
f 3383/3997/3235 3380/3994/3232 3406/4021/3258 
f 3406/4021/3258 3409/4024/3261 3383/3997/3235 
f 3384/3998/3236 3381/3995/3233 3407/4022/3259 
f 3407/4022/3259 3410/4025/3262 3384/3998/3236 
f 3385/3999/3237 3382/3996/3234 3408/4023/3260 
f 3408/4023/3260 3411/4026/3263 3385/3999/3237 
f 3386/4000/3238 3383/3997/3235 3409/4024/3261 
f 3409/4024/3261 3412/4027/3264 3386/4000/3238 
f 3325/3935/3177 3384/3998/3236 3410/4025/3262 
f 3410/4025/3262 3413/4028/3265 3325/3935/3177 
f 3359/3971/3211 3385/3999/3237 3411/4026/3263 
f 3411/4026/3263 3414/4029/3266 3359/3971/3211 
f 3375/3989/3227 3386/4000/3238 3412/4027/3264 
f 3412/4027/3264 3401/4016/3253 3375/3989/3227 
f 3326/3936/3178 3325/3935/3177 3413/4028/3265 
f 3413/4028/3265 3415/4030/3267 3326/3936/3178 
f 3360/3972/3212 3359/3971/3211 3414/4029/3266 
f 3414/4029/3266 3416/4031/3268 3360/3972/3212 
f 3361/3973/3213 3326/3936/3178 3415/4030/3267 
f 3415/4030/3267 3417/4032/3269 3361/3973/3213 
f 3362/3974/3214 3360/3972/3212 3416/4031/3268 
f 3416/4031/3268 3418/4033/3270 3362/3974/3214 
f 3356/3968/3208 3361/3973/3213 3417/4032/3269 
f 3417/4032/3269 3357/3969/3209 3356/3968/3208 
f 3363/3975/3215 3362/3974/3214 3418/4033/3270 
f 3418/4033/3270 3391/4034/3243 3363/3975/3215 
f 3419/4035/3271 3420/4036/3272 3421/4037/3273 
f 3421/4037/3273 3422/4038/3274 3419/4035/3271 
f 3396/4011/3248 3395/4010/3247 3423/4039/3275 
f 3423/4039/3275 3424/4040/3276 3396/4011/3248 
f 3397/4012/3249 3387/4001/3239 3390/4004/3242 
f 3390/4004/3242 3425/4041/3277 3397/4012/3249 
f 3398/4013/3250 3396/4011/3248 3424/4040/3276 
f 3424/4040/3276 3426/4042/3278 3398/4013/3250 
f 3399/4014/3251 3397/4012/3249 3425/4041/3277 
f 3425/4041/3277 3419/4035/3271 3399/4014/3251 
f 3400/4015/3252 3398/4013/3250 3426/4042/3278 
f 3426/4042/3278 3427/4043/3279 3400/4015/3252 
f 3401/4016/3253 3428/4044/3280 3429/4045/3281 
f 3429/4045/3281 3402/4017/3254 3401/4016/3253 
f 3403/4018/3255 3399/4014/3251 3419/4035/3271 
f 3419/4035/3271 3422/4038/3274 3403/4018/3255 
f 3404/4019/3256 3400/4015/3252 3427/4043/3279 
f 3427/4043/3279 3430/4046/3282 3404/4019/3256 
f 3405/4020/3257 3402/4017/3254 3429/4045/3281 
f 3429/4045/3281 3431/4047/3283 3405/4020/3257 
f 3406/4021/3258 3403/4018/3255 3422/4038/3274 
f 3422/4038/3274 3432/4048/3284 3406/4021/3258 
f 3430/4046/3282 3433/4049/3285 3407/4022/3259 
f 3407/4022/3259 3404/4019/3256 3430/4046/3282 
f 3408/4023/3260 3405/4020/3257 3431/4047/3283 
f 3431/4047/3283 3434/4050/3286 3408/4023/3260 
f 3409/4024/3261 3406/4021/3258 3432/4048/3284 
f 3432/4048/3284 3435/4051/3287 3409/4024/3261 
f 3410/4025/3262 3407/4022/3259 3433/4049/3285 
f 3433/4049/3285 3436/4052/3288 3410/4025/3262 
f 3411/4026/3263 3408/4023/3260 3434/4050/3286 
f 3434/4050/3286 3437/4053/3289 3411/4026/3263 
f 3412/4027/3264 3409/4024/3261 3435/4051/3287 
f 3435/4051/3287 3438/4054/3290 3412/4027/3264 
f 3413/4028/3265 3410/4025/3262 3436/4052/3288 
f 3436/4052/3288 3439/4055/3291 3413/4028/3265 
f 3414/4029/3266 3411/4026/3263 3437/4053/3289 
f 3437/4053/3289 3440/4056/3292 3414/4029/3266 
f 3401/4016/3253 3412/4027/3264 3438/4054/3290 
f 3438/4054/3290 3428/4044/3280 3401/4016/3253 
f 3415/4030/3267 3413/4028/3265 3439/4055/3291 
f 3439/4055/3291 3441/4057/3293 3415/4030/3267 
f 3416/4031/3268 3414/4029/3266 3440/4056/3292 
f 3440/4056/3292 3442/4058/3294 3416/4031/3268 
f 3417/4032/3269 3415/4030/3267 3441/4057/3293 
f 3441/4057/3293 3443/4059/3295 3417/4032/3269 
f 3418/4033/3270 3416/4031/3268 3442/4058/3294 
f 3442/4058/3294 3444/4060/3296 3418/4033/3270 
f 3357/3969/3209 3417/4032/3269 3443/4059/3295 
f 3443/4059/3295 3445/4061/3297 3357/3969/3209 
f 3391/4034/3243 3418/4033/3270 3444/4060/3296 
f 3444/4060/3296 3446/4062/3298 3391/4034/3243 
f 3358/3970/3210 3357/3969/3209 3445/4061/3297 
f 3445/4061/3297 3447/4063/3299 3358/3970/3210 
f 3392/4006/3244 3391/4005/3243 3446/4064/3298 
f 3446/4064/3298 3448/4065/3300 3392/4006/3244 
f 3393/4007/3245 3358/3970/3210 3447/4063/3299 
f 3447/4063/3299 3449/4066/3301 3393/4007/3245 
f 3394/4008/3246 3392/4006/3244 3448/4065/3300 
f 3448/4065/3300 3450/4067/3302 3394/4008/3246 
f 3388/4009/3240 3393/4007/3245 3449/4066/3301 
f 3449/4066/3301 3389/4068/3241 3388/4009/3240 
f 3395/4010/3247 3394/4008/3246 3450/4067/3302 
f 3450/4067/3302 3423/4039/3275 3395/4010/3247 
f 3451/4069/3303 3452/4070/3304 3453/4071/3305 
f 3453/4071/3305 3421/4037/3273 3420/4036/3272 
f 3451/4069/3303 3453/4071/3305 3420/4036/3272 
f 3420/4036/3272 3454/4072/3306 3455/4073/3307 
f 3455/4073/3307 3456/4074/3308 3457/4075/3309 
f 3420/4036/3272 3455/4073/3307 3457/4075/3309 
f 3451/4069/3303 3420/4036/3272 3457/4075/3309 
f 3458/4076/3310 3451/4069/3303 3457/4075/3309 
f 3459/4077/3311 3458/4076/3310 3457/4075/3309 
f 3460/4078/3312 3461/4079/3313 3462/4080/3314 
f 3462/4080/3314 3463/4081/3315 3464/4082/3316 
f 3460/4078/3312 3462/4080/3314 3464/4082/3316 
f 3457/4075/3309 3460/4078/3312 3464/4082/3316 
f 3459/4077/3311 3457/4075/3309 3464/4082/3316 
f 3459/4077/3311 3464/4082/3316 3465/4083/3317 
f 3430/4046/3282 3427/4043/3279 3466/4084/3318 
f 3466/4084/3318 3467/4085/3319 3430/4046/3282 
f 3429/4045/3281 3459/4077/3311 3465/4083/3317 
f 3465/4083/3317 3431/4047/3283 3429/4045/3281 
f 3422/4038/3274 3421/4037/3273 3453/4071/3305 
f 3453/4071/3305 3432/4048/3284 3422/4038/3274 
f 3430/4046/3282 3467/4085/3319 3468/4086/3320 
f 3468/4086/3320 3433/4049/3285 3430/4046/3282 
f 3431/4047/3283 3465/4083/3317 3464/4082/3316 
f 3464/4082/3316 3434/4050/3286 3431/4047/3283 
f 3432/4048/3284 3453/4071/3305 3452/4070/3304 
f 3452/4070/3304 3435/4051/3287 3432/4048/3284 
f 3433/4049/3285 3468/4086/3320 3469/4087/3321 
f 3469/4087/3321 3436/4052/3288 3433/4049/3285 
f 3434/4050/3286 3464/4082/3316 3463/4081/3315 
f 3463/4081/3315 3437/4053/3289 3434/4050/3286 
f 3438/4054/3290 3435/4051/3287 3452/4070/3304 
f 3452/4070/3304 3451/4069/3303 3438/4054/3290 
f 3436/4052/3288 3469/4087/3321 3470/4088/3322 
f 3470/4088/3322 3439/4055/3291 3436/4052/3288 
f 3437/4053/3289 3463/4081/3315 3462/4080/3314 
f 3462/4080/3314 3440/4056/3292 3437/4053/3289 
f 3438/4054/3290 3451/4069/3303 3458/4076/3310 
f 3458/4076/3310 3428/4044/3280 3438/4054/3290 
f 3439/4055/3291 3470/4088/3322 3471/4089/3323 
f 3471/4089/3323 3441/4057/3293 3439/4055/3291 
f 3440/4056/3292 3462/4080/3314 3461/4079/3313 
f 3461/4079/3313 3442/4058/3294 3440/4056/3292 
f 3441/4057/3293 3471/4089/3323 3472/4090/3324 
f 3472/4090/3324 3443/4059/3295 3441/4057/3293 
f 3444/4060/3296 3442/4058/3294 3461/4079/3313 
f 3461/4079/3313 3460/4078/3312 3444/4060/3296 
f 3443/4059/3295 3472/4090/3324 3473/4091/3325 
f 3473/4091/3325 3445/4061/3297 3443/4059/3295 
f 3444/4060/3296 3460/4078/3312 3457/4075/3309 
f 3457/4075/3309 3446/4062/3298 3444/4060/3296 
f 3445/4061/3297 3473/4091/3325 3474/4092/3326 
f 3474/4092/3326 3447/4063/3299 3445/4061/3297 
f 3446/4064/3298 3457/4093/3309 3475/4094/3327 
f 3475/4094/3327 3448/4065/3300 3446/4064/3298 
f 3449/4066/3301 3447/4063/3299 3474/4092/3326 
f 3474/4092/3326 3476/4095/3328 3449/4066/3301 
f 3448/4065/3300 3475/4094/3327 3477/4096/3329 
f 3477/4096/3329 3450/4067/3302 3448/4065/3300 
f 3449/4066/3301 3476/4095/3328 3456/4097/3308 
f 3456/4097/3308 3389/4068/3241 3449/4066/3301 
f 3450/4067/3302 3477/4096/3329 3478/4098/3330 
f 3478/4098/3330 3423/4039/3275 3450/4067/3302 
f 3389/4003/3241 3456/4074/3308 3455/4073/3307 
f 3455/4073/3307 3390/4004/3242 3389/4003/3241 
f 3423/4039/3275 3478/4098/3330 3479/4099/3331 
f 3479/4099/3331 3424/4040/3276 3423/4039/3275 
f 3390/4004/3242 3455/4073/3307 3454/4072/3306 
f 3454/4072/3306 3425/4041/3277 3390/4004/3242 
f 3424/4040/3276 3479/4099/3331 3480/4100/3332 
f 3480/4100/3332 3426/4042/3278 3424/4040/3276 
f 3425/4041/3277 3454/4072/3306 3420/4036/3272 
f 3420/4036/3272 3419/4035/3271 3425/4041/3277 
f 3426/4042/3278 3480/4100/3332 3466/4084/3318 
f 3466/4084/3318 3427/4043/3279 3426/4042/3278 
f 3428/4044/3280 3458/4076/3310 3459/4077/3311 
f 3459/4077/3311 3429/4045/3281 3428/4044/3280 
f 3481/4101/3333 3482/4102/3334 3483/4103/3335 
f 3483/4103/3335 3484/4104/3336 3485/4105/3337 
f 3481/4101/3333 3483/4103/3335 3485/4105/3337 
f 3485/4105/3337 3486/4106/3338 3487/4107/3339 
f 3487/4107/3339 3488/4108/3340 3489/4109/3341 
f 3485/4105/3337 3487/4107/3339 3489/4109/3341 
f 3489/4109/3341 3490/4110/3342 3491/4111/3343 
f 3491/4111/3343 3492/4112/3344 3493/4113/3345 
f 3489/4109/3341 3491/4111/3343 3493/4113/3345 
f 3485/4105/3337 3489/4109/3341 3493/4113/3345 
f 3493/4113/3345 3494/4114/3346 3495/4115/3347 
f 3495/4115/3347 3496/4116/3348 3497/4117/3349 
f 3493/4113/3345 3495/4115/3347 3497/4117/3349 
f 3497/4117/3349 3498/4118/3350 3499/4119/3351 
f 3499/4119/3351 3500/4120/3352 3501/4121/3353 
f 3497/4117/3349 3499/4119/3351 3501/4121/3353 
f 3493/4113/3345 3497/4117/3349 3501/4121/3353 
f 3485/4105/3337 3493/4113/3345 3501/4121/3353 
f 3501/4121/3353 3502/4122/3354 3503/4123/3355 
f 3503/4123/3355 3504/4124/3356 3505/4125/3357 
f 3501/4121/3353 3503/4123/3355 3505/4125/3357 
f 3501/4121/3353 3505/4125/3357 3506/4126/3358 
f 3485/4105/3337 3501/4121/3353 3506/4126/3358 
f 3506/4126/3358 3507/4127/3359 3508/4128/3360 
f 3508/4128/3360 3509/4129/3361 3510/4130/3362 
f 3506/4126/3358 3508/4128/3360 3510/4130/3362 
f 3485/4105/3337 3506/4126/3358 3510/4130/3362 
f 3481/4101/3333 3485/4105/3337 3510/4130/3362 
f 3511/4131/3363 3481/4101/3333 3510/4130/3362 
f 3512/4132/3364 3511/4131/3363 3510/4130/3362 
f 3289/3895/3141 3236/3840/3088 3501/4133/3353 
f 3501/4133/3353 3500/4134/3352 3289/3895/3141 
f 3287/3897/3139 3228/3832/3080 3487/4135/3339 
f 3487/4135/3339 3486/4136/3338 3287/3897/3139 
f 3500/4134/3352 3499/4137/3351 3286/3892/3138 
f 3286/3892/3138 3289/3895/3141 3500/4134/3352 
f 3486/4138/3338 3485/4139/3337 3284/3890/3136 
f 3284/3890/3136 3287/3893/3139 3486/4138/3338 
f 3282/3888/3134 3286/3892/3138 3499/4137/3351 
f 3499/4137/3351 3498/4140/3350 3282/3888/3134 
f 3485/4139/3337 3484/4141/3336 3279/3885/3131 
f 3279/3885/3131 3284/3890/3136 3485/4139/3337 
f 3498/4140/3350 3497/4142/3349 3277/3883/3129 
f 3277/3883/3129 3282/3888/3134 3498/4140/3350 
f 3484/4141/3336 3483/4143/3335 3276/3882/3128 
f 3276/3882/3128 3279/3885/3131 3484/4141/3336 
f 3274/3880/3126 3277/3883/3129 3497/4142/3349 
f 3497/4142/3349 3496/4144/3348 3274/3880/3126 
f 3510/4145/3362 3509/4146/3361 3272/3878/3124 
f 3272/3878/3124 3250/3856/3102 3510/4145/3362 
f 3483/4143/3335 3482/4147/3334 3269/3875/3121 
f 3269/3875/3121 3276/3882/3128 3483/4143/3335 
f 3274/3880/3126 3496/4144/3348 3495/4148/3347 
f 3495/4148/3347 3268/3874/3120 3274/3880/3126 
f 3266/3872/3118 3272/3878/3124 3509/4146/3361 
f 3509/4146/3361 3508/4149/3360 3266/3872/3118 
f 3482/4147/3334 3481/4150/3333 3264/3870/3116 
f 3264/3870/3116 3269/3875/3121 3482/4147/3334 
f 3494/4151/3346 3262/3868/3114 3268/3874/3120 
f 3268/3874/3120 3495/4148/3347 3494/4151/3346 
f 3507/4152/3359 3259/3865/3111 3266/3872/3118 
f 3266/3872/3118 3508/4149/3360 3507/4152/3359 
f 3258/3864/3110 3264/3870/3116 3481/4150/3333 
f 3481/4150/3333 3511/4153/3363 3258/3864/3110 
f 3256/3862/3108 3262/3868/3114 3494/4151/3346 
f 3494/4151/3346 3493/4154/3345 3256/3862/3108 
f 3506/4155/3358 3254/3860/3106 3259/3865/3111 
f 3259/3865/3111 3507/4152/3359 3506/4155/3358 
f 3249/3855/3101 3258/3864/3110 3511/4153/3363 
f 3511/4153/3363 3512/4156/3364 3249/3855/3101 
f 3492/4157/3344 3247/3853/3099 3256/3862/3108 
f 3256/3862/3108 3493/4154/3345 3492/4157/3344 
f 3246/3852/3098 3254/3860/3106 3506/4155/3358 
f 3506/4155/3358 3505/4158/3357 3246/3852/3098 
f 3512/4156/3364 3510/4145/3362 3250/3856/3102 
f 3250/3856/3102 3249/3855/3101 3512/4156/3364 
f 3247/3853/3099 3492/4157/3344 3491/4159/3343 
f 3491/4159/3343 3244/3850/3096 3247/3853/3099 
f 3504/4160/3356 3243/3849/3095 3246/3852/3098 
f 3246/3852/3098 3505/4158/3357 3504/4160/3356 
f 3490/4161/3342 3241/3847/3093 3244/3850/3096 
f 3244/3850/3096 3491/4159/3343 3490/4161/3342 
f 3243/3849/3095 3504/4160/3356 3503/4162/3355 
f 3503/4162/3355 3240/3846/3092 3243/3849/3095 
f 3490/4161/3342 3489/4163/3341 3238/3842/3090 
f 3238/3842/3090 3241/3847/3093 3490/4161/3342 
f 3502/4164/3354 3235/3843/3087 3240/3846/3092 
f 3240/3846/3092 3503/4162/3355 3502/4164/3354 
f 3488/4165/3340 3227/3831/3079 3238/3842/3090 
f 3238/3842/3090 3489/4163/3341 3488/4165/3340 
f 3235/3839/3087 3502/4166/3354 3501/4133/3353 
f 3501/4133/3353 3236/3840/3088 3235/3839/3087 
f 3227/3831/3079 3488/4165/3340 3487/4135/3339 
f 3487/4135/3339 3228/3832/3080 3227/3831/3079 
f 3457/4093/3309 3456/4097/3308 3476/4095/3328 
f 3476/4095/3328 3474/4092/3326 3473/4091/3325 
f 3457/4093/3309 3476/4095/3328 3473/4091/3325 
f 3473/4091/3325 3472/4090/3324 3471/4089/3323 
f 3471/4089/3323 3470/4088/3322 3469/4087/3321 
f 3473/4091/3325 3471/4089/3323 3469/4087/3321 
f 3469/4087/3321 3468/4086/3320 3467/4085/3319 
f 3473/4091/3325 3469/4087/3321 3467/4085/3319 
f 3467/4085/3319 3466/4084/3318 3480/4100/3332 
f 3480/4100/3332 3479/4099/3331 3478/4098/3330 
f 3467/4085/3319 3480/4100/3332 3478/4098/3330 
f 3473/4091/3325 3467/4085/3319 3478/4098/3330 
f 3457/4093/3309 3473/4091/3325 3478/4098/3330 
f 3457/4093/3309 3478/4098/3330 3477/4096/3329 
f 3457/4093/3309 3477/4096/3329 3475/4094/3327 
# 572 faces

#
# object Engine_Cylinder_006
#

v  11.2663 -7.5638 -20.7504
v  11.2663 -11.7189 -20.7504
v  9.0197 -11.7189 -20.5254
v  9.0197 -7.5638 -20.5254
v  15.6731 -11.7189 -19.8591
v  15.6731 -7.5638 -19.8591
v  17.6640 -7.5638 -18.7770
v  17.6640 -11.7189 -18.7770
v  19.4091 -7.5638 -17.3208
v  19.4091 -11.7189 -17.3208
v  20.8412 -7.5638 -15.5464
v  20.8412 -11.7189 -15.5464
v  21.9054 -7.5638 -13.5220
v  21.9054 -11.7189 -13.5220
v  22.5607 -7.5638 -11.3254
v  22.5607 -11.7189 -11.3254
v  22.7819 -7.5638 -9.0410
v  22.7819 -11.7189 -9.0410
v  22.5607 -7.5638 -6.7566
v  22.5607 -11.7189 -6.7566
v  21.9054 -7.5638 -4.5600
v  21.9054 -11.7189 -4.5600
v  20.8412 -7.5638 -2.5356
v  20.8412 -11.7189 -2.5356
v  19.4091 -7.5638 -0.7612
v  19.4091 -11.7189 -0.7612
v  17.6640 -7.5638 0.6951
v  17.6640 -11.7189 0.6951
v  15.6731 -7.5638 1.7771
v  15.6731 -11.7189 1.7771
v  13.5129 -7.5638 2.4434
v  13.5129 -11.7189 2.4434
v  11.2663 -7.5638 2.6684
v  11.2663 -11.7189 2.6684
v  9.0197 -7.5638 2.4434
v  9.0197 -11.7189 2.4434
v  6.8595 -11.7189 1.7771
v  6.8595 -7.5638 1.7771
v  4.8686 -7.5638 0.6951
v  4.8686 -11.7189 0.6951
v  3.1235 -7.5638 -0.7612
v  3.1235 -11.7189 -0.7612
v  1.6914 -7.5638 -2.5356
v  1.6914 -11.7189 -2.5356
v  0.6272 -7.5638 -4.5600
v  0.6272 -11.7189 -4.5600
v  -0.0280 -7.5638 -6.7566
v  -0.0280 -11.7189 -6.7566
v  -0.2493 -7.5638 -9.0410
v  -0.2493 -11.7189 -9.0410
v  -0.0280 -7.5638 -11.3254
v  -0.0280 -11.7189 -11.3254
v  0.6272 -7.5638 -13.5220
v  0.6272 -11.7189 -13.5220
v  1.6914 -11.7189 -15.5464
v  1.6914 -7.5638 -15.5464
v  3.1235 -7.5638 -17.3208
v  3.1235 -11.7189 -17.3208
v  4.8686 -7.5638 -18.7770
v  4.8686 -11.7189 -18.7770
v  6.8595 -7.5638 -19.8591
v  6.8595 -11.7189 -19.8591
v  13.5129 -7.5638 -20.5254
v  13.5129 -11.7189 -20.5254
v  11.2663 -12.0546 -18.9654
v  11.2663 -12.0546 -20.4291
v  13.4512 -12.0546 -20.2103
v  13.1704 -12.0546 -18.7747
v  5.8439 -12.0546 -0.7892
v  7.4792 -8.9498 -3.2777
v  8.6577 -8.9498 -2.6372
v  7.5313 -12.0546 0.1280
v  9.3622 -12.0546 -18.7747
v  9.0814 -12.0546 -20.2103
v  15.5522 -12.0546 -19.5622
v  17.4885 -12.0546 -18.5098
v  16.6888 -12.0546 -17.2928
v  15.0013 -12.0546 -18.2099
v  18.1678 -12.0546 -16.0586
v  19.1856 -12.0546 -17.0936
v  20.5784 -12.0546 -15.3679
v  19.3816 -12.0546 -14.5547
v  21.6134 -12.0546 -13.3990
v  20.2835 -12.0546 -12.8389
v  22.2507 -12.0546 -11.2627
v  20.8389 -12.0546 -10.9771
v  22.4659 -12.0546 -9.0410
v  21.0264 -12.0546 -9.0410
v  22.2507 -12.0546 -6.8193
v  20.8389 -12.0546 -7.1048
v  20.2835 -12.0546 -5.2431
v  21.6134 -12.0546 -4.6830
v  20.5784 -12.0546 -2.7141
v  19.3816 -12.0546 -3.5273
v  19.1856 -12.0546 -0.9884
v  18.1678 -12.0546 -2.0234
v  17.4885 -12.0546 0.4278
v  16.6888 -12.0546 -0.7892
v  15.5522 -12.0546 1.4802
v  15.0013 -12.0546 0.1280
v  13.4512 -12.0546 2.1283
v  13.1704 -12.0546 0.6927
v  11.2663 -12.0546 2.3471
v  11.2663 -12.0546 0.8834
v  9.0814 -12.0546 2.1283
v  9.3622 -12.0546 0.6927
v  6.9804 -12.0546 1.4802
v  5.0441 -12.0546 0.4278
v  3.3470 -12.0546 -0.9884
v  4.3648 -12.0546 -2.0234
v  1.9542 -12.0546 -2.7141
v  3.1510 -12.0546 -3.5273
v  0.9192 -12.0546 -4.6830
v  2.2491 -12.0546 -5.2431
v  0.2819 -12.0546 -6.8193
v  1.6937 -12.0546 -7.1048
v  0.0667 -12.0546 -9.0410
v  1.5062 -12.0546 -9.0410
v  1.6937 -12.0546 -10.9771
v  0.2819 -12.0546 -11.2627
v  0.9192 -12.0546 -13.3990
v  2.2491 -12.0546 -12.8389
v  1.9542 -12.0546 -15.3679
v  3.1510 -12.0546 -14.5547
v  3.3470 -12.0546 -17.0936
v  4.3648 -12.0546 -16.0586
v  5.0441 -12.0546 -18.5098
v  5.8439 -12.0546 -17.2928
v  6.9804 -12.0546 -19.5622
v  7.5313 -12.0546 -18.2099
v  13.3330 -3.7163 -19.6059
v  11.2663 -3.7163 -19.8128
v  9.1996 -3.7163 -19.6059
v  7.2123 -3.7163 -18.9929
v  5.3809 -3.7163 -17.9975
v  3.7755 -3.7163 -16.6578
v  2.4581 -3.7163 -15.0255
v  1.4791 -3.7163 -13.1632
v  0.8763 -3.7163 -11.1425
v  0.6727 -3.7163 -9.0410
v  0.8763 -3.7163 -6.9395
v  1.4791 -3.7163 -4.9188
v  2.4581 -3.7163 -3.0565
v  3.7755 -3.7163 -1.4241
v  5.3809 -3.7163 -0.0845
v  9.1996 -3.7163 1.5239
v  11.2663 -3.7163 1.7309
v  13.3330 -3.7163 1.5239
v  7.2123 -3.7163 0.9109
v  15.3203 -3.7163 0.9109
v  17.1518 -3.7163 -0.0845
v  18.7571 -3.7163 -1.4241
v  20.0745 -3.7163 -3.0565
v  21.0535 -3.7163 -4.9188
v  21.6563 -3.7163 -6.9395
v  21.8599 -3.7163 -9.0410
v  21.6563 -3.7163 -11.1425
v  21.0535 -3.7163 -13.1632
v  20.0745 -3.7163 -15.0255
v  18.7571 -3.7163 -16.6578
v  17.1518 -3.7163 -17.9975
v  15.3203 -3.7163 -18.9929
v  12.5962 -8.9498 -15.8392
v  13.8749 -8.9498 -15.4448
v  15.0535 -8.9498 -14.8043
v  16.0865 -8.9498 -13.9423
v  16.9342 -8.9498 -12.8919
v  17.5641 -8.9498 -11.6935
v  17.9520 -8.9498 -10.3933
v  18.0830 -8.9498 -9.0410
v  17.9520 -8.9498 -7.6887
v  17.5641 -8.9498 -6.3885
v  16.9342 -8.9498 -5.1901
v  16.0865 -8.9498 -4.1397
v  15.0535 -8.9498 -3.2777
v  13.8749 -8.9498 -2.6372
v  12.5962 -8.9498 -2.2427
v  11.2663 -8.9498 -2.1095
v  9.9364 -8.9498 -2.2427
v  6.4462 -8.9498 -4.1397
v  5.5984 -8.9498 -5.1901
v  4.9685 -8.9498 -6.3885
v  4.5806 -8.9498 -7.6887
v  4.4496 -8.9498 -9.0410
v  4.5806 -8.9498 -10.3933
v  4.9685 -8.9498 -11.6935
v  5.5984 -8.9498 -12.8919
v  6.4462 -8.9498 -13.9423
v  7.4792 -8.9498 -14.8043
v  8.6577 -8.9498 -15.4448
v  11.2663 -8.9498 -15.9724
v  9.9364 -8.9498 -15.8392
v  13.2808 0.5916 -19.3389
v  13.2808 -4.2349 -19.3389
v  11.2663 -4.2349 -19.5406
v  11.2663 0.5916 -19.5406
v  15.2178 0.5916 -18.7414
v  15.2178 -4.2349 -18.7414
v  17.0030 0.5916 -17.7711
v  17.0030 -4.2349 -17.7711
v  18.5678 0.5916 -16.4654
v  18.5678 -4.2349 -16.4654
v  19.8519 -4.2349 -14.8743
v  19.8519 0.5916 -14.8743
v  20.8061 -4.2349 -13.0590
v  20.8061 0.5916 -13.0590
v  21.3937 0.5916 -11.0894
v  21.3937 -4.2349 -11.0894
v  21.5922 0.5916 -9.0410
v  21.5922 -4.2349 -9.0410
v  21.3937 0.5916 -6.9926
v  21.3937 -4.2349 -6.9926
v  20.8061 -4.2349 -5.0230
v  20.8061 0.5916 -5.0230
v  19.8519 0.5916 -3.2077
v  19.8519 -4.2349 -3.2077
v  18.5678 -4.2349 -1.6166
v  18.5678 0.5916 -1.6166
v  17.0030 -4.2349 -0.3109
v  17.0030 0.5916 -0.3109
v  15.2178 0.5916 0.6594
v  15.2178 -4.2349 0.6594
v  13.2808 -4.2349 1.2569
v  13.2808 0.5916 1.2569
v  11.2663 -4.2349 1.4586
v  11.2663 0.5916 1.4586
v  9.2518 0.5916 1.2569
v  9.2518 -4.2349 1.2569
v  7.3148 -4.2349 0.6594
v  7.3148 0.5916 0.6594
v  5.5296 0.5916 -0.3109
v  5.5296 -4.2349 -0.3109
v  3.9648 -4.2349 -1.6166
v  3.9648 0.5916 -1.6166
v  2.6807 -4.2349 -3.2077
v  2.6807 0.5916 -3.2077
v  1.7265 -4.2349 -5.0230
v  1.7265 0.5916 -5.0230
v  1.1389 0.5916 -6.9926
v  1.1389 -4.2349 -6.9926
v  0.9405 -4.2349 -9.0410
v  0.9405 0.5916 -9.0410
v  1.1389 0.5916 -11.0894
v  1.1389 -4.2349 -11.0894
v  1.7265 0.5916 -13.0590
v  1.7265 -4.2349 -13.0590
v  2.6807 -4.2349 -14.8743
v  2.6807 0.5916 -14.8743
v  3.9648 0.5916 -16.4654
v  3.9648 -4.2349 -16.4654
v  5.5296 0.5916 -17.7711
v  5.5296 -4.2349 -17.7711
v  7.3148 0.5916 -18.7414
v  7.3148 -4.2349 -18.7414
v  9.2518 0.5916 -19.3389
v  9.2518 -4.2349 -19.3389
v  9.1380 -4.0520 -19.9210
v  11.2663 -4.0520 -20.1342
v  11.2663 -8.5428 -20.1342
v  9.1380 -8.5428 -19.9210
v  15.4412 -8.5428 -19.2898
v  15.4412 -4.0520 -19.2898
v  17.3274 -4.0520 -18.2646
v  17.3274 -8.5428 -18.2646
v  18.9806 -4.0520 -16.8851
v  18.9806 -8.5428 -16.8851
v  20.3373 -4.0520 -15.2040
v  20.3373 -8.5428 -15.2040
v  21.3455 -4.0520 -13.2862
v  21.3455 -8.5428 -13.2862
v  21.9663 -4.0520 -11.2052
v  21.9663 -8.5428 -11.2052
v  22.1759 -4.0520 -9.0410
v  22.1759 -8.5428 -9.0410
v  21.9663 -4.0520 -6.8768
v  21.9663 -8.5428 -6.8768
v  21.3455 -4.0520 -4.7958
v  21.3455 -8.5428 -4.7958
v  20.3373 -4.0520 -2.8779
v  20.3373 -8.5428 -2.8779
v  18.9806 -4.0520 -1.1969
v  18.9806 -8.5428 -1.1969
v  17.3274 -4.0520 0.1827
v  17.3274 -8.5428 0.1827
v  15.4412 -4.0520 1.2078
v  15.4412 -8.5428 1.2078
v  13.3947 -4.0520 1.8391
v  13.3947 -8.5428 1.8391
v  11.2663 -4.0520 2.0522
v  11.2663 -8.5428 2.0522
v  9.1380 -4.0520 1.8391
v  9.1380 -8.5428 1.8391
v  7.0914 -4.0520 1.2078
v  7.0914 -8.5428 1.2078
v  5.2053 -4.0520 0.1827
v  5.2053 -8.5428 0.1827
v  3.5521 -4.0520 -1.1969
v  3.5521 -8.5428 -1.1969
v  2.1953 -4.0520 -2.8779
v  2.1953 -8.5428 -2.8779
v  1.1871 -4.0520 -4.7958
v  1.1871 -8.5428 -4.7958
v  0.5663 -4.0520 -6.8768
v  0.5663 -8.5428 -6.8768
v  0.3567 -4.0520 -9.0410
v  0.3567 -8.5428 -9.0410
v  0.5663 -4.0520 -11.2052
v  0.5663 -8.5428 -11.2052
v  1.1871 -4.0520 -13.2862
v  1.1871 -8.5428 -13.2862
v  2.1953 -4.0520 -15.2040
v  2.1953 -8.5428 -15.2040
v  3.5521 -4.0520 -16.8851
v  3.5521 -8.5428 -16.8851
v  5.2053 -4.0520 -18.2646
v  5.2053 -8.5428 -18.2646
v  7.0914 -4.0520 -19.2898
v  7.0914 -8.5428 -19.2898
v  13.3947 -4.0520 -19.9210
v  13.3947 -8.5428 -19.9210
v  13.5082 -11.8473 -20.5014
v  11.2663 -11.8473 -20.7260
v  13.4948 -11.9562 -20.4331
v  11.2663 -11.9562 -20.6563
v  13.4748 -12.0290 -20.3309
v  11.2663 -12.0290 -20.5520
v  11.2663 -7.4353 -20.7260
v  13.5082 -7.4353 -20.5014
v  11.2663 -7.3264 -20.6563
v  13.4948 -7.3264 -20.4331
v  11.2663 -7.2536 -20.5520
v  13.4748 -7.2536 -20.3309
v  11.2663 -7.2281 -20.4291
v  13.4512 -7.2281 -20.2103
v  15.6639 -11.8473 -19.8365
v  15.6377 -11.9562 -19.7721
v  15.5985 -12.0290 -19.6758
v  15.6639 -7.4353 -19.8365
v  15.6377 -7.3264 -19.7721
v  15.5985 -7.2536 -19.6758
v  15.5522 -7.2281 -19.5622
v  17.6507 -11.8473 -18.7567
v  17.6126 -11.9562 -18.6988
v  17.5557 -12.0290 -18.6121
v  17.6507 -7.4353 -18.7567
v  17.6126 -7.3264 -18.6988
v  17.5557 -7.2536 -18.6121
v  17.4885 -7.2281 -18.5098
v  19.3921 -11.8473 -17.3035
v  19.3436 -11.9562 -17.2542
v  19.2711 -12.0290 -17.1805
v  19.3921 -7.4353 -17.3035
v  19.3436 -7.3264 -17.2542
v  19.2711 -7.2536 -17.1805
v  19.1856 -7.2281 -17.0936
v  20.8212 -11.8473 -15.5328
v  20.7642 -11.9562 -15.4941
v  20.6790 -12.0290 -15.4362
v  20.8212 -7.4353 -15.5328
v  20.7642 -7.3264 -15.4941
v  20.6790 -7.2536 -15.4362
v  20.5784 -7.2281 -15.3679
v  21.8831 -11.8473 -13.5126
v  21.8199 -11.9562 -13.4860
v  21.7251 -12.0290 -13.4461
v  21.8831 -7.4353 -13.5126
v  21.8199 -7.3264 -13.4860
v  21.7251 -7.2536 -13.4461
v  21.6134 -7.2281 -13.3990
v  22.5371 -11.8473 -11.3206
v  22.4699 -11.9562 -11.3070
v  22.3693 -12.0290 -11.2867
v  22.5371 -7.4353 -11.3206
v  22.4699 -7.3264 -11.3070
v  22.3693 -7.2536 -11.2867
v  22.2507 -7.2281 -11.2627
v  22.7579 -11.8473 -9.0410
v  22.6894 -11.9562 -9.0410
v  22.5868 -12.0290 -9.0410
v  22.7579 -7.4353 -9.0410
v  22.6894 -7.3264 -9.0410
v  22.5868 -7.2536 -9.0410
v  22.4659 -7.2281 -9.0410
v  22.5371 -11.8473 -6.7614
v  22.4699 -11.9562 -6.7749
v  22.3693 -12.0290 -6.7953
v  22.5371 -7.4353 -6.7614
v  22.4699 -7.3264 -6.7749
v  22.3693 -7.2536 -6.7953
v  22.2507 -7.2281 -6.8193
v  21.8831 -11.8473 -4.5693
v  21.8199 -11.9562 -4.5960
v  21.7251 -12.0290 -4.6359
v  21.8831 -7.4353 -4.5693
v  21.8199 -7.3264 -4.5960
v  21.7251 -7.2536 -4.6359
v  21.6134 -7.2281 -4.6830
v  20.8212 -11.8473 -2.5492
v  20.7642 -11.9562 -2.5879
v  20.6790 -12.0290 -2.6458
v  20.8212 -7.4353 -2.5492
v  20.7642 -7.3264 -2.5879
v  20.6790 -7.2536 -2.6458
v  20.5784 -7.2281 -2.7141
v  19.3921 -11.8473 -0.7785
v  19.3436 -11.9562 -0.8277
v  19.2711 -12.0290 -0.9014
v  19.3921 -7.4353 -0.7785
v  19.3436 -7.3264 -0.8277
v  19.2711 -7.2536 -0.9014
v  19.1856 -7.2281 -0.9884
v  17.6507 -11.8473 0.6747
v  17.6126 -11.9562 0.6168
v  17.5557 -12.0290 0.5301
v  17.6507 -7.4353 0.6747
v  17.6126 -7.3264 0.6168
v  17.5557 -7.2536 0.5301
v  17.4885 -7.2281 0.4278
v  15.6639 -11.8473 1.7545
v  15.6377 -11.9562 1.6902
v  15.5985 -12.0290 1.5938
v  15.6639 -7.4353 1.7545
v  15.6377 -7.3264 1.6902
v  15.5985 -7.2536 1.5938
v  15.5522 -7.2281 1.4802
v  13.5082 -11.8473 2.4195
v  13.4948 -11.9562 2.3511
v  13.4748 -12.0290 2.2489
v  13.5082 -7.4353 2.4195
v  13.4948 -7.3264 2.3511
v  13.4748 -7.2536 2.2489
v  13.4512 -7.2281 2.1283
v  11.2663 -11.8473 2.6440
v  11.2663 -11.9562 2.5743
v  11.2663 -12.0290 2.4701
v  11.2663 -7.4353 2.6440
v  11.2663 -7.3264 2.5743
v  11.2663 -7.2536 2.4701
v  11.2663 -7.2281 2.3471
v  9.0244 -11.8473 2.4195
v  9.0378 -11.9562 2.3511
v  9.0578 -12.0290 2.2489
v  9.0244 -7.4353 2.4195
v  9.0378 -7.3264 2.3511
v  9.0578 -7.2536 2.2489
v  9.0814 -7.2281 2.1283
v  6.8687 -11.8473 1.7545
v  6.8949 -11.9562 1.6902
v  6.9341 -12.0290 1.5938
v  6.8687 -7.4353 1.7545
v  6.8949 -7.3264 1.6902
v  6.9341 -7.2536 1.5938
v  6.9804 -7.2281 1.4802
v  4.8819 -11.8473 0.6747
v  4.9200 -11.9562 0.6168
v  4.9769 -12.0290 0.5301
v  4.8819 -7.4353 0.6747
v  4.9200 -7.3264 0.6168
v  4.9769 -7.2536 0.5301
v  5.0441 -7.2281 0.4278
v  3.1405 -11.8473 -0.7785
v  3.1890 -11.9562 -0.8277
v  3.2615 -12.0290 -0.9014
v  3.1405 -7.4353 -0.7785
v  3.1890 -7.3264 -0.8277
v  3.2615 -7.2536 -0.9014
v  3.3470 -7.2281 -0.9884
v  1.7114 -11.8473 -2.5492
v  1.7684 -11.9562 -2.5879
v  1.8536 -12.0290 -2.6458
v  1.7114 -7.4353 -2.5492
v  1.7684 -7.3264 -2.5879
v  1.8536 -7.2536 -2.6458
v  1.9542 -7.2281 -2.7141
v  0.6495 -11.8473 -4.5693
v  0.7128 -11.9562 -4.5960
v  0.8075 -12.0290 -4.6359
v  0.6495 -7.4353 -4.5693
v  0.7128 -7.3264 -4.5960
v  0.8075 -7.2536 -4.6359
v  0.9192 -7.2281 -4.6830
v  -0.0045 -11.8473 -6.7614
v  0.0627 -11.9562 -6.7749
v  0.1633 -12.0290 -6.7953
v  -0.0045 -7.4353 -6.7614
v  0.0627 -7.3264 -6.7749
v  0.1633 -7.2536 -6.7953
v  0.2819 -7.2281 -6.8193
v  -0.2253 -11.8473 -9.0410
v  -0.1567 -11.9562 -9.0410
v  -0.0542 -12.0290 -9.0410
v  -0.2253 -7.4353 -9.0410
v  -0.1567 -7.3264 -9.0410
v  -0.0542 -7.2536 -9.0410
v  0.0667 -7.2281 -9.0410
v  -0.0045 -11.8473 -11.3206
v  0.0627 -11.9562 -11.3070
v  0.1633 -12.0290 -11.2867
v  -0.0045 -7.4353 -11.3206
v  0.0627 -7.3264 -11.3070
v  0.1633 -7.2536 -11.2867
v  0.2819 -7.2281 -11.2627
v  0.6495 -11.8473 -13.5126
v  0.7128 -11.9562 -13.4860
v  0.8075 -12.0290 -13.4461
v  0.6495 -7.4353 -13.5126
v  0.7128 -7.3264 -13.4860
v  0.8075 -7.2536 -13.4461
v  0.9192 -7.2281 -13.3990
v  1.7114 -11.8473 -15.5328
v  1.7684 -11.9562 -15.4941
v  1.8536 -12.0290 -15.4362
v  1.7114 -7.4353 -15.5328
v  1.7684 -7.3264 -15.4941
v  1.8536 -7.2536 -15.4362
v  1.9542 -7.2281 -15.3679
v  3.1405 -11.8473 -17.3035
v  3.1890 -11.9562 -17.2542
v  3.2615 -12.0290 -17.1805
v  3.1405 -7.4353 -17.3035
v  3.1890 -7.3264 -17.2542
v  3.2615 -7.2536 -17.1805
v  3.3470 -7.2281 -17.0936
v  4.8819 -11.8473 -18.7567
v  4.9200 -11.9562 -18.6988
v  4.9769 -12.0290 -18.6121
v  4.8819 -7.4353 -18.7567
v  4.9200 -7.3264 -18.6988
v  4.9769 -7.2536 -18.6121
v  5.0441 -7.2281 -18.5098
v  6.8687 -11.8473 -19.8365
v  6.8949 -11.9562 -19.7721
v  6.9341 -12.0290 -19.6758
v  6.8687 -7.4353 -19.8365
v  6.8949 -7.3264 -19.7721
v  6.9341 -7.2536 -19.6758
v  6.9804 -7.2281 -19.5622
v  9.0244 -11.8473 -20.5014
v  9.0378 -11.9562 -20.4331
v  9.0578 -12.0290 -20.3309
v  9.0244 -7.4353 -20.5014
v  9.0378 -7.3264 -20.4331
v  9.0578 -7.2536 -20.3309
v  9.0814 -7.2281 -20.2103
v  11.2663 -3.9235 -20.1097
v  13.3900 -3.9235 -19.8971
v  11.2663 -3.8146 -20.0401
v  13.3766 -3.8146 -19.8287
v  11.2663 -3.7418 -19.9358
v  13.3566 -3.7418 -19.7265
v  15.4320 -3.9235 -19.2672
v  15.4058 -3.8146 -19.2028
v  15.3666 -3.7418 -19.1065
v  17.3140 -3.9235 -18.2443
v  17.2759 -3.8146 -18.1864
v  17.2190 -3.7418 -18.0997
v  18.9636 -3.9235 -16.8678
v  18.9151 -3.8146 -16.8185
v  18.8426 -3.7418 -16.7448
v  20.3173 -3.9235 -15.1905
v  20.2604 -3.8146 -15.1517
v  20.1751 -3.7418 -15.0938
v  21.3232 -3.9235 -13.2768
v  21.2600 -3.8146 -13.2502
v  21.1652 -3.7418 -13.2103
v  21.9427 -3.9235 -11.2004
v  21.8755 -3.8146 -11.1868
v  21.7749 -3.7418 -11.1665
v  22.1519 -3.9235 -9.0410
v  22.0833 -3.8146 -9.0410
v  21.9808 -3.7418 -9.0410
v  21.9427 -3.9235 -6.8816
v  21.8755 -3.8146 -6.8952
v  21.7749 -3.7418 -6.9155
v  21.3232 -3.9235 -4.8052
v  21.2600 -3.8146 -4.8318
v  21.1652 -3.7418 -4.8717
v  20.3173 -3.9235 -2.8915
v  20.2604 -3.8146 -2.9302
v  20.1751 -3.7418 -2.9882
v  18.9636 -3.9235 -1.2142
v  18.9151 -3.8146 -1.2635
v  18.8426 -3.7418 -1.3372
v  17.3140 -3.9235 0.1623
v  17.2759 -3.8146 0.1044
v  17.2190 -3.7418 0.0177
v  15.4320 -3.9235 1.1852
v  15.4058 -3.8146 1.1208
v  15.3666 -3.7418 1.0245
v  13.3900 -3.9235 1.8151
v  13.3766 -3.8146 1.7467
v  13.3566 -3.7418 1.6445
v  11.2663 -3.9235 2.0278
v  11.2663 -3.8146 1.9581
v  11.2663 -3.7418 1.8538
v  9.1426 -3.9235 1.8151
v  9.1560 -3.8146 1.7467
v  9.1760 -3.7418 1.6445
v  7.1006 -3.9235 1.1852
v  7.1268 -3.8146 1.1208
v  7.1661 -3.7418 1.0245
v  5.2186 -3.9235 0.1623
v  5.2567 -3.8146 0.1044
v  5.3137 -3.7418 0.0177
v  3.5691 -3.9235 -1.2142
v  3.6175 -3.8146 -1.2635
v  3.6900 -3.7418 -1.3372
v  2.2153 -3.9235 -2.8915
v  2.2723 -3.8146 -2.9302
v  2.3575 -3.7418 -2.9882
v  1.2094 -3.9235 -4.8052
v  1.2727 -3.8146 -4.8318
v  1.3674 -3.7418 -4.8717
v  0.5899 -3.9235 -6.8816
v  0.6571 -3.8146 -6.8952
v  0.7577 -3.7418 -6.9155
v  0.3808 -3.9235 -9.0410
v  0.4493 -3.8146 -9.0410
v  0.5518 -3.7418 -9.0410
v  0.5899 -3.9235 -11.2004
v  0.6571 -3.8146 -11.1868
v  0.7577 -3.7418 -11.1665
v  1.2094 -3.9235 -13.2768
v  1.2727 -3.8146 -13.2502
v  1.3674 -3.7418 -13.2103
v  2.2153 -3.9235 -15.1905
v  2.2723 -3.8146 -15.1517
v  2.3575 -3.7418 -15.0938
v  3.5691 -3.9235 -16.8678
v  3.6175 -3.8146 -16.8185
v  3.6900 -3.7418 -16.7448
v  5.2186 -3.9235 -18.2443
v  5.2567 -3.8146 -18.1864
v  5.3137 -3.7418 -18.0997
v  7.1006 -3.9235 -19.2672
v  7.1268 -3.8146 -19.2028
v  7.1660 -3.7418 -19.1065
v  9.1426 -3.9235 -19.8971
v  9.1560 -3.8146 -19.8287
v  9.1760 -3.7418 -19.7265
# 640 vertices

vn 0.0000 0.0979 -0.9952
vn 0.0000 -0.0979 -0.9952
vn -0.1942 -0.0979 -0.9761
vn -0.1942 0.0979 -0.9761
vn 0.3808 -0.0979 -0.9194
vn 0.3808 0.0979 -0.9194
vn 0.5529 0.0979 -0.8275
vn 0.5529 -0.0979 -0.8275
vn 0.7037 0.0979 -0.7037
vn 0.7037 -0.0979 -0.7037
vn 0.8275 0.0979 -0.5529
vn 0.8275 -0.0979 -0.5529
vn 0.9194 0.0979 -0.3808
vn 0.9194 -0.0979 -0.3808
vn 0.9761 0.0979 -0.1942
vn 0.9761 -0.0979 -0.1942
vn 0.9952 0.0979 -0.0000
vn 0.9952 -0.0979 -0.0000
vn 0.9761 0.0979 0.1942
vn 0.9761 -0.0979 0.1942
vn 0.9194 0.0979 0.3808
vn 0.9194 -0.0979 0.3808
vn 0.8275 0.0979 0.5529
vn 0.8275 -0.0979 0.5529
vn 0.7037 0.0979 0.7037
vn 0.7037 -0.0979 0.7037
vn 0.5529 0.0979 0.8275
vn 0.5529 -0.0979 0.8275
vn 0.3808 0.0979 0.9194
vn 0.3808 -0.0979 0.9194
vn 0.1942 0.0979 0.9761
vn 0.1942 -0.0979 0.9761
vn 0.0000 0.0979 0.9952
vn 0.0000 -0.0979 0.9952
vn -0.1942 0.0979 0.9761
vn -0.1942 -0.0979 0.9761
vn -0.3808 -0.0979 0.9194
vn -0.3808 0.0979 0.9194
vn -0.5529 0.0979 0.8275
vn -0.5529 -0.0979 0.8275
vn -0.7037 0.0979 0.7037
vn -0.7037 -0.0979 0.7037
vn -0.8275 0.0979 0.5529
vn -0.8275 -0.0979 0.5529
vn -0.9194 0.0979 0.3808
vn -0.9194 -0.0979 0.3808
vn -0.9761 0.0979 0.1942
vn -0.9761 -0.0979 0.1942
vn -0.9952 0.0979 -0.0000
vn -0.9952 -0.0979 -0.0000
vn -0.9761 0.0979 -0.1942
vn -0.9761 -0.0979 -0.1942
vn -0.9194 0.0979 -0.3808
vn -0.9194 -0.0979 -0.3808
vn -0.8275 -0.0979 -0.5529
vn -0.8275 0.0979 -0.5529
vn -0.7037 0.0979 -0.7037
vn -0.7037 -0.0979 -0.7037
vn -0.5529 0.0979 -0.8275
vn -0.5529 -0.0979 -0.8275
vn -0.3808 0.0979 -0.9194
vn -0.3808 -0.0979 -0.9194
vn 0.1942 0.0979 -0.9761
vn 0.1942 -0.0979 -0.9761
vn 0.0000 -1.0000 -0.0000
vn 0.0000 -0.9946 -0.1036
vn 0.0202 -0.9946 -0.1016
vn 0.3905 -0.7112 -0.5845
vn 0.2690 -0.7112 -0.6494
vn -0.0202 -0.9946 -0.1016
vn 0.0396 -0.9946 -0.0957
vn 0.0576 -0.9946 -0.0861
vn 0.0732 -0.9946 -0.0732
vn 0.0861 -0.9946 -0.0576
vn 0.0957 -0.9946 -0.0396
vn 0.1016 -0.9946 -0.0202
vn 0.1036 -0.9946 -0.0000
vn 0.1016 -0.9946 0.0202
vn 0.0957 -0.9946 0.0396
vn 0.0861 -0.9946 0.0576
vn 0.0732 -0.9946 0.0732
vn 0.0576 -0.9946 0.0861
vn 0.0396 -0.9946 0.0957
vn 0.0202 -0.9946 0.1016
vn 0.0000 -0.9946 0.1036
vn -0.0202 -0.9946 0.1016
vn -0.0396 -0.9946 0.0957
vn -0.0576 -0.9946 0.0861
vn -0.0732 -0.9946 0.0732
vn -0.0861 -0.9946 0.0576
vn -0.0957 -0.9946 0.0396
vn -0.1016 -0.9946 0.0202
vn -0.1036 -0.9946 -0.0000
vn -0.1016 -0.9946 -0.0202
vn -0.0957 -0.9946 -0.0396
vn -0.0861 -0.9946 -0.0576
vn -0.0732 -0.9946 -0.0732
vn -0.0576 -0.9946 -0.0861
vn -0.0396 -0.9946 -0.0957
vn 0.0202 0.9946 -0.1016
vn 0.0000 0.9946 -0.1036
vn -0.0202 0.9946 -0.1016
vn -0.0396 0.9946 -0.0957
vn -0.0576 0.9946 -0.0861
vn -0.0732 0.9946 -0.0732
vn -0.0861 0.9946 -0.0576
vn -0.0957 0.9946 -0.0396
vn -0.1016 0.9946 -0.0202
vn -0.1036 0.9946 -0.0000
vn -0.1016 0.9946 0.0202
vn -0.0957 0.9946 0.0396
vn -0.0861 0.9946 0.0575
vn -0.0732 0.9946 0.0732
vn -0.0576 0.9946 0.0861
vn -0.0202 0.9946 0.1016
vn 0.0000 0.9946 0.1036
vn 0.0202 0.9946 0.1016
vn -0.0396 0.9946 0.0957
vn 0.0396 0.9946 0.0957
vn 0.0576 0.9946 0.0861
vn 0.0732 0.9946 0.0733
vn 0.0861 0.9946 0.0576
vn 0.0957 0.9946 0.0396
vn 0.1016 0.9946 0.0202
vn 0.1036 0.9946 -0.0000
vn 0.1016 0.9946 -0.0202
vn 0.0957 0.9946 -0.0396
vn 0.0861 0.9946 -0.0576
vn 0.0732 0.9946 -0.0732
vn 0.0576 0.9946 -0.0861
vn 0.0396 0.9946 -0.0957
vn -0.5845 -0.7112 0.3905
vn -0.6494 -0.7112 0.2690
vn 0.4971 -0.7112 -0.4971
vn -0.6894 -0.7112 0.1371
vn 0.5845 -0.7112 -0.3905
vn -0.7029 -0.7112 -0.0000
vn 0.6494 -0.7112 -0.2690
vn -0.6894 -0.7112 -0.1371
vn 0.6894 -0.7112 -0.1371
vn -0.6494 -0.7112 -0.2690
vn 0.7029 -0.7112 -0.0000
vn -0.5845 -0.7112 -0.3905
vn 0.6894 -0.7112 0.1371
vn -0.4971 -0.7112 -0.4971
vn 0.6494 -0.7112 0.2690
vn -0.3905 -0.7112 -0.5845
vn 0.5845 -0.7112 0.3905
vn -0.2690 -0.7112 -0.6494
vn -0.1371 -0.7112 0.6894
vn 0.0000 -0.7112 0.7029
vn 0.4971 -0.7112 0.4971
vn -0.1371 -0.7112 -0.6894
vn -0.2690 -0.7112 0.6494
vn 0.3905 -0.7112 0.5845
vn 0.0000 -0.7112 -0.7029
vn -0.3905 -0.7112 0.5845
vn 0.2690 -0.7112 0.6494
vn 0.1371 -0.7112 -0.6894
vn -0.4971 -0.7112 0.4971
vn 0.1371 -0.7112 0.6894
vn 0.1951 0.0000 -0.9808
vn 0.0000 0.0000 -1.0000
vn 0.3827 0.0000 -0.9239
vn 0.5556 0.0000 -0.8315
vn 0.7071 0.0000 -0.7071
vn 0.8315 0.0000 -0.5556
vn 0.9239 0.0000 -0.3827
vn 0.9808 0.0000 -0.1951
vn 1.0000 0.0000 -0.0000
vn 0.9808 0.0000 0.1951
vn 0.9239 0.0000 0.3827
vn 0.8315 0.0000 0.5556
vn 0.7071 0.0000 0.7071
vn 0.5556 0.0000 0.8315
vn 0.3827 0.0000 0.9239
vn 0.1951 0.0000 0.9808
vn 0.0000 0.0000 1.0000
vn -0.1951 0.0000 0.9808
vn -0.3827 0.0000 0.9239
vn -0.5556 0.0000 0.8315
vn -0.7071 0.0000 0.7071
vn -0.8315 0.0000 0.5556
vn -0.9239 0.0000 0.3827
vn -0.9808 0.0000 0.1951
vn -1.0000 0.0000 -0.0000
vn -0.9808 0.0000 -0.1951
vn -0.9239 0.0000 -0.3827
vn -0.8315 0.0000 -0.5556
vn -0.7071 0.0000 -0.7071
vn -0.5556 0.0000 -0.8315
vn -0.3827 0.0000 -0.9239
vn 0.0000 1.0000 -0.0000
vn -0.1951 0.0000 -0.9808
vn 0.1805 -0.3799 -0.9073
vn 0.0000 -0.3799 -0.9250
vn 0.1388 -0.7026 -0.6979
vn 0.0000 -0.7026 -0.7115
vn 0.0764 -0.9202 -0.3840
vn 0.0000 -0.9202 -0.3915
vn 0.0000 0.3799 -0.9250
vn 0.1805 0.3799 -0.9073
vn 0.0000 0.7026 -0.7115
vn 0.1388 0.7026 -0.6979
vn 0.0000 0.9202 -0.3915
vn 0.0764 0.9202 -0.3840
vn 0.3540 -0.3799 -0.8546
vn 0.2723 -0.7026 -0.6574
vn 0.1498 -0.9202 -0.3617
vn 0.3540 0.3799 -0.8546
vn 0.2723 0.7026 -0.6574
vn 0.1498 0.9202 -0.3617
vn 0.5139 -0.3799 -0.7691
vn 0.3953 -0.7026 -0.5916
vn 0.2175 -0.9202 -0.3255
vn 0.5139 0.3799 -0.7691
vn 0.3953 0.7026 -0.5916
vn 0.2175 0.9202 -0.3255
vn 0.6541 -0.3799 -0.6541
vn 0.5031 -0.7026 -0.5031
vn 0.2768 -0.9202 -0.2768
vn 0.6541 0.3799 -0.6541
vn 0.5031 0.7026 -0.5031
vn 0.2768 0.9202 -0.2768
vn 0.7691 -0.3799 -0.5139
vn 0.5916 -0.7026 -0.3953
vn 0.3255 -0.9202 -0.2175
vn 0.7691 0.3799 -0.5139
vn 0.5916 0.7026 -0.3953
vn 0.3255 0.9202 -0.2175
vn 0.8546 -0.3799 -0.3540
vn 0.6574 -0.7026 -0.2723
vn 0.3617 -0.9202 -0.1498
vn 0.8546 0.3799 -0.3540
vn 0.6574 0.7026 -0.2723
vn 0.3617 0.9202 -0.1498
vn 0.9073 -0.3799 -0.1805
vn 0.6979 -0.7026 -0.1388
vn 0.3840 -0.9202 -0.0764
vn 0.9073 0.3799 -0.1805
vn 0.6979 0.7026 -0.1388
vn 0.3840 0.9202 -0.0764
vn 0.9250 -0.3799 -0.0000
vn 0.7115 -0.7026 -0.0000
vn 0.3915 -0.9202 -0.0000
vn 0.9250 0.3799 -0.0000
vn 0.7115 0.7026 -0.0000
vn 0.3915 0.9202 -0.0000
vn 0.9073 -0.3799 0.1805
vn 0.6979 -0.7026 0.1388
vn 0.3840 -0.9202 0.0764
vn 0.9073 0.3799 0.1805
vn 0.6979 0.7026 0.1388
vn 0.3840 0.9202 0.0764
vn 0.8546 -0.3799 0.3540
vn 0.6574 -0.7026 0.2723
vn 0.3617 -0.9202 0.1498
vn 0.8546 0.3799 0.3540
vn 0.6574 0.7026 0.2723
vn 0.3617 0.9202 0.1498
vn 0.7691 -0.3799 0.5139
vn 0.5916 -0.7026 0.3953
vn 0.3255 -0.9202 0.2175
vn 0.7691 0.3799 0.5139
vn 0.5916 0.7026 0.3953
vn 0.3255 0.9202 0.2175
vn 0.6541 -0.3799 0.6541
vn 0.5031 -0.7026 0.5031
vn 0.2768 -0.9202 0.2768
vn 0.6541 0.3799 0.6541
vn 0.5031 0.7026 0.5031
vn 0.2768 0.9202 0.2768
vn 0.0732 0.9946 0.0732
vn 0.5139 -0.3799 0.7691
vn 0.3953 -0.7026 0.5916
vn 0.2175 -0.9202 0.3255
vn 0.5139 0.3799 0.7691
vn 0.3953 0.7026 0.5916
vn 0.2175 0.9202 0.3255
vn 0.3540 -0.3799 0.8546
vn 0.2723 -0.7026 0.6574
vn 0.1498 -0.9202 0.3617
vn 0.3540 0.3799 0.8546
vn 0.2723 0.7026 0.6574
vn 0.1498 0.9202 0.3617
vn 0.1805 -0.3799 0.9073
vn 0.1388 -0.7026 0.6979
vn 0.0764 -0.9202 0.3840
vn 0.1805 0.3799 0.9073
vn 0.1388 0.7026 0.6979
vn 0.0764 0.9202 0.3840
vn 0.0000 -0.3799 0.9250
vn 0.0000 -0.7026 0.7115
vn 0.0000 -0.9202 0.3915
vn 0.0000 0.3799 0.9250
vn 0.0000 0.7026 0.7115
vn 0.0000 0.9202 0.3915
vn -0.1805 -0.3799 0.9073
vn -0.1388 -0.7026 0.6979
vn -0.0764 -0.9202 0.3840
vn -0.1805 0.3799 0.9073
vn -0.1388 0.7026 0.6979
vn -0.0764 0.9202 0.3840
vn -0.3540 -0.3799 0.8546
vn -0.2723 -0.7026 0.6574
vn -0.1498 -0.9202 0.3617
vn -0.3540 0.3799 0.8546
vn -0.2723 0.7026 0.6574
vn -0.1498 0.9202 0.3617
vn -0.5139 -0.3799 0.7691
vn -0.3953 -0.7026 0.5916
vn -0.2175 -0.9202 0.3255
vn -0.5139 0.3799 0.7691
vn -0.3953 0.7026 0.5916
vn -0.2175 0.9202 0.3255
vn -0.6541 -0.3799 0.6541
vn -0.5031 -0.7026 0.5031
vn -0.2768 -0.9202 0.2768
vn -0.6541 0.3799 0.6541
vn -0.5031 0.7026 0.5031
vn -0.2768 0.9202 0.2768
vn -0.7691 -0.3799 0.5139
vn -0.5916 -0.7026 0.3953
vn -0.3255 -0.9202 0.2175
vn -0.7691 0.3799 0.5139
vn -0.5916 0.7026 0.3953
vn -0.3255 0.9202 0.2175
vn -0.0861 0.9946 0.0576
vn -0.8546 -0.3799 0.3540
vn -0.6574 -0.7026 0.2723
vn -0.3617 -0.9202 0.1498
vn -0.8546 0.3799 0.3540
vn -0.6574 0.7026 0.2723
vn -0.3617 0.9202 0.1498
vn -0.9073 -0.3799 0.1805
vn -0.6979 -0.7026 0.1388
vn -0.3840 -0.9202 0.0764
vn -0.9073 0.3799 0.1805
vn -0.6979 0.7026 0.1388
vn -0.3840 0.9202 0.0764
vn -0.9250 -0.3799 -0.0000
vn -0.7115 -0.7026 -0.0000
vn -0.3915 -0.9202 -0.0000
vn -0.9250 0.3799 -0.0000
vn -0.7115 0.7026 -0.0000
vn -0.3915 0.9202 -0.0000
vn -0.9073 -0.3799 -0.1805
vn -0.6979 -0.7026 -0.1388
vn -0.3840 -0.9202 -0.0764
vn -0.9073 0.3799 -0.1805
vn -0.6979 0.7026 -0.1388
vn -0.3840 0.9202 -0.0764
vn -0.8546 -0.3799 -0.3540
vn -0.6574 -0.7026 -0.2723
vn -0.3617 -0.9202 -0.1498
vn -0.8546 0.3799 -0.3540
vn -0.6574 0.7026 -0.2723
vn -0.3617 0.9202 -0.1498
vn -0.7691 -0.3799 -0.5139
vn -0.5916 -0.7026 -0.3953
vn -0.3255 -0.9202 -0.2175
vn -0.7691 0.3799 -0.5139
vn -0.5916 0.7026 -0.3953
vn -0.3255 0.9202 -0.2175
vn -0.6541 -0.3799 -0.6541
vn -0.5031 -0.7026 -0.5031
vn -0.2768 -0.9202 -0.2768
vn -0.6541 0.3799 -0.6541
vn -0.5031 0.7026 -0.5031
vn -0.2768 0.9202 -0.2768
vn -0.5139 -0.3799 -0.7691
vn -0.3953 -0.7026 -0.5916
vn -0.2175 -0.9202 -0.3255
vn -0.5139 0.3799 -0.7691
vn -0.3953 0.7026 -0.5916
vn -0.2175 0.9202 -0.3255
vn -0.3540 -0.3799 -0.8546
vn -0.2723 -0.7026 -0.6574
vn -0.1498 -0.9202 -0.3617
vn -0.3540 0.3799 -0.8546
vn -0.2723 0.7026 -0.6574
vn -0.1498 0.9202 -0.3617
vn -0.1805 -0.3799 -0.9073
vn -0.1388 -0.7026 -0.6979
vn -0.0764 -0.9202 -0.3840
vn -0.1805 0.3799 -0.9073
vn -0.1388 0.7026 -0.6979
vn -0.0764 0.9202 -0.3840
# 388 vertex normals

vt 0.9244 0.2049 0.0000
vt 0.9510 0.2049 0.0000
vt 0.9510 0.2203 0.0000
vt 0.9244 0.2203 0.0000
vt 0.9510 0.6685 0.0000
vt 0.9244 0.6685 0.0000
vt 0.9244 0.6530 0.0000
vt 0.9510 0.6530 0.0000
vt 0.9244 0.6376 0.0000
vt 0.9510 0.6376 0.0000
vt 0.9244 0.6221 0.0000
vt 0.9510 0.6221 0.0000
vt 0.9244 0.6067 0.0000
vt 0.9510 0.6067 0.0000
vt 0.9244 0.5912 0.0000
vt 0.9510 0.5912 0.0000
vt 0.9244 0.5758 0.0000
vt 0.9510 0.5758 0.0000
vt 0.9244 0.5603 0.0000
vt 0.9510 0.5603 0.0000
vt 0.9244 0.5448 0.0000
vt 0.9510 0.5448 0.0000
vt 0.9244 0.5294 0.0000
vt 0.9510 0.5294 0.0000
vt 0.9244 0.5139 0.0000
vt 0.9510 0.5139 0.0000
vt 0.9244 0.4985 0.0000
vt 0.9510 0.4985 0.0000
vt 0.9244 0.4830 0.0000
vt 0.9510 0.4830 0.0000
vt 0.9244 0.4676 0.0000
vt 0.9510 0.4676 0.0000
vt 0.9244 0.4521 0.0000
vt 0.9510 0.4521 0.0000
vt 0.9244 0.4367 0.0000
vt 0.9510 0.4367 0.0000
vt 0.9510 0.4212 0.0000
vt 0.9244 0.4212 0.0000
vt 0.9244 0.4058 0.0000
vt 0.9510 0.4058 0.0000
vt 0.9244 0.3903 0.0000
vt 0.9510 0.3903 0.0000
vt 0.9244 0.3749 0.0000
vt 0.9510 0.3749 0.0000
vt 0.9244 0.3594 0.0000
vt 0.9510 0.3594 0.0000
vt 0.9244 0.3439 0.0000
vt 0.9510 0.3439 0.0000
vt 0.9244 0.3285 0.0000
vt 0.9510 0.3285 0.0000
vt 0.9244 0.3130 0.0000
vt 0.9510 0.3130 0.0000
vt 0.9244 0.2976 0.0000
vt 0.9510 0.2976 0.0000
vt 0.9510 0.2821 0.0000
vt 0.9244 0.2821 0.0000
vt 0.9244 0.2667 0.0000
vt 0.9510 0.2667 0.0000
vt 0.9244 0.2512 0.0000
vt 0.9510 0.2512 0.0000
vt 0.9244 0.2358 0.0000
vt 0.9510 0.2358 0.0000
vt 0.9244 0.1894 0.0000
vt 0.9510 0.1894 0.0000
vt 0.2507 0.6408 0.0000
vt 0.2497 0.6506 0.0000
vt 0.2349 0.6477 0.0000
vt 0.2378 0.6382 0.0000
vt 0.9510 0.6839 0.0000
vt 0.9244 0.6839 0.0000
vt 0.0581 0.6596 0.0000
vt 0.0719 0.6849 0.0000
vt 0.0646 0.6898 0.0000
vt 0.0461 0.6676 0.0000
vt 0.2637 0.6408 0.0000
vt 0.2647 0.6506 0.0000
vt 0.2211 0.6419 0.0000
vt 0.2086 0.6336 0.0000
vt 0.2148 0.6260 0.0000
vt 0.2257 0.6332 0.0000
vt 0.2056 0.6167 0.0000
vt 0.1979 0.6229 0.0000
vt 0.1896 0.6104 0.0000
vt 0.1983 0.6058 0.0000
vt 0.1838 0.5966 0.0000
vt 0.1933 0.5937 0.0000
vt 0.1809 0.5818 0.0000
vt 0.1907 0.5809 0.0000
vt 0.1809 0.5668 0.0000
vt 0.1907 0.5678 0.0000
vt 0.1838 0.5521 0.0000
vt 0.1933 0.5549 0.0000
vt 0.1983 0.5428 0.0000
vt 0.1896 0.5382 0.0000
vt 0.1979 0.5257 0.0000
vt 0.2056 0.5319 0.0000
vt 0.2086 0.5150 0.0000
vt 0.2148 0.5227 0.0000
vt 0.2211 0.5067 0.0000
vt 0.2257 0.5154 0.0000
vt 0.2349 0.5009 0.0000
vt 0.2378 0.5104 0.0000
vt 0.2497 0.4980 0.0000
vt 0.2506 0.5078 0.0000
vt 0.2647 0.4980 0.0000
vt 0.2637 0.5078 0.0000
vt 0.2795 0.5009 0.0000
vt 0.2766 0.5104 0.0000
vt 0.2887 0.5154 0.0000
vt 0.2933 0.5067 0.0000
vt 0.3058 0.5150 0.0000
vt 0.2996 0.5227 0.0000
vt 0.3165 0.5257 0.0000
vt 0.3088 0.5319 0.0000
vt 0.3248 0.5382 0.0000
vt 0.3161 0.5428 0.0000
vt 0.3306 0.5521 0.0000
vt 0.3211 0.5549 0.0000
vt 0.3335 0.5668 0.0000
vt 0.3237 0.5678 0.0000
vt 0.3335 0.5818 0.0000
vt 0.3237 0.5809 0.0000
vt 0.3211 0.5937 0.0000
vt 0.3306 0.5966 0.0000
vt 0.3248 0.6104 0.0000
vt 0.3161 0.6058 0.0000
vt 0.3165 0.6229 0.0000
vt 0.3088 0.6167 0.0000
vt 0.3058 0.6336 0.0000
vt 0.2996 0.6260 0.0000
vt 0.2933 0.6419 0.0000
vt 0.2887 0.6332 0.0000
vt 0.2795 0.6477 0.0000
vt 0.2766 0.6382 0.0000
vt 0.3225 0.7449 0.0000
vt 0.3170 0.7580 0.0000
vt 0.3091 0.7698 0.0000
vt 0.2991 0.7799 0.0000
vt 0.2873 0.7878 0.0000
vt 0.2741 0.7932 0.0000
vt 0.2602 0.7960 0.0000
vt 0.2460 0.7960 0.0000
vt 0.2320 0.7932 0.0000
vt 0.2189 0.7878 0.0000
vt 0.2071 0.7799 0.0000
vt 0.1970 0.7698 0.0000
vt 0.1891 0.7580 0.0000
vt 0.1837 0.7449 0.0000
vt 0.1809 0.7309 0.0000
vt 0.1837 0.7028 0.0000
vt 0.1891 0.6896 0.0000
vt 0.1970 0.6778 0.0000
vt 0.1809 0.7167 0.0000
vt 0.2071 0.6678 0.0000
vt 0.2189 0.6599 0.0000
vt 0.2320 0.6544 0.0000
vt 0.2460 0.6517 0.0000
vt 0.2602 0.6517 0.0000
vt 0.2741 0.6544 0.0000
vt 0.2873 0.6599 0.0000
vt 0.2991 0.6678 0.0000
vt 0.3091 0.6778 0.0000
vt 0.3170 0.6896 0.0000
vt 0.3225 0.7028 0.0000
vt 0.3252 0.7167 0.0000
vt 0.3252 0.7309 0.0000
vt 0.8575 0.8391 0.0000
vt 0.8610 0.8476 0.0000
vt 0.8628 0.8565 0.0000
vt 0.8628 0.8657 0.0000
vt 0.8610 0.8747 0.0000
vt 0.8575 0.8831 0.0000
vt 0.8524 0.8907 0.0000
vt 0.8460 0.8972 0.0000
vt 0.8384 0.9023 0.0000
vt 0.8299 0.9058 0.0000
vt 0.8209 0.9076 0.0000
vt 0.8118 0.9076 0.0000
vt 0.8028 0.9058 0.0000
vt 0.7944 0.9023 0.0000
vt 0.7868 0.8972 0.0000
vt 0.7803 0.8907 0.0000
vt 0.7752 0.8831 0.0000
vt 0.7717 0.8747 0.0000
vt 0.7699 0.8657 0.0000
vt 0.7699 0.8565 0.0000
vt 0.7717 0.8476 0.0000
vt 0.7752 0.8391 0.0000
vt 0.7803 0.8315 0.0000
vt 0.7868 0.8250 0.0000
vt 0.7944 0.8200 0.0000
vt 0.8028 0.8165 0.0000
vt 0.8118 0.8147 0.0000
vt 0.8209 0.8147 0.0000
vt 0.8299 0.8165 0.0000
vt 0.8384 0.8200 0.0000
vt 0.8524 0.8315 0.0000
vt 0.8460 0.8250 0.0000
vt 0.1001 0.7977 0.0000
vt 0.0857 0.7978 0.0000
vt 0.0883 0.7691 0.0000
vt 0.0970 0.7692 0.0000
vt 0.0800 0.6816 0.0000
vt 0.0714 0.6541 0.0000
vt 0.0797 0.7674 0.0000
vt 0.0715 0.7950 0.0000
vt 0.0856 0.6513 0.0000
vt 0.0886 0.6799 0.0000
vt 0.0582 0.7895 0.0000
vt 0.0716 0.7640 0.0000
vt 0.0974 0.6799 0.0000
vt 0.1000 0.6513 0.0000
vt 0.0643 0.7591 0.0000
vt 0.0462 0.7815 0.0000
vt 0.1141 0.6541 0.0000
vt 0.1059 0.6817 0.0000
vt 0.0360 0.7713 0.0000
vt 0.0581 0.7529 0.0000
vt 0.1140 0.6850 0.0000
vt 0.1274 0.6597 0.0000
vt 0.0533 0.7455 0.0000
vt 0.0279 0.7593 0.0000
vt 0.1393 0.6677 0.0000
vt 0.1212 0.6899 0.0000
vt 0.0224 0.7460 0.0000
vt 0.0499 0.7374 0.0000
vt 0.1273 0.6962 0.0000
vt 0.1494 0.6779 0.0000
vt 0.0483 0.7288 0.0000
vt 0.0196 0.7318 0.0000
vt 0.1321 0.7035 0.0000
vt 0.1574 0.6899 0.0000
vt 0.0483 0.7200 0.0000
vt 0.0196 0.7174 0.0000
vt 0.1271 0.7531 0.0000
vt 0.1320 0.7458 0.0000
vt 0.1574 0.7590 0.0000
vt 0.1495 0.7710 0.0000
vt 0.1629 0.7032 0.0000
vt 0.1354 0.7116 0.0000
vt 0.0224 0.7032 0.0000
vt 0.0501 0.7114 0.0000
vt 0.1394 0.7812 0.0000
vt 0.1210 0.7593 0.0000
vt 0.1656 0.7173 0.0000
vt 0.1370 0.7203 0.0000
vt 0.0534 0.7032 0.0000
vt 0.0279 0.6899 0.0000
vt 0.1137 0.7641 0.0000
vt 0.1275 0.7893 0.0000
vt 0.1656 0.7316 0.0000
vt 0.1369 0.7291 0.0000
vt 0.0359 0.6778 0.0000
vt 0.0584 0.6960 0.0000
vt 0.1142 0.7949 0.0000
vt 0.1056 0.7675 0.0000
vt 0.1629 0.7457 0.0000
vt 0.1353 0.7377 0.0000
vt 0.8625 0.1894 0.0000
vt 0.8935 0.1894 0.0000
vt 0.8935 0.2033 0.0000
vt 0.8625 0.2033 0.0000
vt 0.8625 0.6190 0.0000
vt 0.8935 0.6190 0.0000
vt 0.8935 0.6328 0.0000
vt 0.8625 0.6328 0.0000
vt 0.8625 0.6051 0.0000
vt 0.8935 0.6051 0.0000
vt 0.8625 0.5913 0.0000
vt 0.8935 0.5913 0.0000
vt 0.8935 0.5774 0.0000
vt 0.8625 0.5774 0.0000
vt 0.8935 0.5636 0.0000
vt 0.8625 0.5636 0.0000
vt 0.8625 0.5497 0.0000
vt 0.8935 0.5497 0.0000
vt 0.8625 0.5358 0.0000
vt 0.8935 0.5358 0.0000
vt 0.8625 0.5220 0.0000
vt 0.8935 0.5220 0.0000
vt 0.8935 0.5081 0.0000
vt 0.8625 0.5081 0.0000
vt 0.8625 0.4943 0.0000
vt 0.8935 0.4943 0.0000
vt 0.8935 0.4804 0.0000
vt 0.8625 0.4804 0.0000
vt 0.8935 0.4665 0.0000
vt 0.8625 0.4665 0.0000
vt 0.8625 0.4527 0.0000
vt 0.8935 0.4527 0.0000
vt 0.8935 0.4388 0.0000
vt 0.8625 0.4388 0.0000
vt 0.8935 0.4250 0.0000
vt 0.8625 0.4250 0.0000
vt 0.8625 0.4111 0.0000
vt 0.8935 0.4111 0.0000
vt 0.8935 0.3973 0.0000
vt 0.8625 0.3973 0.0000
vt 0.8625 0.3834 0.0000
vt 0.8935 0.3834 0.0000
vt 0.8935 0.3695 0.0000
vt 0.8625 0.3695 0.0000
vt 0.8935 0.3557 0.0000
vt 0.8625 0.3557 0.0000
vt 0.8935 0.3418 0.0000
vt 0.8625 0.3418 0.0000
vt 0.8625 0.3280 0.0000
vt 0.8935 0.3280 0.0000
vt 0.8935 0.3141 0.0000
vt 0.8625 0.3141 0.0000
vt 0.8625 0.3003 0.0000
vt 0.8935 0.3003 0.0000
vt 0.8625 0.2864 0.0000
vt 0.8935 0.2864 0.0000
vt 0.8935 0.2725 0.0000
vt 0.8625 0.2725 0.0000
vt 0.8625 0.2587 0.0000
vt 0.8935 0.2587 0.0000
vt 0.8625 0.2448 0.0000
vt 0.8935 0.2448 0.0000
vt 0.8625 0.2310 0.0000
vt 0.8935 0.2310 0.0000
vt 0.4792 0.7483 0.0000
vt 0.4739 0.7611 0.0000
vt 0.4662 0.7726 0.0000
vt 0.4564 0.7824 0.0000
vt 0.4449 0.7901 0.0000
vt 0.4321 0.7954 0.0000
vt 0.4185 0.7981 0.0000
vt 0.4046 0.7981 0.0000
vt 0.3911 0.7954 0.0000
vt 0.3783 0.7901 0.0000
vt 0.3667 0.7824 0.0000
vt 0.3569 0.7726 0.0000
vt 0.3492 0.7611 0.0000
vt 0.3439 0.7483 0.0000
vt 0.3412 0.7347 0.0000
vt 0.3412 0.7208 0.0000
vt 0.3439 0.7072 0.0000
vt 0.3492 0.6944 0.0000
vt 0.3569 0.6829 0.0000
vt 0.3667 0.6731 0.0000
vt 0.3783 0.6654 0.0000
vt 0.3911 0.6601 0.0000
vt 0.4046 0.6574 0.0000
vt 0.4185 0.6574 0.0000
vt 0.4321 0.6601 0.0000
vt 0.4449 0.6654 0.0000
vt 0.4564 0.6731 0.0000
vt 0.4662 0.6829 0.0000
vt 0.4739 0.6944 0.0000
vt 0.4792 0.7072 0.0000
vt 0.4819 0.7208 0.0000
vt 0.4819 0.7347 0.0000
vt 0.8935 0.2171 0.0000
vt 0.8625 0.2171 0.0000
vt 0.6346 0.7312 0.0000
vt 0.6399 0.7440 0.0000
vt 0.6426 0.7576 0.0000
vt 0.6426 0.7715 0.0000
vt 0.6399 0.7851 0.0000
vt 0.6346 0.7979 0.0000
vt 0.6269 0.8094 0.0000
vt 0.6171 0.8192 0.0000
vt 0.6056 0.8269 0.0000
vt 0.5928 0.8322 0.0000
vt 0.5792 0.8349 0.0000
vt 0.5654 0.8349 0.0000
vt 0.5518 0.8322 0.0000
vt 0.5390 0.8269 0.0000
vt 0.5274 0.8192 0.0000
vt 0.5176 0.8094 0.0000
vt 0.5099 0.7979 0.0000
vt 0.5046 0.7851 0.0000
vt 0.5019 0.7715 0.0000
vt 0.5019 0.7576 0.0000
vt 0.5046 0.7440 0.0000
vt 0.5099 0.7312 0.0000
vt 0.5176 0.7197 0.0000
vt 0.5274 0.7099 0.0000
vt 0.5390 0.7022 0.0000
vt 0.5518 0.6969 0.0000
vt 0.5654 0.6942 0.0000
vt 0.5792 0.6942 0.0000
vt 0.5928 0.6969 0.0000
vt 0.6056 0.7022 0.0000
vt 0.6171 0.7099 0.0000
vt 0.6269 0.7197 0.0000
vt 0.8945 0.2187 0.0000
vt 0.8945 0.2040 0.0000
vt 0.9233 0.2040 0.0000
vt 0.9233 0.2187 0.0000
vt 0.9233 0.6433 0.0000
vt 0.8945 0.6433 0.0000
vt 0.8945 0.6286 0.0000
vt 0.9233 0.6286 0.0000
vt 0.8945 0.6140 0.0000
vt 0.9233 0.6140 0.0000
vt 0.8945 0.5993 0.0000
vt 0.9233 0.5993 0.0000
vt 0.8945 0.5847 0.0000
vt 0.9233 0.5847 0.0000
vt 0.8945 0.5701 0.0000
vt 0.9233 0.5701 0.0000
vt 0.8945 0.5554 0.0000
vt 0.9233 0.5554 0.0000
vt 0.8945 0.5408 0.0000
vt 0.9233 0.5408 0.0000
vt 0.8945 0.5261 0.0000
vt 0.9233 0.5261 0.0000
vt 0.8945 0.5115 0.0000
vt 0.9233 0.5115 0.0000
vt 0.8945 0.4969 0.0000
vt 0.9233 0.4969 0.0000
vt 0.8945 0.4822 0.0000
vt 0.9233 0.4822 0.0000
vt 0.8945 0.4676 0.0000
vt 0.9233 0.4676 0.0000
vt 0.8945 0.4529 0.0000
vt 0.9233 0.4529 0.0000
vt 0.8945 0.4383 0.0000
vt 0.9233 0.4383 0.0000
vt 0.8945 0.4237 0.0000
vt 0.9233 0.4237 0.0000
vt 0.8945 0.4090 0.0000
vt 0.9233 0.4090 0.0000
vt 0.8945 0.3944 0.0000
vt 0.9233 0.3944 0.0000
vt 0.8945 0.3797 0.0000
vt 0.9233 0.3797 0.0000
vt 0.8945 0.3651 0.0000
vt 0.9233 0.3651 0.0000
vt 0.8945 0.3505 0.0000
vt 0.9233 0.3505 0.0000
vt 0.8945 0.3358 0.0000
vt 0.9233 0.3358 0.0000
vt 0.8945 0.3212 0.0000
vt 0.9233 0.3212 0.0000
vt 0.8945 0.3065 0.0000
vt 0.9233 0.3065 0.0000
vt 0.8945 0.2919 0.0000
vt 0.9233 0.2919 0.0000
vt 0.8945 0.2772 0.0000
vt 0.9233 0.2772 0.0000
vt 0.8945 0.2626 0.0000
vt 0.9233 0.2626 0.0000
vt 0.8945 0.2480 0.0000
vt 0.9233 0.2480 0.0000
vt 0.8945 0.2333 0.0000
vt 0.9233 0.2333 0.0000
vt 0.8945 0.1894 0.0000
vt 0.9233 0.1894 0.0000
vt 0.8945 0.6579 0.0000
vt 0.9233 0.6579 0.0000
vt 0.6946 0.1733 0.0000
vt 0.6811 0.1677 0.0000
vt 0.6689 0.1595 0.0000
vt 0.6586 0.1492 0.0000
vt 0.6504 0.1370 0.0000
vt 0.6448 0.1235 0.0000
vt 0.6420 0.1091 0.0000
vt 0.6420 0.0945 0.0000
vt 0.6448 0.0801 0.0000
vt 0.6504 0.0666 0.0000
vt 0.6586 0.0544 0.0000
vt 0.6689 0.0441 0.0000
vt 0.6811 0.0360 0.0000
vt 0.6946 0.0303 0.0000
vt 0.7090 0.0275 0.0000
vt 0.7236 0.0275 0.0000
vt 0.7380 0.0303 0.0000
vt 0.7515 0.0360 0.0000
vt 0.7637 0.0441 0.0000
vt 0.7740 0.0544 0.0000
vt 0.7822 0.0666 0.0000
vt 0.7878 0.0801 0.0000
vt 0.7906 0.0945 0.0000
vt 0.7906 0.1091 0.0000
vt 0.7878 0.1235 0.0000
vt 0.7822 0.1370 0.0000
vt 0.7740 0.1492 0.0000
vt 0.7637 0.1595 0.0000
vt 0.7515 0.1677 0.0000
vt 0.7380 0.1733 0.0000
vt 0.7236 0.1761 0.0000
vt 0.7090 0.1761 0.0000
vt 0.4600 0.1686 0.0000
vt 0.4708 0.1576 0.0000
vt 0.4715 0.1582 0.0000
vt 0.4605 0.1692 0.0000
vt 0.4594 0.1679 0.0000
vt 0.4702 0.1571 0.0000
vt 0.4589 0.1673 0.0000
vt 0.4695 0.1566 0.0000
vt 0.4583 0.1667 0.0000
vt 0.4688 0.1561 0.0000
vt 0.5004 0.5846 0.0000
vt 0.4973 0.5999 0.0000
vt 0.4965 0.5997 0.0000
vt 0.4995 0.5845 0.0000
vt 0.4957 0.5995 0.0000
vt 0.4987 0.5844 0.0000
vt 0.4949 0.5992 0.0000
vt 0.4979 0.5844 0.0000
vt 0.4941 0.5990 0.0000
vt 0.4970 0.5843 0.0000
vt 0.4476 0.1779 0.0000
vt 0.4472 0.1772 0.0000
vt 0.4467 0.1765 0.0000
vt 0.4463 0.1757 0.0000
vt 0.4459 0.1750 0.0000
vt 0.5004 0.5689 0.0000
vt 0.4995 0.5690 0.0000
vt 0.4987 0.5691 0.0000
vt 0.4979 0.5692 0.0000
vt 0.4970 0.5693 0.0000
vt 0.4332 0.1839 0.0000
vt 0.4329 0.1831 0.0000
vt 0.4326 0.1823 0.0000
vt 0.4324 0.1815 0.0000
vt 0.4321 0.1807 0.0000
vt 0.4965 0.5538 0.0000
vt 0.4974 0.5535 0.0000
vt 0.4957 0.5541 0.0000
vt 0.4949 0.5543 0.0000
vt 0.4941 0.5546 0.0000
vt 0.4177 0.1862 0.0000
vt 0.4178 0.1870 0.0000
vt 0.4176 0.1853 0.0000
vt 0.4175 0.1845 0.0000
vt 0.4175 0.1837 0.0000
vt 0.4914 0.5391 0.0000
vt 0.4906 0.5395 0.0000
vt 0.4899 0.5399 0.0000
vt 0.4891 0.5403 0.0000
vt 0.4884 0.5407 0.0000
vt 0.4022 0.1862 0.0000
vt 0.4021 0.1870 0.0000
vt 0.4023 0.1853 0.0000
vt 0.4023 0.1845 0.0000
vt 0.4024 0.1836 0.0000
vt 0.4820 0.5265 0.0000
vt 0.4827 0.5260 0.0000
vt 0.4814 0.5271 0.0000
vt 0.4807 0.5276 0.0000
vt 0.4801 0.5282 0.0000
vt 0.3867 0.1839 0.0000
vt 0.3869 0.1831 0.0000
vt 0.3871 0.1823 0.0000
vt 0.3874 0.1815 0.0000
vt 0.3876 0.1806 0.0000
vt 0.4711 0.5156 0.0000
vt 0.4716 0.5149 0.0000
vt 0.4705 0.5162 0.0000
vt 0.4700 0.5169 0.0000
vt 0.4695 0.5175 0.0000
vt 0.3723 0.1770 0.0000
vt 0.3718 0.1777 0.0000
vt 0.3727 0.1762 0.0000
vt 0.3731 0.1754 0.0000
vt 0.3735 0.1747 0.0000
vt 0.4586 0.5062 0.0000
vt 0.4582 0.5069 0.0000
vt 0.4578 0.5077 0.0000
vt 0.4574 0.5084 0.0000
vt 0.4570 0.5092 0.0000
vt 0.3586 0.1687 0.0000
vt 0.3591 0.1681 0.0000
vt 0.3597 0.1674 0.0000
vt 0.3602 0.1667 0.0000
vt 0.3607 0.1661 0.0000
vt 0.4439 0.5010 0.0000
vt 0.4441 0.5001 0.0000
vt 0.4436 0.5018 0.0000
vt 0.4434 0.5026 0.0000
vt 0.4431 0.5034 0.0000
vt 0.3475 0.1575 0.0000
vt 0.3482 0.1570 0.0000
vt 0.3489 0.1564 0.0000
vt 0.3495 0.1559 0.0000
vt 0.3502 0.1553 0.0000
vt 0.4286 0.4979 0.0000
vt 0.4286 0.4970 0.0000
vt 0.4285 0.4987 0.0000
vt 0.4284 0.4996 0.0000
vt 0.4283 0.5004 0.0000
vt 0.3397 0.1440 0.0000
vt 0.3390 0.1444 0.0000
vt 0.3404 0.1436 0.0000
vt 0.3412 0.1432 0.0000
vt 0.3419 0.1428 0.0000
vt 0.4126 0.4979 0.0000
vt 0.4125 0.4970 0.0000
vt 0.4127 0.4987 0.0000
vt 0.4128 0.4996 0.0000
vt 0.4129 0.5004 0.0000
vt 0.3338 0.1297 0.0000
vt 0.3330 0.1300 0.0000
vt 0.3346 0.1295 0.0000
vt 0.3354 0.1292 0.0000
vt 0.3362 0.1290 0.0000
vt 0.3972 0.5010 0.0000
vt 0.3969 0.5002 0.0000
vt 0.3974 0.5018 0.0000
vt 0.3977 0.5026 0.0000
vt 0.3980 0.5034 0.0000
vt 0.3300 0.1146 0.0000
vt 0.3308 0.1145 0.0000
vt 0.3317 0.1144 0.0000
vt 0.3325 0.1143 0.0000
vt 0.3333 0.1143 0.0000
vt 0.3828 0.5070 0.0000
vt 0.3824 0.5063 0.0000
vt 0.3832 0.5078 0.0000
vt 0.3837 0.5085 0.0000
vt 0.3841 0.5092 0.0000
vt 0.3308 0.0991 0.0000
vt 0.3300 0.0990 0.0000
vt 0.3317 0.0991 0.0000
vt 0.3325 0.0992 0.0000
vt 0.3334 0.0993 0.0000
vt 0.3695 0.5151 0.0000
vt 0.3700 0.5157 0.0000
vt 0.3706 0.5163 0.0000
vt 0.3711 0.5170 0.0000
vt 0.3716 0.5176 0.0000
vt 0.3330 0.0837 0.0000
vt 0.3338 0.0839 0.0000
vt 0.3346 0.0841 0.0000
vt 0.3354 0.0844 0.0000
vt 0.3363 0.0846 0.0000
vt 0.3585 0.5262 0.0000
vt 0.3592 0.5267 0.0000
vt 0.3598 0.5272 0.0000
vt 0.3605 0.5277 0.0000
vt 0.3611 0.5283 0.0000
vt 0.3397 0.0696 0.0000
vt 0.3390 0.0692 0.0000
vt 0.3405 0.0700 0.0000
vt 0.3412 0.0704 0.0000
vt 0.3420 0.0708 0.0000
vt 0.3507 0.5396 0.0000
vt 0.3500 0.5392 0.0000
vt 0.3515 0.5400 0.0000
vt 0.3522 0.5403 0.0000
vt 0.3530 0.5407 0.0000
vt 0.3476 0.0562 0.0000
vt 0.3483 0.0568 0.0000
vt 0.3489 0.0573 0.0000
vt 0.3496 0.0578 0.0000
vt 0.3502 0.0583 0.0000
vt 0.3441 0.5536 0.0000
vt 0.3449 0.5538 0.0000
vt 0.3458 0.5541 0.0000
vt 0.3466 0.5543 0.0000
vt 0.3474 0.5545 0.0000
vt 0.3586 0.0452 0.0000
vt 0.3591 0.0458 0.0000
vt 0.3597 0.0465 0.0000
vt 0.3602 0.0471 0.0000
vt 0.3607 0.0478 0.0000
vt 0.3412 0.5689 0.0000
vt 0.3421 0.5690 0.0000
vt 0.3429 0.5691 0.0000
vt 0.3437 0.5691 0.0000
vt 0.3446 0.5692 0.0000
vt 0.3719 0.0373 0.0000
vt 0.3715 0.0366 0.0000
vt 0.3723 0.0380 0.0000
vt 0.3727 0.0388 0.0000
vt 0.3731 0.0395 0.0000
vt 0.3413 0.5845 0.0000
vt 0.3422 0.5844 0.0000
vt 0.3430 0.5843 0.0000
vt 0.3439 0.5842 0.0000
vt 0.3447 0.5841 0.0000
vt 0.3859 0.0306 0.0000
vt 0.3862 0.0314 0.0000
vt 0.3865 0.0322 0.0000
vt 0.3867 0.0330 0.0000
vt 0.3870 0.0338 0.0000
vt 0.3444 0.5999 0.0000
vt 0.3452 0.5996 0.0000
vt 0.3460 0.5994 0.0000
vt 0.3468 0.5991 0.0000
vt 0.3476 0.5988 0.0000
vt 0.4017 0.0283 0.0000
vt 0.4016 0.0275 0.0000
vt 0.4018 0.0292 0.0000
vt 0.4019 0.0301 0.0000
vt 0.4019 0.0309 0.0000
vt 0.3511 0.6140 0.0000
vt 0.3503 0.6144 0.0000
vt 0.3518 0.6135 0.0000
vt 0.3526 0.6131 0.0000
vt 0.3533 0.6127 0.0000
vt 0.4174 0.0276 0.0000
vt 0.4173 0.0284 0.0000
vt 0.4172 0.0293 0.0000
vt 0.4171 0.0301 0.0000
vt 0.4171 0.0310 0.0000
vt 0.3597 0.6269 0.0000
vt 0.3590 0.6274 0.0000
vt 0.3604 0.6263 0.0000
vt 0.3610 0.6258 0.0000
vt 0.3617 0.6252 0.0000
vt 0.4328 0.0307 0.0000
vt 0.4326 0.0316 0.0000
vt 0.4324 0.0324 0.0000
vt 0.4321 0.0332 0.0000
vt 0.4319 0.0340 0.0000
vt 0.3701 0.6385 0.0000
vt 0.3707 0.6379 0.0000
vt 0.3712 0.6372 0.0000
vt 0.3717 0.6365 0.0000
vt 0.3723 0.6359 0.0000
vt 0.4474 0.0369 0.0000
vt 0.4470 0.0376 0.0000
vt 0.4466 0.0384 0.0000
vt 0.4462 0.0391 0.0000
vt 0.4458 0.0399 0.0000
vt 0.3832 0.6473 0.0000
vt 0.3836 0.6465 0.0000
vt 0.3840 0.6458 0.0000
vt 0.3844 0.6450 0.0000
vt 0.3847 0.6443 0.0000
vt 0.4605 0.0457 0.0000
vt 0.4599 0.0464 0.0000
vt 0.4594 0.0470 0.0000
vt 0.4588 0.0477 0.0000
vt 0.4583 0.0483 0.0000
vt 0.3977 0.6533 0.0000
vt 0.3979 0.6525 0.0000
vt 0.3981 0.6516 0.0000
vt 0.3984 0.6508 0.0000
vt 0.3986 0.6500 0.0000
vt 0.4708 0.0575 0.0000
vt 0.4715 0.0569 0.0000
vt 0.4702 0.0580 0.0000
vt 0.4695 0.0585 0.0000
vt 0.4689 0.0591 0.0000
vt 0.4131 0.6563 0.0000
vt 0.4132 0.6555 0.0000
vt 0.4132 0.6546 0.0000
vt 0.4133 0.6538 0.0000
vt 0.4134 0.6530 0.0000
vt 0.4801 0.0700 0.0000
vt 0.4794 0.0704 0.0000
vt 0.4786 0.0708 0.0000
vt 0.4779 0.0712 0.0000
vt 0.4771 0.0716 0.0000
vt 0.4287 0.6555 0.0000
vt 0.4288 0.6563 0.0000
vt 0.4286 0.6546 0.0000
vt 0.4285 0.6538 0.0000
vt 0.4284 0.6530 0.0000
vt 0.4852 0.0847 0.0000
vt 0.4860 0.0845 0.0000
vt 0.4844 0.0850 0.0000
vt 0.4836 0.0852 0.0000
vt 0.4828 0.0855 0.0000
vt 0.4439 0.6525 0.0000
vt 0.4442 0.6533 0.0000
vt 0.4437 0.6516 0.0000
vt 0.4434 0.6508 0.0000
vt 0.4432 0.6500 0.0000
vt 0.4891 0.0998 0.0000
vt 0.4882 0.0999 0.0000
vt 0.4874 0.1000 0.0000
vt 0.4865 0.1001 0.0000
vt 0.4857 0.1002 0.0000
vt 0.4587 0.6473 0.0000
vt 0.4583 0.6465 0.0000
vt 0.4579 0.6458 0.0000
vt 0.4575 0.6450 0.0000
vt 0.4571 0.6443 0.0000
vt 0.4891 0.1154 0.0000
vt 0.4882 0.1153 0.0000
vt 0.4874 0.1153 0.0000
vt 0.4865 0.1152 0.0000
vt 0.4857 0.1151 0.0000
vt 0.4718 0.6385 0.0000
vt 0.4713 0.6378 0.0000
vt 0.4707 0.6371 0.0000
vt 0.4702 0.6365 0.0000
vt 0.4696 0.6358 0.0000
vt 0.4860 0.1308 0.0000
vt 0.4852 0.1305 0.0000
vt 0.4844 0.1303 0.0000
vt 0.4836 0.1300 0.0000
vt 0.4828 0.1298 0.0000
vt 0.4823 0.6267 0.0000
vt 0.4830 0.6272 0.0000
vt 0.4816 0.6262 0.0000
vt 0.4810 0.6256 0.0000
vt 0.4803 0.6251 0.0000
vt 0.4801 0.1452 0.0000
vt 0.4793 0.1448 0.0000
vt 0.4786 0.1444 0.0000
vt 0.4778 0.1440 0.0000
vt 0.4771 0.1436 0.0000
vt 0.4915 0.6143 0.0000
vt 0.4908 0.6139 0.0000
vt 0.4900 0.6135 0.0000
vt 0.4893 0.6131 0.0000
vt 0.4885 0.6127 0.0000
vt 0.5872 0.0312 0.0000
vt 0.5728 0.0283 0.0000
vt 0.5729 0.0275 0.0000
vt 0.5875 0.0304 0.0000
vt 0.5870 0.0320 0.0000
vt 0.5727 0.0292 0.0000
vt 0.5867 0.0328 0.0000
vt 0.5726 0.0300 0.0000
vt 0.5865 0.0336 0.0000
vt 0.5726 0.0309 0.0000
vt 0.5581 0.0284 0.0000
vt 0.5580 0.0275 0.0000
vt 0.5582 0.0292 0.0000
vt 0.5583 0.0300 0.0000
vt 0.5584 0.0309 0.0000
vt 0.5434 0.0304 0.0000
vt 0.5437 0.0312 0.0000
vt 0.5439 0.0321 0.0000
vt 0.5442 0.0329 0.0000
vt 0.5444 0.0337 0.0000
vt 0.5301 0.0369 0.0000
vt 0.5297 0.0362 0.0000
vt 0.5305 0.0376 0.0000
vt 0.5309 0.0384 0.0000
vt 0.5313 0.0391 0.0000
vt 0.5179 0.0451 0.0000
vt 0.5173 0.0444 0.0000
vt 0.5184 0.0457 0.0000
vt 0.5190 0.0464 0.0000
vt 0.5195 0.0470 0.0000
vt 0.5067 0.0551 0.0000
vt 0.5074 0.0556 0.0000
vt 0.5081 0.0561 0.0000
vt 0.5087 0.0567 0.0000
vt 0.5094 0.0572 0.0000
vt 0.4985 0.0676 0.0000
vt 0.4992 0.0680 0.0000
vt 0.5000 0.0683 0.0000
vt 0.5008 0.0687 0.0000
vt 0.5015 0.0691 0.0000
vt 0.4938 0.0814 0.0000
vt 0.4930 0.0812 0.0000
vt 0.4946 0.0817 0.0000
vt 0.4954 0.0819 0.0000
vt 0.4962 0.0821 0.0000
vt 0.4910 0.0957 0.0000
vt 0.4902 0.0956 0.0000
vt 0.4919 0.0957 0.0000
vt 0.4927 0.0958 0.0000
vt 0.4936 0.0959 0.0000
vt 0.4910 0.1108 0.0000
vt 0.4901 0.1109 0.0000
vt 0.4919 0.1107 0.0000
vt 0.4927 0.1107 0.0000
vt 0.4936 0.1106 0.0000
vt 0.4931 0.1258 0.0000
vt 0.4940 0.1255 0.0000
vt 0.4948 0.1252 0.0000
vt 0.4956 0.1250 0.0000
vt 0.4964 0.1247 0.0000
vt 0.4989 0.1396 0.0000
vt 0.4997 0.1392 0.0000
vt 0.5004 0.1387 0.0000
vt 0.5012 0.1383 0.0000
vt 0.5019 0.1379 0.0000
vt 0.5080 0.1514 0.0000
vt 0.5073 0.1519 0.0000
vt 0.5086 0.1508 0.0000
vt 0.5092 0.1503 0.0000
vt 0.5099 0.1497 0.0000
vt 0.5179 0.1624 0.0000
vt 0.5184 0.1617 0.0000
vt 0.5189 0.1610 0.0000
vt 0.5195 0.1604 0.0000
vt 0.5200 0.1597 0.0000
vt 0.5307 0.1697 0.0000
vt 0.5303 0.1705 0.0000
vt 0.5311 0.1690 0.0000
vt 0.5314 0.1682 0.0000
vt 0.5318 0.1675 0.0000
vt 0.5440 0.1760 0.0000
vt 0.5443 0.1752 0.0000
vt 0.5445 0.1744 0.0000
vt 0.5447 0.1736 0.0000
vt 0.5450 0.1728 0.0000
vt 0.5587 0.1779 0.0000
vt 0.5586 0.1788 0.0000
vt 0.5587 0.1771 0.0000
vt 0.5588 0.1763 0.0000
vt 0.5588 0.1754 0.0000
vt 0.5733 0.1778 0.0000
vt 0.5734 0.1787 0.0000
vt 0.5732 0.1770 0.0000
vt 0.5731 0.1761 0.0000
vt 0.5730 0.1753 0.0000
vt 0.5876 0.1748 0.0000
vt 0.5879 0.1756 0.0000
vt 0.5874 0.1740 0.0000
vt 0.5871 0.1732 0.0000
vt 0.5868 0.1724 0.0000
vt 0.6015 0.1698 0.0000
vt 0.6011 0.1691 0.0000
vt 0.6007 0.1684 0.0000
vt 0.6003 0.1676 0.0000
vt 0.5999 0.1669 0.0000
vt 0.6132 0.1609 0.0000
vt 0.6138 0.1615 0.0000
vt 0.6127 0.1602 0.0000
vt 0.6121 0.1596 0.0000
vt 0.6116 0.1589 0.0000
vt 0.6236 0.1504 0.0000
vt 0.6242 0.1510 0.0000
vt 0.6229 0.1499 0.0000
vt 0.6222 0.1494 0.0000
vt 0.6216 0.1489 0.0000
vt 0.6316 0.1382 0.0000
vt 0.6324 0.1386 0.0000
vt 0.6309 0.1378 0.0000
vt 0.6301 0.1374 0.0000
vt 0.6294 0.1370 0.0000
vt 0.6372 0.1246 0.0000
vt 0.6380 0.1249 0.0000
vt 0.6364 0.1244 0.0000
vt 0.6356 0.1242 0.0000
vt 0.6348 0.1239 0.0000
vt 0.6409 0.1103 0.0000
vt 0.6401 0.1102 0.0000
vt 0.6392 0.1102 0.0000
vt 0.6384 0.1101 0.0000
vt 0.6375 0.1100 0.0000
vt 0.6401 0.0955 0.0000
vt 0.6409 0.0955 0.0000
vt 0.6392 0.0956 0.0000
vt 0.6384 0.0957 0.0000
vt 0.6375 0.0958 0.0000
vt 0.6372 0.0811 0.0000
vt 0.6380 0.0809 0.0000
vt 0.6364 0.0814 0.0000
vt 0.6356 0.0817 0.0000
vt 0.6348 0.0819 0.0000
vt 0.6316 0.0676 0.0000
vt 0.6323 0.0672 0.0000
vt 0.6308 0.0680 0.0000
vt 0.6301 0.0684 0.0000
vt 0.6294 0.0688 0.0000
vt 0.6234 0.0554 0.0000
vt 0.6241 0.0548 0.0000
vt 0.6228 0.0559 0.0000
vt 0.6221 0.0565 0.0000
vt 0.6215 0.0570 0.0000
vt 0.6130 0.0450 0.0000
vt 0.6136 0.0443 0.0000
vt 0.6125 0.0456 0.0000
vt 0.6120 0.0463 0.0000
vt 0.6114 0.0470 0.0000
vt 0.6008 0.0368 0.0000
vt 0.6012 0.0361 0.0000
vt 0.6004 0.0376 0.0000
vt 0.6000 0.0383 0.0000
vt 0.5996 0.0391 0.0000
vt 0.0597 0.6416 0.0000
vt 0.0472 0.6332 0.0000
vt 0.0366 0.6226 0.0000
vt 0.0283 0.6101 0.0000
vt 0.0225 0.5962 0.0000
vt 0.0196 0.5815 0.0000
vt 0.0196 0.5664 0.0000
vt 0.0225 0.5517 0.0000
vt 0.0283 0.5378 0.0000
vt 0.0366 0.5253 0.0000
vt 0.0472 0.5147 0.0000
vt 0.0597 0.5063 0.0000
vt 0.0736 0.5006 0.0000
vt 0.0884 0.4976 0.0000
vt 0.1034 0.4976 0.0000
vt 0.1181 0.5006 0.0000
vt 0.1320 0.5063 0.0000
vt 0.1445 0.5147 0.0000
vt 0.1552 0.5253 0.0000
vt 0.1635 0.5378 0.0000
vt 0.1693 0.5517 0.0000
vt 0.1722 0.5664 0.0000
vt 0.1722 0.5815 0.0000
vt 0.1693 0.5962 0.0000
vt 0.1635 0.6101 0.0000
vt 0.1552 0.6226 0.0000
vt 0.1445 0.6332 0.0000
vt 0.1320 0.6416 0.0000
vt 0.1181 0.6473 0.0000
vt 0.1034 0.6503 0.0000
vt 0.0884 0.6503 0.0000
vt 0.0736 0.6473 0.0000
# 998 texture coords

o Engine_Cylinder_006
g Engine_Cylinder_006
usemtl Material__25
s 1
f 3513/4167/3365 3514/4168/3366 3515/4169/3367 
f 3515/4169/3367 3516/4170/3368 3513/4167/3365 
f 3517/4171/3369 3518/4172/3370 3519/4173/3371 
f 3519/4173/3371 3520/4174/3372 3517/4171/3369 
f 3520/4174/3372 3519/4173/3371 3521/4175/3373 
f 3521/4175/3373 3522/4176/3374 3520/4174/3372 
f 3522/4176/3374 3521/4175/3373 3523/4177/3375 
f 3523/4177/3375 3524/4178/3376 3522/4176/3374 
f 3524/4178/3376 3523/4177/3375 3525/4179/3377 
f 3525/4179/3377 3526/4180/3378 3524/4178/3376 
f 3526/4180/3378 3525/4179/3377 3527/4181/3379 
f 3527/4181/3379 3528/4182/3380 3526/4180/3378 
f 3528/4182/3380 3527/4181/3379 3529/4183/3381 
f 3529/4183/3381 3530/4184/3382 3528/4182/3380 
f 3530/4184/3382 3529/4183/3381 3531/4185/3383 
f 3531/4185/3383 3532/4186/3384 3530/4184/3382 
f 3532/4186/3384 3531/4185/3383 3533/4187/3385 
f 3533/4187/3385 3534/4188/3386 3532/4186/3384 
f 3534/4188/3386 3533/4187/3385 3535/4189/3387 
f 3535/4189/3387 3536/4190/3388 3534/4188/3386 
f 3536/4190/3388 3535/4189/3387 3537/4191/3389 
f 3537/4191/3389 3538/4192/3390 3536/4190/3388 
f 3538/4192/3390 3537/4191/3389 3539/4193/3391 
f 3539/4193/3391 3540/4194/3392 3538/4192/3390 
f 3541/4195/3393 3542/4196/3394 3540/4194/3392 
f 3540/4194/3392 3539/4193/3391 3541/4195/3393 
f 3542/4196/3394 3541/4195/3393 3543/4197/3395 
f 3543/4197/3395 3544/4198/3396 3542/4196/3394 
f 3543/4197/3395 3545/4199/3397 3546/4200/3398 
f 3546/4200/3398 3544/4198/3396 3543/4197/3395 
f 3547/4201/3399 3548/4202/3400 3546/4200/3398 
f 3546/4200/3398 3545/4199/3397 3547/4201/3399 
f 3549/4203/3401 3548/4202/3400 3547/4201/3399 
f 3547/4201/3399 3550/4204/3402 3549/4203/3401 
f 3549/4203/3401 3550/4204/3402 3551/4205/3403 
f 3551/4205/3403 3552/4206/3404 3549/4203/3401 
f 3553/4207/3405 3554/4208/3406 3552/4206/3404 
f 3552/4206/3404 3551/4205/3403 3553/4207/3405 
f 3554/4208/3406 3553/4207/3405 3555/4209/3407 
f 3555/4209/3407 3556/4210/3408 3554/4208/3406 
f 3556/4210/3408 3555/4209/3407 3557/4211/3409 
f 3557/4211/3409 3558/4212/3410 3556/4210/3408 
f 3558/4212/3410 3557/4211/3409 3559/4213/3411 
f 3559/4213/3411 3560/4214/3412 3558/4212/3410 
f 3561/4215/3413 3562/4216/3414 3560/4214/3412 
f 3560/4214/3412 3559/4213/3411 3561/4215/3413 
f 3563/4217/3415 3564/4218/3416 3562/4216/3414 
f 3562/4216/3414 3561/4215/3413 3563/4217/3415 
f 3564/4218/3416 3563/4217/3415 3565/4219/3417 
f 3565/4219/3417 3566/4220/3418 3564/4218/3416 
f 3567/4221/3419 3566/4220/3418 3565/4219/3417 
f 3565/4219/3417 3568/4222/3420 3567/4221/3419 
f 3567/4221/3419 3568/4222/3420 3569/4223/3421 
f 3569/4223/3421 3570/4224/3422 3567/4221/3419 
f 3569/4223/3421 3571/4225/3423 3572/4226/3424 
f 3572/4226/3424 3570/4224/3422 3569/4223/3421 
f 3573/4227/3425 3574/4228/3426 3572/4226/3424 
f 3572/4226/3424 3571/4225/3423 3573/4227/3425 
f 3574/4228/3426 3573/4227/3425 3516/4170/3368 
f 3516/4170/3368 3515/4169/3367 3574/4228/3426 
f 3514/4168/3366 3513/4167/3365 3575/4229/3427 
f 3575/4229/3427 3576/4230/3428 3514/4168/3366 
f 3577/4231/3429 3578/4232/3430 3579/4233/3431 
f 3579/4233/3431 3580/4234/3429 3577/4231/3429 
f 3576/4235/3428 3575/4236/3427 3518/4172/3370 
f 3518/4172/3370 3517/4171/3369 3576/4235/3428 
f 3581/4237/3432 3582/4238/3432 3583/4239/3433 
f 3583/4239/3433 3584/4240/3433 3581/4237/3432 
f 3578/4232/3430 3577/4231/3429 3585/4241/3429 
f 3585/4241/3429 3586/4242/3434 3578/4232/3430 
f 3587/4243/3435 3588/4244/3436 3589/4245/3429 
f 3589/4245/3429 3590/4246/3429 3587/4243/3435 
f 3591/4247/3429 3589/4245/3429 3588/4244/3436 
f 3588/4244/3436 3592/4248/3437 3591/4247/3429 
f 3592/4248/3437 3593/4249/3438 3594/4250/3429 
f 3594/4250/3429 3591/4247/3429 3592/4248/3437 
f 3593/4249/3438 3595/4251/3439 3596/4252/3429 
f 3596/4252/3429 3594/4250/3429 3593/4249/3438 
f 3596/4252/3429 3595/4251/3439 3597/4253/3440 
f 3597/4253/3440 3598/4254/3429 3596/4252/3429 
f 3599/4255/3441 3600/4256/3429 3598/4254/3429 
f 3598/4254/3429 3597/4253/3440 3599/4255/3441 
f 3599/4255/3441 3601/4257/3442 3602/4258/3429 
f 3602/4258/3429 3600/4256/3429 3599/4255/3441 
f 3603/4259/3429 3602/4258/3429 3601/4257/3442 
f 3601/4257/3442 3604/4260/3443 3603/4259/3429 
f 3604/4260/3443 3605/4261/3444 3606/4262/3429 
f 3606/4262/3429 3603/4259/3429 3604/4260/3443 
f 3605/4261/3444 3607/4263/3445 3608/4264/3429 
f 3608/4264/3429 3606/4262/3429 3605/4261/3444 
f 3608/4264/3429 3607/4263/3445 3609/4265/3446 
f 3609/4265/3446 3610/4266/3429 3608/4264/3429 
f 3610/4266/3429 3609/4265/3446 3611/4267/3447 
f 3611/4267/3447 3612/4268/3429 3610/4266/3429 
f 3611/4267/3447 3613/4269/3448 3614/4270/3429 
f 3614/4270/3429 3612/4268/3429 3611/4267/3447 
f 3613/4269/3448 3615/4271/3449 3616/4272/3429 
f 3616/4272/3429 3614/4270/3429 3613/4269/3448 
f 3615/4271/3449 3617/4273/3450 3618/4274/3429 
f 3618/4274/3429 3616/4272/3429 3615/4271/3449 
f 3584/4275/3429 3618/4274/3429 3617/4273/3450 
f 3617/4273/3450 3619/4276/3451 3584/4275/3429 
f 3584/4275/3429 3619/4276/3451 3620/4277/3452 
f 3620/4277/3452 3581/4278/3429 3584/4275/3429 
f 3620/4277/3452 3621/4279/3453 3622/4280/3429 
f 3622/4280/3429 3581/4278/3429 3620/4277/3452 
f 3622/4280/3429 3621/4279/3453 3623/4281/3454 
f 3623/4281/3454 3624/4282/3429 3622/4280/3429 
f 3624/4282/3429 3623/4281/3454 3625/4283/3455 
f 3625/4283/3455 3626/4284/3429 3624/4282/3429 
f 3625/4283/3455 3627/4285/3456 3628/4286/3429 
f 3628/4286/3429 3626/4284/3429 3625/4283/3455 
f 3627/4285/3456 3629/4287/3457 3630/4288/3429 
f 3630/4288/3429 3628/4286/3429 3627/4285/3456 
f 3631/4289/3429 3630/4288/3429 3629/4287/3457 
f 3629/4287/3457 3632/4290/3458 3631/4289/3429 
f 3632/4290/3458 3633/4291/3459 3634/4292/3429 
f 3634/4292/3429 3631/4289/3429 3632/4290/3458 
f 3633/4291/3459 3635/4293/3460 3636/4294/3429 
f 3636/4294/3429 3634/4292/3429 3633/4291/3459 
f 3635/4293/3460 3637/4295/3461 3638/4296/3429 
f 3638/4296/3429 3636/4294/3429 3635/4293/3460 
f 3637/4295/3461 3639/4297/3462 3640/4298/3429 
f 3640/4298/3429 3638/4296/3429 3637/4295/3461 
f 3639/4297/3462 3641/4299/3463 3642/4300/3429 
f 3642/4300/3429 3640/4298/3429 3639/4297/3462 
f 3641/4299/3463 3586/4242/3434 3585/4241/3429 
f 3585/4241/3429 3642/4300/3429 3641/4299/3463 
f 3643/4301/3464 3644/4302/3465 3645/4303/3466 
f 3646/4304/3467 3647/4305/3468 3648/4306/3469 
f 3645/4303/3466 3646/4304/3467 3648/4306/3469 
f 3648/4306/3469 3649/4307/3470 3650/4308/3471 
f 3645/4303/3466 3648/4306/3469 3650/4308/3471 
f 3645/4303/3466 3650/4308/3471 3651/4309/3472 
f 3645/4303/3466 3651/4309/3472 3652/4310/3473 
f 3652/4310/3473 3653/4311/3474 3654/4312/3475 
f 3654/4312/3475 3655/4313/3476 3656/4314/3477 
f 3652/4310/3473 3654/4312/3475 3656/4314/3477 
f 3645/4303/3466 3652/4310/3473 3656/4314/3477 
f 3643/4301/3464 3645/4303/3466 3656/4314/3477 
f 3643/4301/3464 3656/4314/3477 3657/4315/3478 
f 3658/4316/3479 3659/4317/3480 3660/4318/3481 
f 3661/4319/3482 3658/4316/3479 3660/4318/3481 
f 3660/4318/3481 3662/4320/3483 3663/4321/3484 
f 3661/4319/3482 3660/4318/3481 3663/4321/3484 
f 3664/4322/3485 3665/4323/3486 3666/4324/3487 
f 3663/4321/3484 3664/4322/3485 3666/4324/3487 
f 3661/4319/3482 3663/4321/3484 3666/4324/3487 
f 3657/4315/3478 3661/4319/3482 3666/4324/3487 
f 3643/4301/3464 3657/4315/3478 3666/4324/3487 
f 3666/4324/3487 3667/4325/3488 3668/4326/3489 
f 3666/4324/3487 3668/4326/3489 3669/4327/3490 
f 3666/4324/3487 3669/4327/3490 3670/4328/3491 
f 3643/4301/3464 3666/4324/3487 3670/4328/3491 
f 3670/4328/3491 3671/4329/3492 3672/4330/3493 
f 3643/4301/3464 3670/4328/3491 3672/4330/3493 
f 3643/4301/3464 3672/4330/3493 3673/4331/3494 
f 3643/4301/3464 3673/4331/3494 3674/4332/3495 
f 3580/4234/3429 3579/4233/3431 3587/4243/3435 
f 3587/4243/3435 3590/4246/3429 3580/4234/3429 
f 3675/4333/3429 3676/4334/3429 3677/4335/3429 
f 3677/4335/3429 3678/4336/3429 3679/4337/3429 
f 3675/4333/3429 3677/4335/3429 3679/4337/3429 
f 3679/4337/3429 3680/4338/3429 3681/4339/3429 
f 3681/4339/3429 3682/4340/3429 3683/4341/3429 
f 3679/4337/3429 3681/4339/3429 3683/4341/3429 
f 3675/4333/3429 3679/4337/3429 3683/4341/3429 
f 3683/4341/3429 3684/4342/3429 3685/4343/3429 
f 3685/4343/3429 3686/4344/3429 3687/4345/3429 
f 3687/4345/3429 3688/4346/3429 3689/4347/3429 
f 3685/4343/3429 3687/4345/3429 3689/4347/3429 
f 3683/4341/3429 3685/4343/3429 3689/4347/3429 
f 3689/4347/3429 3690/4348/3429 3691/4349/3429 
f 3691/4349/3429 3583/4350/3429 3582/4351/3429 
f 3689/4347/3429 3691/4349/3429 3582/4351/3429 
f 3683/4341/3429 3689/4347/3429 3582/4351/3429 
f 3683/4341/3429 3582/4351/3429 3692/4352/3429 
f 3692/4352/3429 3693/4353/3429 3694/4354/3429 
f 3694/4354/3429 3695/4355/3429 3696/4356/3429 
f 3692/4352/3429 3694/4354/3429 3696/4356/3429 
f 3696/4356/3429 3697/4357/3429 3698/4358/3429 
f 3698/4358/3429 3699/4359/3429 3700/4360/3429 
f 3696/4356/3429 3698/4358/3429 3700/4360/3429 
f 3692/4352/3429 3696/4356/3429 3700/4360/3429 
f 3683/4341/3429 3692/4352/3429 3700/4360/3429 
f 3675/4333/3429 3683/4341/3429 3700/4360/3429 
f 3700/4360/3429 3701/4361/3429 3702/4362/3429 
f 3675/4333/3429 3700/4360/3429 3702/4362/3429 
f 3703/4363/3429 3675/4333/3429 3702/4362/3429 
f 3703/4363/3429 3702/4362/3429 3704/4364/3429 
f 3594/4365/3496 3596/4366/3497 3680/4367/3497 
f 3680/4367/3497 3679/4368/3496 3594/4365/3496 
f 3692/4369/3498 3582/4238/3432 3581/4237/3432 
f 3581/4237/3432 3622/4370/3498 3692/4369/3498 
f 3681/4371/3499 3680/4367/3497 3596/4366/3497 
f 3596/4366/3497 3598/4372/3499 3681/4371/3499 
f 3624/4373/3500 3693/4374/3500 3692/4369/3498 
f 3692/4369/3498 3622/4370/3498 3624/4373/3500 
f 3598/4372/3499 3600/4375/3501 3682/4376/3501 
f 3682/4376/3501 3681/4371/3499 3598/4372/3499 
f 3694/4377/3502 3693/4374/3500 3624/4373/3500 
f 3624/4373/3500 3626/4378/3502 3694/4377/3502 
f 3683/4379/3503 3682/4376/3501 3600/4375/3501 
f 3600/4375/3501 3602/4380/3503 3683/4379/3503 
f 3628/4381/3504 3695/4382/3504 3694/4377/3502 
f 3694/4377/3502 3626/4378/3502 3628/4381/3504 
f 3602/4380/3503 3603/4383/3505 3684/4384/3505 
f 3684/4384/3505 3683/4379/3503 3602/4380/3503 
f 3696/4385/3506 3695/4382/3504 3628/4381/3504 
f 3628/4381/3504 3630/4386/3506 3696/4385/3506 
f 3685/4387/3507 3684/4384/3505 3603/4383/3505 
f 3603/4383/3505 3606/4388/3507 3685/4387/3507 
f 3631/4389/3508 3697/4390/3508 3696/4385/3506 
f 3696/4385/3506 3630/4386/3506 3631/4389/3508 
f 3606/4388/3507 3608/4391/3509 3686/4392/3509 
f 3686/4392/3509 3685/4387/3507 3606/4388/3507 
f 3698/4393/3510 3697/4390/3508 3631/4389/3508 
f 3631/4389/3508 3634/4394/3510 3698/4393/3510 
f 3687/4395/3511 3686/4392/3509 3608/4391/3509 
f 3608/4391/3509 3610/4396/3511 3687/4395/3511 
f 3699/4397/3512 3698/4393/3510 3634/4394/3510 
f 3634/4394/3510 3636/4398/3512 3699/4397/3512 
f 3688/4399/3513 3687/4395/3511 3610/4396/3511 
f 3610/4396/3511 3612/4400/3513 3688/4399/3513 
f 3675/4401/3514 3703/4402/3515 3577/4403/3515 
f 3577/4403/3515 3580/4404/3514 3675/4401/3514 
f 3699/4397/3512 3636/4398/3512 3638/4405/3516 
f 3638/4405/3516 3700/4406/3516 3699/4397/3512 
f 3614/4407/3517 3689/4408/3517 3688/4399/3513 
f 3688/4399/3513 3612/4400/3513 3614/4407/3517 
f 3580/4404/3514 3590/4409/3518 3676/4410/3518 
f 3676/4410/3518 3675/4401/3514 3580/4404/3514 
f 3638/4405/3516 3640/4411/3519 3701/4412/3519 
f 3701/4412/3519 3700/4406/3516 3638/4405/3516 
f 3690/4413/3520 3689/4408/3517 3614/4407/3517 
f 3614/4407/3517 3616/4414/3520 3690/4413/3520 
f 3677/4415/3521 3676/4410/3518 3590/4409/3518 
f 3590/4409/3518 3589/4416/3521 3677/4415/3521 
f 3640/4411/3519 3642/4417/3522 3702/4418/3522 
f 3702/4418/3522 3701/4412/3519 3640/4411/3519 
f 3618/4419/3523 3691/4420/3523 3690/4413/3520 
f 3690/4413/3520 3616/4414/3520 3618/4419/3523 
f 3589/4416/3521 3591/4421/3524 3678/4422/3524 
f 3678/4422/3524 3677/4415/3521 3589/4416/3521 
f 3642/4417/3522 3585/4423/3525 3704/4424/3525 
f 3704/4424/3525 3702/4418/3522 3642/4417/3522 
f 3583/4239/3433 3691/4420/3523 3618/4419/3523 
f 3618/4419/3523 3584/4240/3433 3583/4239/3433 
f 3679/4368/3496 3678/4422/3524 3591/4421/3524 
f 3591/4421/3524 3594/4365/3496 3679/4368/3496 
f 3703/4402/3515 3704/4424/3525 3585/4423/3525 
f 3585/4423/3525 3577/4403/3515 3703/4402/3515 
f 3705/4425/3526 3706/4426/3526 3707/4427/3527 
f 3707/4427/3527 3708/4428/3527 3705/4425/3526 
f 3709/4429/3528 3710/4430/3528 3706/4431/3526 
f 3706/4431/3526 3705/4432/3526 3709/4429/3528 
f 3711/4433/3529 3712/4434/3529 3710/4430/3528 
f 3710/4430/3528 3709/4429/3528 3711/4433/3529 
f 3713/4435/3530 3714/4436/3530 3712/4434/3529 
f 3712/4434/3529 3711/4433/3529 3713/4435/3530 
f 3715/4437/3531 3714/4436/3530 3713/4435/3530 
f 3713/4435/3530 3716/4438/3531 3715/4437/3531 
f 3717/4439/3532 3715/4437/3531 3716/4438/3531 
f 3716/4438/3531 3718/4440/3532 3717/4439/3532 
f 3719/4441/3533 3720/4442/3533 3717/4439/3532 
f 3717/4439/3532 3718/4440/3532 3719/4441/3533 
f 3721/4443/3534 3722/4444/3534 3720/4442/3533 
f 3720/4442/3533 3719/4441/3533 3721/4443/3534 
f 3723/4445/3535 3724/4446/3535 3722/4444/3534 
f 3722/4444/3534 3721/4443/3534 3723/4445/3535 
f 3725/4447/3536 3724/4446/3535 3723/4445/3535 
f 3723/4445/3535 3726/4448/3536 3725/4447/3536 
f 3727/4449/3537 3728/4450/3537 3725/4447/3536 
f 3725/4447/3536 3726/4448/3536 3727/4449/3537 
f 3729/4451/3538 3728/4450/3537 3727/4449/3537 
f 3727/4449/3537 3730/4452/3538 3729/4451/3538 
f 3731/4453/3539 3729/4451/3538 3730/4452/3538 
f 3730/4452/3538 3732/4454/3539 3731/4453/3539 
f 3733/4455/3540 3734/4456/3540 3731/4453/3539 
f 3731/4453/3539 3732/4454/3539 3733/4455/3540 
f 3735/4457/3541 3734/4456/3540 3733/4455/3540 
f 3733/4455/3540 3736/4458/3541 3735/4457/3541 
f 3737/4459/3542 3735/4457/3541 3736/4458/3541 
f 3736/4458/3541 3738/4460/3542 3737/4459/3542 
f 3739/4461/3543 3740/4462/3543 3737/4459/3542 
f 3737/4459/3542 3738/4460/3542 3739/4461/3543 
f 3741/4463/3544 3740/4462/3543 3739/4461/3543 
f 3739/4461/3543 3742/4464/3544 3741/4463/3544 
f 3742/4464/3544 3743/4465/3545 3744/4466/3545 
f 3744/4466/3545 3741/4463/3544 3742/4464/3544 
f 3745/4467/3546 3744/4466/3545 3743/4465/3545 
f 3743/4465/3545 3746/4468/3546 3745/4467/3546 
f 3747/4469/3547 3745/4467/3546 3746/4468/3546 
f 3746/4468/3546 3748/4470/3547 3747/4469/3547 
f 3749/4471/3548 3747/4469/3547 3748/4470/3547 
f 3748/4470/3547 3750/4472/3548 3749/4471/3548 
f 3751/4473/3549 3752/4474/3549 3749/4471/3548 
f 3749/4471/3548 3750/4472/3548 3751/4473/3549 
f 3753/4475/3550 3752/4474/3549 3751/4473/3549 
f 3751/4473/3549 3754/4476/3550 3753/4475/3550 
f 3755/4477/3551 3756/4478/3551 3753/4475/3550 
f 3753/4475/3550 3754/4476/3550 3755/4477/3551 
f 3757/4479/3552 3758/4480/3552 3756/4478/3551 
f 3756/4478/3551 3755/4477/3551 3757/4479/3552 
f 3759/4481/3553 3758/4480/3552 3757/4479/3552 
f 3757/4479/3552 3760/4482/3553 3759/4481/3553 
f 3761/4483/3554 3762/4484/3554 3759/4481/3553 
f 3759/4481/3553 3760/4482/3553 3761/4483/3554 
f 3763/4485/3555 3764/4486/3555 3762/4484/3554 
f 3762/4484/3554 3761/4483/3554 3763/4485/3555 
f 3765/4487/3556 3766/4488/3556 3764/4486/3555 
f 3764/4486/3555 3763/4485/3555 3765/4487/3556 
f 3708/4489/3557 3767/4490/3557 3765/4491/3557 
f 3765/4491/3557 3763/4492/3557 3761/4493/3557 
f 3761/4493/3557 3760/4494/3557 3757/4495/3557 
f 3765/4491/3557 3761/4493/3557 3757/4495/3557 
f 3757/4495/3557 3755/4496/3557 3754/4497/3557 
f 3754/4497/3557 3751/4498/3557 3750/4499/3557 
f 3757/4495/3557 3754/4497/3557 3750/4499/3557 
f 3750/4499/3557 3748/4500/3557 3746/4501/3557 
f 3746/4501/3557 3743/4502/3557 3742/4503/3557 
f 3750/4499/3557 3746/4501/3557 3742/4503/3557 
f 3757/4495/3557 3750/4499/3557 3742/4503/3557 
f 3742/4503/3557 3739/4504/3557 3738/4505/3557 
f 3738/4505/3557 3736/4506/3557 3733/4507/3557 
f 3742/4503/3557 3738/4505/3557 3733/4507/3557 
f 3733/4507/3557 3732/4508/3557 3730/4509/3557 
f 3730/4509/3557 3727/4510/3557 3726/4511/3557 
f 3733/4507/3557 3730/4509/3557 3726/4511/3557 
f 3742/4503/3557 3733/4507/3557 3726/4511/3557 
f 3726/4511/3557 3723/4512/3557 3721/4513/3557 
f 3721/4513/3557 3719/4514/3557 3718/4515/3557 
f 3726/4511/3557 3721/4513/3557 3718/4515/3557 
f 3718/4515/3557 3716/4516/3557 3713/4517/3557 
f 3713/4517/3557 3711/4518/3557 3709/4519/3557 
f 3718/4515/3557 3713/4517/3557 3709/4519/3557 
f 3726/4511/3557 3718/4515/3557 3709/4519/3557 
f 3742/4503/3557 3726/4511/3557 3709/4519/3557 
f 3757/4495/3557 3742/4503/3557 3709/4519/3557 
f 3765/4491/3557 3757/4495/3557 3709/4519/3557 
f 3708/4489/3557 3765/4491/3557 3709/4519/3557 
f 3705/4520/3557 3708/4489/3557 3709/4519/3557 
f 3768/4521/3558 3766/4488/3556 3765/4487/3556 
f 3765/4487/3556 3767/4522/3558 3768/4521/3558 
f 3768/4521/3558 3767/4522/3558 3708/4428/3527 
f 3708/4428/3527 3707/4427/3527 3768/4521/3558 
f 3706/4523/3429 3710/4524/3429 3712/4525/3429 
f 3712/4525/3429 3714/4526/3429 3715/4527/3429 
f 3715/4527/3429 3717/4528/3429 3720/4529/3429 
f 3712/4525/3429 3715/4527/3429 3720/4529/3429 
f 3720/4529/3429 3722/4530/3429 3724/4531/3429 
f 3724/4531/3429 3725/4532/3429 3728/4533/3429 
f 3720/4529/3429 3724/4531/3429 3728/4533/3429 
f 3728/4533/3429 3729/4534/3429 3731/4535/3429 
f 3731/4535/3429 3734/4536/3429 3735/4537/3429 
f 3728/4533/3429 3731/4535/3429 3735/4537/3429 
f 3720/4529/3429 3728/4533/3429 3735/4537/3429 
f 3735/4537/3429 3737/4538/3429 3740/4539/3429 
f 3740/4539/3429 3741/4540/3429 3744/4541/3429 
f 3735/4537/3429 3740/4539/3429 3744/4541/3429 
f 3744/4541/3429 3745/4542/3429 3747/4543/3429 
f 3747/4543/3429 3749/4544/3429 3752/4545/3429 
f 3744/4541/3429 3747/4543/3429 3752/4545/3429 
f 3735/4537/3429 3744/4541/3429 3752/4545/3429 
f 3752/4545/3429 3753/4546/3429 3756/4547/3429 
f 3756/4547/3429 3758/4548/3429 3759/4549/3429 
f 3752/4545/3429 3756/4547/3429 3759/4549/3429 
f 3759/4549/3429 3762/4550/3429 3764/4551/3429 
f 3764/4551/3429 3766/4552/3429 3768/4553/3429 
f 3759/4549/3429 3764/4551/3429 3768/4553/3429 
f 3752/4545/3429 3759/4549/3429 3768/4553/3429 
f 3735/4537/3429 3752/4545/3429 3768/4553/3429 
f 3720/4529/3429 3735/4537/3429 3768/4553/3429 
f 3712/4525/3429 3720/4529/3429 3768/4553/3429 
f 3706/4523/3429 3712/4525/3429 3768/4553/3429 
f 3707/4554/3429 3706/4523/3429 3768/4553/3429 
f 3769/4555/3368 3770/4556/3365 3771/4557/3527 
f 3771/4557/3527 3772/4558/3558 3769/4555/3368 
f 3773/4559/3528 3774/4560/3370 3775/4561/3371 
f 3775/4561/3371 3776/4562/3529 3773/4559/3528 
f 3776/4562/3529 3775/4561/3371 3777/4563/3373 
f 3777/4563/3373 3778/4564/3530 3776/4562/3529 
f 3778/4564/3530 3777/4563/3373 3779/4565/3375 
f 3779/4565/3375 3780/4566/3531 3778/4564/3530 
f 3780/4566/3531 3779/4565/3375 3781/4567/3377 
f 3781/4567/3377 3782/4568/3532 3780/4566/3531 
f 3781/4567/3377 3783/4569/3379 3784/4570/3533 
f 3784/4570/3533 3782/4568/3532 3781/4567/3377 
f 3784/4570/3533 3783/4569/3379 3785/4571/3381 
f 3785/4571/3381 3786/4572/3534 3784/4570/3533 
f 3786/4572/3534 3785/4571/3381 3787/4573/3383 
f 3787/4573/3383 3788/4574/3535 3786/4572/3534 
f 3788/4574/3535 3787/4573/3383 3789/4575/3385 
f 3789/4575/3385 3790/4576/3536 3788/4574/3535 
f 3789/4575/3385 3791/4577/3387 3792/4578/3537 
f 3792/4578/3537 3790/4576/3536 3789/4575/3385 
f 3791/4577/3387 3793/4579/3389 3794/4580/3538 
f 3794/4580/3538 3792/4578/3537 3791/4577/3387 
f 3794/4580/3538 3793/4579/3389 3795/4581/3391 
f 3795/4581/3391 3796/4582/3539 3794/4580/3538 
f 3796/4582/3539 3795/4581/3391 3797/4583/3393 
f 3797/4583/3393 3798/4584/3540 3796/4582/3539 
f 3798/4584/3540 3797/4583/3393 3799/4585/3395 
f 3799/4585/3395 3800/4586/3541 3798/4584/3540 
f 3801/4587/3397 3802/4588/3542 3800/4586/3541 
f 3800/4586/3541 3799/4585/3395 3801/4587/3397 
f 3802/4588/3542 3801/4587/3397 3803/4589/3399 
f 3803/4589/3399 3804/4590/3543 3802/4588/3542 
f 3804/4590/3543 3803/4589/3399 3805/4591/3402 
f 3805/4591/3402 3806/4592/3544 3804/4590/3543 
f 3806/4592/3544 3805/4591/3402 3807/4593/3403 
f 3807/4593/3403 3808/4594/3545 3806/4592/3544 
f 3809/4595/3405 3810/4596/3546 3808/4594/3545 
f 3808/4594/3545 3807/4593/3403 3809/4595/3405 
f 3811/4597/3407 3812/4598/3547 3810/4596/3546 
f 3810/4596/3546 3809/4595/3405 3811/4597/3407 
f 3812/4598/3547 3811/4597/3407 3813/4599/3409 
f 3813/4599/3409 3814/4600/3548 3812/4598/3547 
f 3815/4601/3411 3816/4602/3549 3814/4600/3548 
f 3814/4600/3548 3813/4599/3409 3815/4601/3411 
f 3816/4602/3549 3815/4601/3411 3817/4603/3413 
f 3817/4603/3413 3818/4604/3550 3816/4602/3549 
f 3818/4604/3550 3817/4603/3413 3819/4605/3415 
f 3819/4605/3415 3820/4606/3551 3818/4604/3550 
f 3819/4605/3415 3821/4607/3417 3822/4608/3552 
f 3822/4608/3552 3820/4606/3551 3819/4605/3415 
f 3823/4609/3420 3824/4610/3553 3822/4608/3552 
f 3822/4608/3552 3821/4607/3417 3823/4609/3420 
f 3825/4611/3421 3826/4612/3554 3824/4610/3553 
f 3824/4610/3553 3823/4609/3420 3825/4611/3421 
f 3827/4613/3423 3828/4614/3555 3826/4612/3554 
f 3826/4612/3554 3825/4611/3421 3827/4613/3423 
f 3829/4615/3425 3830/4616/3556 3828/4614/3555 
f 3828/4614/3555 3827/4613/3423 3829/4615/3425 
f 3829/4615/3425 3769/4555/3368 3772/4558/3558 
f 3772/4558/3558 3830/4616/3556 3829/4615/3425 
f 3771/4557/3527 3770/4556/3365 3831/4617/3427 
f 3831/4617/3427 3832/4618/3526 3771/4557/3527 
f 3831/4619/3427 3774/4560/3370 3773/4559/3528 
f 3773/4559/3528 3832/4620/3526 3831/4619/3427 
f 3832/4621/3429 3773/4622/3429 3776/4623/3429 
f 3776/4623/3429 3778/4624/3429 3780/4625/3429 
f 3780/4625/3429 3782/4626/3429 3784/4627/3429 
f 3776/4623/3429 3780/4625/3429 3784/4627/3429 
f 3784/4627/3429 3786/4628/3429 3788/4629/3429 
f 3784/4627/3429 3788/4629/3429 3790/4630/3429 
f 3776/4623/3429 3784/4627/3429 3790/4630/3429 
f 3790/4630/3429 3792/4631/3429 3794/4632/3429 
f 3794/4632/3429 3796/4633/3429 3798/4634/3429 
f 3790/4630/3429 3794/4632/3429 3798/4634/3429 
f 3798/4634/3429 3800/4635/3429 3802/4636/3429 
f 3802/4636/3429 3804/4637/3429 3806/4638/3429 
f 3798/4634/3429 3802/4636/3429 3806/4638/3429 
f 3790/4630/3429 3798/4634/3429 3806/4638/3429 
f 3776/4623/3429 3790/4630/3429 3806/4638/3429 
f 3806/4638/3429 3808/4639/3429 3810/4640/3429 
f 3810/4640/3429 3812/4641/3429 3814/4642/3429 
f 3806/4638/3429 3810/4640/3429 3814/4642/3429 
f 3814/4642/3429 3816/4643/3429 3818/4644/3429 
f 3814/4642/3429 3818/4644/3429 3820/4645/3429 
f 3806/4638/3429 3814/4642/3429 3820/4645/3429 
f 3776/4623/3429 3806/4638/3429 3820/4645/3429 
f 3820/4645/3429 3822/4646/3429 3824/4647/3429 
f 3824/4647/3429 3826/4648/3429 3828/4649/3429 
f 3820/4645/3429 3824/4647/3429 3828/4649/3429 
f 3776/4623/3429 3820/4645/3429 3828/4649/3429 
f 3828/4649/3429 3830/4650/3429 3772/4651/3429 
f 3776/4623/3429 3828/4649/3429 3772/4651/3429 
f 3832/4621/3429 3776/4623/3429 3772/4651/3429 
f 3771/4652/3429 3832/4621/3429 3772/4651/3429 
f 3833/4653/3559 3834/4654/3560 3514/4655/3366 
f 3514/4655/3366 3576/4656/3428 3833/4653/3559 
f 3833/4653/3559 3835/4657/3561 3836/4658/3562 
f 3836/4658/3562 3834/4654/3560 3833/4653/3559 
f 3836/4658/3562 3835/4657/3561 3837/4659/3563 
f 3837/4659/3563 3838/4660/3564 3836/4658/3562 
f 3579/4661/3431 3578/4662/3430 3838/4660/3564 
f 3838/4660/3564 3837/4659/3563 3579/4661/3431 
f 3575/4663/3427 3513/4664/3365 3839/4665/3565 
f 3839/4665/3565 3840/4666/3566 3575/4663/3427 
f 3840/4666/3566 3839/4665/3565 3841/4667/3567 
f 3841/4667/3567 3842/4668/3568 3840/4666/3566 
f 3843/4669/3569 3844/4670/3570 3842/4668/3568 
f 3842/4668/3568 3841/4667/3567 3843/4669/3569 
f 3844/4670/3570 3843/4669/3569 3845/4671/3465 
f 3845/4671/3465 3846/4672/3464 3844/4670/3570 
f 3517/4673/3369 3847/4674/3571 3833/4653/3559 
f 3833/4653/3559 3576/4656/3428 3517/4673/3369 
f 3848/4675/3572 3835/4657/3561 3833/4653/3559 
f 3833/4653/3559 3847/4674/3571 3848/4675/3572 
f 3848/4675/3572 3849/4676/3573 3837/4659/3563 
f 3837/4659/3563 3835/4657/3561 3848/4675/3572 
f 3837/4659/3563 3849/4676/3573 3587/4677/3435 
f 3587/4677/3435 3579/4661/3431 3837/4659/3563 
f 3518/4678/3370 3575/4663/3427 3840/4666/3566 
f 3840/4666/3566 3850/4679/3574 3518/4678/3370 
f 3850/4679/3574 3840/4666/3566 3842/4668/3568 
f 3842/4668/3568 3851/4680/3575 3850/4679/3574 
f 3844/4670/3570 3852/4681/3576 3851/4680/3575 
f 3851/4680/3575 3842/4668/3568 3844/4670/3570 
f 3852/4681/3576 3844/4670/3570 3846/4672/3464 
f 3846/4672/3464 3853/4682/3495 3852/4681/3576 
f 3517/4673/3369 3520/4683/3372 3854/4684/3577 
f 3854/4684/3577 3847/4674/3571 3517/4673/3369 
f 3847/4674/3571 3854/4684/3577 3855/4685/3578 
f 3855/4685/3578 3848/4675/3572 3847/4674/3571 
f 3856/4686/3579 3849/4676/3573 3848/4675/3572 
f 3848/4675/3572 3855/4685/3578 3856/4686/3579 
f 3588/4687/3436 3587/4677/3435 3849/4676/3573 
f 3849/4676/3573 3856/4686/3579 3588/4687/3436 
f 3850/4679/3574 3857/4688/3580 3519/4689/3371 
f 3519/4689/3371 3518/4678/3370 3850/4679/3574 
f 3858/4690/3581 3857/4688/3580 3850/4679/3574 
f 3850/4679/3574 3851/4680/3575 3858/4690/3581 
f 3859/4691/3582 3858/4690/3581 3851/4680/3575 
f 3851/4680/3575 3852/4681/3576 3859/4691/3582 
f 3853/4682/3495 3860/4692/3494 3859/4691/3582 
f 3859/4691/3582 3852/4681/3576 3853/4682/3495 
f 3861/4693/3583 3854/4684/3577 3520/4683/3372 
f 3520/4683/3372 3522/4694/3374 3861/4693/3583 
f 3854/4684/3577 3861/4693/3583 3862/4695/3584 
f 3862/4695/3584 3855/4685/3578 3854/4684/3577 
f 3863/4696/3585 3856/4686/3579 3855/4685/3578 
f 3855/4685/3578 3862/4695/3584 3863/4696/3585 
f 3592/4697/3437 3588/4687/3436 3856/4686/3579 
f 3856/4686/3579 3863/4696/3585 3592/4697/3437 
f 3521/4698/3373 3519/4689/3371 3857/4688/3580 
f 3857/4688/3580 3864/4699/3586 3521/4698/3373 
f 3858/4690/3581 3865/4700/3587 3864/4699/3586 
f 3864/4699/3586 3857/4688/3580 3858/4690/3581 
f 3865/4700/3587 3858/4690/3581 3859/4691/3582 
f 3859/4691/3582 3866/4701/3588 3865/4700/3587 
f 3859/4691/3582 3860/4692/3494 3867/4702/3493 
f 3867/4702/3493 3866/4701/3588 3859/4691/3582 
f 3868/4703/3589 3861/4693/3583 3522/4694/3374 
f 3522/4694/3374 3524/4704/3376 3868/4703/3589 
f 3861/4693/3583 3868/4703/3589 3869/4705/3590 
f 3869/4705/3590 3862/4695/3584 3861/4693/3583 
f 3870/4706/3591 3863/4696/3585 3862/4695/3584 
f 3862/4695/3584 3869/4705/3590 3870/4706/3591 
f 3593/4707/3438 3592/4697/3437 3863/4696/3585 
f 3863/4696/3585 3870/4706/3591 3593/4707/3438 
f 3864/4699/3586 3871/4708/3592 3523/4709/3375 
f 3523/4709/3375 3521/4698/3373 3864/4699/3586 
f 3865/4700/3587 3872/4710/3593 3871/4708/3592 
f 3871/4708/3592 3864/4699/3586 3865/4700/3587 
f 3872/4710/3593 3865/4700/3587 3866/4701/3588 
f 3866/4701/3588 3873/4711/3594 3872/4710/3593 
f 3867/4702/3493 3874/4712/3492 3873/4711/3594 
f 3873/4711/3594 3866/4701/3588 3867/4702/3493 
f 3524/4704/3376 3526/4713/3378 3875/4714/3595 
f 3875/4714/3595 3868/4703/3589 3524/4704/3376 
f 3868/4703/3589 3875/4714/3595 3876/4715/3596 
f 3876/4715/3596 3869/4705/3590 3868/4703/3589 
f 3877/4716/3597 3870/4706/3591 3869/4705/3590 
f 3869/4705/3590 3876/4715/3596 3877/4716/3597 
f 3595/4717/3439 3593/4707/3438 3870/4706/3591 
f 3870/4706/3591 3877/4716/3597 3595/4717/3439 
f 3871/4708/3592 3878/4718/3598 3525/4719/3377 
f 3525/4719/3377 3523/4709/3375 3871/4708/3592 
f 3878/4718/3598 3871/4708/3592 3872/4710/3593 
f 3872/4710/3593 3879/4720/3599 3878/4718/3598 
f 3873/4711/3594 3880/4721/3600 3879/4720/3599 
f 3879/4720/3599 3872/4710/3593 3873/4711/3594 
f 3874/4712/3492 3881/4722/3491 3880/4721/3600 
f 3880/4721/3600 3873/4711/3594 3874/4712/3492 
f 3882/4723/3601 3875/4714/3595 3526/4713/3378 
f 3526/4713/3378 3528/4724/3380 3882/4723/3601 
f 3875/4714/3595 3882/4723/3601 3883/4725/3602 
f 3883/4725/3602 3876/4715/3596 3875/4714/3595 
f 3884/4726/3603 3877/4716/3597 3876/4715/3596 
f 3876/4715/3596 3883/4725/3602 3884/4726/3603 
f 3877/4716/3597 3884/4726/3603 3597/4727/3440 
f 3597/4727/3440 3595/4717/3439 3877/4716/3597 
f 3527/4728/3379 3525/4719/3377 3878/4718/3598 
f 3878/4718/3598 3885/4729/3604 3527/4728/3379 
f 3879/4720/3599 3886/4730/3605 3885/4729/3604 
f 3885/4729/3604 3878/4718/3598 3879/4720/3599 
f 3886/4730/3605 3879/4720/3599 3880/4721/3600 
f 3880/4721/3600 3887/4731/3606 3886/4730/3605 
f 3887/4731/3606 3880/4721/3600 3881/4722/3491 
f 3881/4722/3491 3888/4732/3490 3887/4731/3606 
f 3530/4733/3382 3889/4734/3607 3882/4723/3601 
f 3882/4723/3601 3528/4724/3380 3530/4733/3382 
f 3890/4735/3608 3883/4725/3602 3882/4723/3601 
f 3882/4723/3601 3889/4734/3607 3890/4735/3608 
f 3890/4735/3608 3891/4736/3609 3884/4726/3603 
f 3884/4726/3603 3883/4725/3602 3890/4735/3608 
f 3884/4726/3603 3891/4736/3609 3599/4737/3441 
f 3599/4737/3441 3597/4727/3440 3884/4726/3603 
f 3885/4729/3604 3892/4738/3610 3529/4739/3381 
f 3529/4739/3381 3527/4728/3379 3885/4729/3604 
f 3886/4730/3605 3893/4740/3611 3892/4738/3610 
f 3892/4738/3610 3885/4729/3604 3886/4730/3605 
f 3887/4731/3606 3894/4741/3612 3893/4740/3611 
f 3893/4740/3611 3886/4730/3605 3887/4731/3606 
f 3894/4741/3612 3887/4731/3606 3888/4732/3490 
f 3888/4732/3490 3895/4742/3489 3894/4741/3612 
f 3530/4733/3382 3532/4743/3384 3896/4744/3613 
f 3896/4744/3613 3889/4734/3607 3530/4733/3382 
f 3897/4745/3614 3890/4735/3608 3889/4734/3607 
f 3889/4734/3607 3896/4744/3613 3897/4745/3614 
f 3890/4735/3608 3897/4745/3614 3898/4746/3615 
f 3898/4746/3615 3891/4736/3609 3890/4735/3608 
f 3891/4736/3609 3898/4746/3615 3601/4747/3442 
f 3601/4747/3442 3599/4737/3441 3891/4736/3609 
f 3892/4738/3610 3899/4748/3616 3531/4749/3383 
f 3531/4749/3383 3529/4739/3381 3892/4738/3610 
f 3899/4748/3616 3892/4738/3610 3893/4740/3611 
f 3893/4740/3611 3900/4750/3617 3899/4748/3616 
f 3901/4751/3618 3900/4750/3617 3893/4740/3611 
f 3893/4740/3611 3894/4741/3612 3901/4751/3618 
f 3895/4742/3489 3902/4752/3488 3901/4751/3618 
f 3901/4751/3618 3894/4741/3612 3895/4742/3489 
f 3903/4753/3619 3896/4744/3613 3532/4743/3384 
f 3532/4743/3384 3534/4754/3386 3903/4753/3619 
f 3896/4744/3613 3903/4753/3619 3904/4755/3620 
f 3904/4755/3620 3897/4745/3614 3896/4744/3613 
f 3898/4746/3615 3897/4745/3614 3904/4755/3620 
f 3904/4755/3620 3905/4756/3621 3898/4746/3615 
f 3898/4746/3615 3905/4756/3621 3604/4757/3443 
f 3604/4757/3443 3601/4747/3442 3898/4746/3615 
f 3899/4748/3616 3906/4758/3622 3533/4759/3385 
f 3533/4759/3385 3531/4749/3383 3899/4748/3616 
f 3906/4758/3622 3899/4748/3616 3900/4750/3617 
f 3900/4750/3617 3907/4760/3623 3906/4758/3622 
f 3907/4760/3623 3900/4750/3617 3901/4751/3618 
f 3901/4751/3618 3908/4761/3624 3907/4760/3623 
f 3909/4762/3487 3908/4761/3624 3901/4751/3618 
f 3901/4751/3618 3902/4752/3488 3909/4762/3487 
f 3910/4763/3625 3903/4753/3619 3534/4754/3386 
f 3534/4754/3386 3536/4764/3388 3910/4763/3625 
f 3904/4755/3620 3903/4753/3619 3910/4763/3625 
f 3910/4763/3625 3911/4765/3626 3904/4755/3620 
f 3912/4766/3627 3905/4756/3621 3904/4755/3620 
f 3904/4755/3620 3911/4765/3626 3912/4766/3627 
f 3605/4767/3444 3604/4757/3443 3905/4756/3621 
f 3905/4756/3621 3912/4766/3627 3605/4767/3444 
f 3906/4758/3622 3913/4768/3628 3535/4769/3387 
f 3535/4769/3387 3533/4759/3385 3906/4758/3622 
f 3907/4760/3623 3914/4770/3629 3913/4768/3628 
f 3913/4768/3628 3906/4758/3622 3907/4760/3623 
f 3908/4761/3624 3915/4771/3630 3914/4770/3629 
f 3914/4770/3629 3907/4760/3623 3908/4761/3624 
f 3915/4771/3630 3908/4761/3624 3909/4762/3487 
f 3909/4762/3487 3916/4772/3486 3915/4771/3630 
f 3536/4764/3388 3538/4773/3390 3917/4774/3631 
f 3917/4774/3631 3910/4763/3625 3536/4764/3388 
f 3910/4763/3625 3917/4774/3631 3918/4775/3632 
f 3918/4775/3632 3911/4765/3626 3910/4763/3625 
f 3919/4776/3633 3912/4766/3627 3911/4765/3626 
f 3911/4765/3626 3918/4775/3632 3919/4776/3633 
f 3607/4777/3445 3605/4767/3444 3912/4766/3627 
f 3912/4766/3627 3919/4776/3633 3607/4777/3445 
f 3913/4768/3628 3920/4778/3634 3537/4779/3389 
f 3537/4779/3389 3535/4769/3387 3913/4768/3628 
f 3921/4780/3635 3920/4778/3634 3913/4768/3628 
f 3913/4768/3628 3914/4770/3629 3921/4780/3635 
f 3915/4771/3630 3922/4781/3636 3921/4780/3635 
f 3921/4780/3635 3914/4770/3629 3915/4771/3630 
f 3922/4781/3636 3915/4771/3630 3916/4772/3486 
f 3916/4772/3486 3923/4782/3637 3922/4781/3636 
f 3924/4783/3638 3917/4774/3631 3538/4773/3390 
f 3538/4773/3390 3540/4784/3392 3924/4783/3638 
f 3917/4774/3631 3924/4783/3638 3925/4785/3639 
f 3925/4785/3639 3918/4775/3632 3917/4774/3631 
f 3925/4785/3639 3926/4786/3640 3919/4776/3633 
f 3919/4776/3633 3918/4775/3632 3925/4785/3639 
f 3609/4787/3446 3607/4777/3445 3919/4776/3633 
f 3919/4776/3633 3926/4786/3640 3609/4787/3446 
f 3539/4788/3391 3537/4779/3389 3920/4778/3634 
f 3920/4778/3634 3927/4789/3641 3539/4788/3391 
f 3927/4789/3641 3920/4778/3634 3921/4780/3635 
f 3921/4780/3635 3928/4790/3642 3927/4789/3641 
f 3929/4791/3643 3928/4790/3642 3921/4780/3635 
f 3921/4780/3635 3922/4781/3636 3929/4791/3643 
f 3923/4782/3637 3930/4792/3484 3929/4791/3643 
f 3929/4791/3643 3922/4781/3636 3923/4782/3637 
f 3540/4784/3392 3542/4793/3394 3931/4794/3644 
f 3931/4794/3644 3924/4783/3638 3540/4784/3392 
f 3932/4795/3645 3925/4785/3639 3924/4783/3638 
f 3924/4783/3638 3931/4794/3644 3932/4795/3645 
f 3925/4785/3639 3932/4795/3645 3933/4796/3646 
f 3933/4796/3646 3926/4786/3640 3925/4785/3639 
f 3611/4797/3447 3609/4787/3446 3926/4786/3640 
f 3926/4786/3640 3933/4796/3646 3611/4797/3447 
f 3541/4798/3393 3539/4788/3391 3927/4789/3641 
f 3927/4789/3641 3934/4799/3647 3541/4798/3393 
f 3934/4799/3647 3927/4789/3641 3928/4790/3642 
f 3928/4790/3642 3935/4800/3648 3934/4799/3647 
f 3935/4800/3648 3928/4790/3642 3929/4791/3643 
f 3929/4791/3643 3936/4801/3649 3935/4800/3648 
f 3930/4792/3484 3937/4802/3483 3936/4801/3649 
f 3936/4801/3649 3929/4791/3643 3930/4792/3484 
f 3938/4803/3650 3931/4794/3644 3542/4793/3394 
f 3542/4793/3394 3544/4804/3396 3938/4803/3650 
f 3939/4805/3651 3932/4795/3645 3931/4794/3644 
f 3931/4794/3644 3938/4803/3650 3939/4805/3651 
f 3940/4806/3652 3933/4796/3646 3932/4795/3645 
f 3932/4795/3645 3939/4805/3651 3940/4806/3652 
f 3933/4796/3646 3940/4806/3652 3613/4807/3448 
f 3613/4807/3448 3611/4797/3447 3933/4796/3646 
f 3934/4799/3647 3941/4808/3653 3543/4809/3395 
f 3543/4809/3395 3541/4798/3393 3934/4799/3647 
f 3935/4800/3648 3942/4810/3654 3941/4808/3653 
f 3941/4808/3653 3934/4799/3647 3935/4800/3648 
f 3936/4801/3649 3943/4811/3655 3942/4810/3654 
f 3942/4810/3654 3935/4800/3648 3936/4801/3649 
f 3943/4811/3655 3936/4801/3649 3937/4802/3483 
f 3937/4802/3483 3944/4812/3481 3943/4811/3655 
f 3544/4804/3396 3546/4813/3398 3945/4814/3656 
f 3945/4814/3656 3938/4803/3650 3544/4804/3396 
f 3938/4803/3650 3945/4814/3656 3946/4815/3657 
f 3946/4815/3657 3939/4805/3651 3938/4803/3650 
f 3939/4805/3651 3946/4815/3657 3947/4816/3658 
f 3947/4816/3658 3940/4806/3652 3939/4805/3651 
f 3947/4816/3658 3615/4817/3449 3613/4807/3448 
f 3613/4807/3448 3940/4806/3652 3947/4816/3658 
f 3545/4818/3397 3543/4809/3395 3941/4808/3653 
f 3941/4808/3653 3948/4819/3659 3545/4818/3397 
f 3941/4808/3653 3942/4810/3654 3949/4820/3660 
f 3949/4820/3660 3948/4819/3659 3941/4808/3653 
f 3950/4821/3661 3949/4820/3660 3942/4810/3654 
f 3942/4810/3654 3943/4811/3655 3950/4821/3661 
f 3951/4822/3480 3950/4821/3661 3943/4811/3655 
f 3943/4811/3655 3944/4812/3481 3951/4822/3480 
f 3945/4814/3656 3546/4813/3398 3548/4823/3400 
f 3548/4823/3400 3952/4824/3662 3945/4814/3656 
f 3952/4824/3662 3953/4825/3663 3946/4815/3657 
f 3946/4815/3657 3945/4814/3656 3952/4824/3662 
f 3946/4815/3657 3953/4825/3663 3954/4826/3664 
f 3954/4826/3664 3947/4816/3658 3946/4815/3657 
f 3947/4816/3658 3954/4826/3664 3617/4827/3450 
f 3617/4827/3450 3615/4817/3449 3947/4816/3658 
f 3547/4828/3399 3545/4818/3397 3948/4819/3659 
f 3948/4819/3659 3955/4829/3665 3547/4828/3399 
f 3955/4829/3665 3948/4819/3659 3949/4820/3660 
f 3949/4820/3660 3956/4830/3666 3955/4829/3665 
f 3956/4830/3666 3949/4820/3660 3950/4821/3661 
f 3950/4821/3661 3957/4831/3667 3956/4830/3666 
f 3951/4822/3480 3958/4832/3479 3957/4831/3667 
f 3957/4831/3667 3950/4821/3661 3951/4822/3480 
f 3959/4833/3668 3952/4824/3662 3548/4823/3400 
f 3548/4823/3400 3549/4834/3401 3959/4833/3668 
f 3959/4833/3668 3960/4835/3669 3953/4825/3663 
f 3953/4825/3663 3952/4824/3662 3959/4833/3668 
f 3961/4836/3670 3954/4826/3664 3953/4825/3663 
f 3953/4825/3663 3960/4835/3669 3961/4836/3670 
f 3619/4837/3451 3617/4827/3450 3954/4826/3664 
f 3954/4826/3664 3961/4836/3670 3619/4837/3451 
f 3550/4838/3402 3547/4828/3399 3955/4829/3665 
f 3955/4829/3665 3962/4839/3671 3550/4838/3402 
f 3962/4839/3671 3955/4829/3665 3956/4830/3666 
f 3956/4830/3666 3963/4840/3672 3962/4839/3671 
f 3963/4840/3672 3956/4830/3666 3957/4831/3667 
f 3957/4831/3667 3964/4841/3673 3963/4840/3672 
f 3958/4832/3479 3965/4842/3482 3964/4841/3673 
f 3964/4841/3673 3957/4831/3667 3958/4832/3479 
f 3552/4843/3404 3966/4844/3674 3959/4833/3668 
f 3959/4833/3668 3549/4834/3401 3552/4843/3404 
f 3959/4833/3668 3966/4844/3674 3967/4845/3675 
f 3967/4845/3675 3960/4835/3669 3959/4833/3668 
f 3960/4835/3669 3967/4845/3675 3968/4846/3676 
f 3968/4846/3676 3961/4836/3670 3960/4835/3669 
f 3968/4846/3676 3620/4847/3452 3619/4837/3451 
f 3619/4837/3451 3961/4836/3670 3968/4846/3676 
f 3551/4848/3403 3550/4838/3402 3962/4839/3671 
f 3962/4839/3671 3969/4849/3677 3551/4848/3403 
f 3963/4840/3672 3970/4850/3678 3969/4849/3677 
f 3969/4849/3677 3962/4839/3671 3963/4840/3672 
f 3970/4850/3678 3963/4840/3672 3964/4841/3673 
f 3964/4841/3673 3971/4851/3679 3970/4850/3678 
f 3965/4842/3482 3972/4852/3478 3971/4851/3679 
f 3971/4851/3679 3964/4841/3673 3965/4842/3482 
f 3973/4853/3680 3966/4844/3674 3552/4843/3404 
f 3552/4843/3404 3554/4854/3406 3973/4853/3680 
f 3974/4855/3681 3967/4845/3675 3966/4844/3674 
f 3966/4844/3674 3973/4853/3680 3974/4855/3681 
f 3967/4845/3675 3974/4855/3681 3975/4856/3682 
f 3975/4856/3682 3968/4846/3676 3967/4845/3675 
f 3968/4846/3676 3975/4856/3682 3621/4857/3453 
f 3621/4857/3453 3620/4847/3452 3968/4846/3676 
f 3969/4849/3677 3976/4858/3683 3553/4859/3405 
f 3553/4859/3405 3551/4848/3403 3969/4849/3677 
f 3976/4858/3683 3969/4849/3677 3970/4850/3678 
f 3970/4850/3678 3977/4860/3684 3976/4858/3683 
f 3971/4851/3679 3978/4861/3685 3977/4860/3684 
f 3977/4860/3684 3970/4850/3678 3971/4851/3679 
f 3972/4852/3478 3979/4862/3477 3978/4861/3685 
f 3978/4861/3685 3971/4851/3679 3972/4852/3478 
f 3556/4863/3408 3980/4864/3686 3973/4853/3680 
f 3973/4853/3680 3554/4854/3406 3556/4863/3408 
f 3980/4864/3686 3981/4865/3687 3974/4855/3681 
f 3974/4855/3681 3973/4853/3680 3980/4864/3686 
f 3974/4855/3681 3981/4865/3687 3982/4866/3688 
f 3982/4866/3688 3975/4856/3682 3974/4855/3681 
f 3623/4867/3454 3621/4857/3453 3975/4856/3682 
f 3975/4856/3682 3982/4866/3688 3623/4867/3454 
f 3976/4858/3683 3983/4868/3689 3555/4869/3407 
f 3555/4869/3407 3553/4859/3405 3976/4858/3683 
f 3984/4870/3690 3983/4868/3689 3976/4858/3683 
f 3976/4858/3683 3977/4860/3684 3984/4870/3690 
f 3984/4870/3690 3977/4860/3684 3978/4861/3685 
f 3978/4861/3685 3985/4871/3691 3984/4870/3690 
f 3985/4871/3691 3978/4861/3685 3979/4862/3477 
f 3979/4862/3477 3986/4872/3692 3985/4871/3691 
f 3558/4873/3410 3987/4874/3693 3980/4864/3686 
f 3980/4864/3686 3556/4863/3408 3558/4873/3410 
f 3987/4874/3693 3988/4875/3694 3981/4865/3687 
f 3981/4865/3687 3980/4864/3686 3987/4874/3693 
f 3989/4876/3695 3982/4866/3688 3981/4865/3687 
f 3981/4865/3687 3988/4875/3694 3989/4876/3695 
f 3625/4877/3455 3623/4867/3454 3982/4866/3688 
f 3982/4866/3688 3989/4876/3695 3625/4877/3455 
f 3557/4878/3409 3555/4869/3407 3983/4868/3689 
f 3983/4868/3689 3990/4879/3696 3557/4878/3409 
f 3990/4879/3696 3983/4868/3689 3984/4870/3690 
f 3984/4870/3690 3991/4880/3697 3990/4879/3696 
f 3984/4870/3690 3985/4871/3691 3992/4881/3698 
f 3992/4881/3698 3991/4880/3697 3984/4870/3690 
f 3985/4871/3691 3986/4872/3692 3993/4882/3475 
f 3993/4882/3475 3992/4881/3698 3985/4871/3691 
f 3558/4873/3410 3560/4883/3412 3994/4884/3699 
f 3994/4884/3699 3987/4874/3693 3558/4873/3410 
f 3994/4884/3699 3995/4885/3700 3988/4875/3694 
f 3988/4875/3694 3987/4874/3693 3994/4884/3699 
f 3995/4885/3700 3996/4886/3701 3989/4876/3695 
f 3989/4876/3695 3988/4875/3694 3995/4885/3700 
f 3989/4876/3695 3996/4886/3701 3627/4887/3456 
f 3627/4887/3456 3625/4877/3455 3989/4876/3695 
f 3559/4888/3411 3557/4878/3409 3990/4879/3696 
f 3990/4879/3696 3997/4889/3702 3559/4888/3411 
f 3997/4889/3702 3990/4879/3696 3991/4880/3697 
f 3991/4880/3697 3998/4890/3703 3997/4889/3702 
f 3998/4890/3703 3991/4880/3697 3992/4881/3698 
f 3992/4881/3698 3999/4891/3704 3998/4890/3703 
f 3999/4891/3704 3992/4881/3698 3993/4882/3475 
f 3993/4882/3475 4000/4892/3474 3999/4891/3704 
f 3560/4883/3412 3562/4893/3414 4001/4894/3705 
f 4001/4894/3705 3994/4884/3699 3560/4883/3412 
f 3994/4884/3699 4001/4894/3705 4002/4895/3706 
f 4002/4895/3706 3995/4885/3700 3994/4884/3699 
f 3995/4885/3700 4002/4895/3706 4003/4896/3707 
f 4003/4896/3707 3996/4886/3701 3995/4885/3700 
f 4003/4896/3707 3629/4897/3457 3627/4887/3456 
f 3627/4887/3456 3996/4886/3701 4003/4896/3707 
f 3561/4898/3413 3559/4888/3411 3997/4889/3702 
f 3997/4889/3702 4004/4899/3708 3561/4898/3413 
f 3998/4890/3703 4005/4900/3709 4004/4899/3708 
f 4004/4899/3708 3997/4889/3702 3998/4890/3703 
f 4005/4900/3709 3998/4890/3703 3999/4891/3704 
f 3999/4891/3704 4006/4901/3710 4005/4900/3709 
f 4000/4892/3474 4007/4902/3473 4006/4901/3710 
f 4006/4901/3710 3999/4891/3704 4000/4892/3474 
f 4008/4903/3711 4001/4894/3705 3562/4893/3414 
f 3562/4893/3414 3564/4904/3416 4008/4903/3711 
f 4001/4894/3705 4008/4903/3711 4009/4905/3712 
f 4009/4905/3712 4002/4895/3706 4001/4894/3705 
f 4010/4906/3713 4003/4896/3707 4002/4895/3706 
f 4002/4895/3706 4009/4905/3712 4010/4906/3713 
f 3632/4907/3458 3629/4897/3457 4003/4896/3707 
f 4003/4896/3707 4010/4906/3713 3632/4907/3458 
f 3563/4908/3415 3561/4898/3413 4004/4899/3708 
f 4004/4899/3708 4011/4909/3714 3563/4908/3415 
f 4011/4909/3714 4004/4899/3708 4005/4900/3709 
f 4005/4900/3709 4012/4910/3715 4011/4909/3714 
f 4012/4910/3715 4005/4900/3709 4006/4901/3710 
f 4006/4901/3710 4013/4911/3716 4012/4910/3715 
f 4007/4902/3473 4014/4912/3472 4013/4911/3716 
f 4013/4911/3716 4006/4901/3710 4007/4902/3473 
f 3564/4904/3416 3566/4913/3418 4015/4914/3717 
f 4015/4914/3717 4008/4903/3711 3564/4904/3416 
f 4015/4914/3717 4016/4915/3718 4009/4905/3712 
f 4009/4905/3712 4008/4903/3711 4015/4914/3717 
f 4016/4915/3718 4017/4916/3719 4010/4906/3713 
f 4010/4906/3713 4009/4905/3712 4016/4915/3718 
f 4010/4906/3713 4017/4916/3719 3633/4917/3459 
f 3633/4917/3459 3632/4907/3458 4010/4906/3713 
f 4011/4909/3714 4018/4918/3720 3565/4919/3417 
f 3565/4919/3417 3563/4908/3415 4011/4909/3714 
f 4012/4910/3715 4019/4920/3721 4018/4918/3720 
f 4018/4918/3720 4011/4909/3714 4012/4910/3715 
f 4019/4920/3721 4012/4910/3715 4013/4911/3716 
f 4013/4911/3716 4020/4921/3722 4019/4920/3721 
f 4014/4912/3472 4021/4922/3471 4020/4921/3722 
f 4020/4921/3722 4013/4911/3716 4014/4912/3472 
f 4022/4923/3723 4015/4914/3717 3566/4913/3418 
f 3566/4913/3418 3567/4924/3419 4022/4923/3723 
f 4022/4923/3723 4023/4925/3724 4016/4915/3718 
f 4016/4915/3718 4015/4914/3717 4022/4923/3723 
f 4023/4925/3724 4024/4926/3725 4017/4916/3719 
f 4017/4916/3719 4016/4915/3718 4023/4925/3724 
f 4017/4916/3719 4024/4926/3725 3635/4927/3460 
f 3635/4927/3460 3633/4917/3459 4017/4916/3719 
f 4018/4918/3720 4025/4928/3726 3568/4929/3420 
f 3568/4929/3420 3565/4919/3417 4018/4918/3720 
f 4019/4920/3721 4026/4930/3727 4025/4928/3726 
f 4025/4928/3726 4018/4918/3720 4019/4920/3721 
f 4026/4930/3727 4019/4920/3721 4020/4921/3722 
f 4020/4921/3722 4027/4931/3728 4026/4930/3727 
f 4027/4931/3728 4020/4921/3722 4021/4922/3471 
f 4021/4922/3471 4028/4932/3470 4027/4931/3728 
f 3567/4924/3419 3570/4933/3422 4029/4934/3729 
f 4029/4934/3729 4022/4923/3723 3567/4924/3419 
f 4022/4923/3723 4029/4934/3729 4030/4935/3730 
f 4030/4935/3730 4023/4925/3724 4022/4923/3723 
f 4030/4935/3730 4031/4936/3731 4024/4926/3725 
f 4024/4926/3725 4023/4925/3724 4030/4935/3730 
f 4024/4926/3725 4031/4936/3731 3637/4937/3461 
f 3637/4937/3461 3635/4927/3460 4024/4926/3725 
f 3569/4938/3421 3568/4929/3420 4025/4928/3726 
f 4025/4928/3726 4032/4939/3732 3569/4938/3421 
f 4032/4939/3732 4025/4928/3726 4026/4930/3727 
f 4026/4930/3727 4033/4940/3733 4032/4939/3732 
f 4026/4930/3727 4027/4931/3728 4034/4941/3734 
f 4034/4941/3734 4033/4940/3733 4026/4930/3727 
f 4027/4931/3728 4028/4932/3470 4035/4942/3469 
f 4035/4942/3469 4034/4941/3734 4027/4931/3728 
f 3570/4933/3422 3572/4943/3424 4036/4944/3735 
f 4036/4944/3735 4029/4934/3729 3570/4933/3422 
f 4029/4934/3729 4036/4944/3735 4037/4945/3736 
f 4037/4945/3736 4030/4935/3730 4029/4934/3729 
f 4030/4935/3730 4037/4945/3736 4038/4946/3737 
f 4038/4946/3737 4031/4936/3731 4030/4935/3730 
f 4031/4936/3731 4038/4946/3737 3639/4947/3462 
f 3639/4947/3462 3637/4937/3461 4031/4936/3731 
f 3571/4948/3423 3569/4938/3421 4032/4939/3732 
f 4032/4939/3732 4039/4949/3738 3571/4948/3423 
f 4033/4940/3733 4040/4950/3739 4039/4949/3738 
f 4039/4949/3738 4032/4939/3732 4033/4940/3733 
f 4040/4950/3739 4033/4940/3733 4034/4941/3734 
f 4034/4941/3734 4041/4951/3740 4040/4950/3739 
f 4035/4942/3469 4042/4952/3468 4041/4951/3740 
f 4041/4951/3740 4034/4941/3734 4035/4942/3469 
f 3574/4953/3426 4043/4954/3741 4036/4944/3735 
f 4036/4944/3735 3572/4943/3424 3574/4953/3426 
f 4044/4955/3742 4037/4945/3736 4036/4944/3735 
f 4036/4944/3735 4043/4954/3741 4044/4955/3742 
f 4037/4945/3736 4044/4955/3742 4045/4956/3743 
f 4045/4956/3743 4038/4946/3737 4037/4945/3736 
f 3641/4957/3463 3639/4947/3462 4038/4946/3737 
f 4038/4946/3737 4045/4956/3743 3641/4957/3463 
f 4039/4949/3738 4046/4958/3744 3573/4959/3425 
f 3573/4959/3425 3571/4948/3423 4039/4949/3738 
f 4046/4958/3744 4039/4949/3738 4040/4950/3739 
f 4040/4950/3739 4047/4960/3745 4046/4958/3744 
f 4041/4951/3740 4048/4961/3746 4047/4960/3745 
f 4047/4960/3745 4040/4950/3739 4041/4951/3740 
f 4048/4961/3746 4041/4951/3740 4042/4952/3468 
f 4042/4952/3468 4049/4962/3467 4048/4961/3746 
f 3574/4953/3426 3515/4963/3367 4050/4964/3747 
f 4050/4964/3747 4043/4954/3741 3574/4953/3426 
f 4050/4964/3747 4051/4965/3748 4044/4955/3742 
f 4044/4955/3742 4043/4954/3741 4050/4964/3747 
f 4051/4965/3748 4052/4966/3749 4045/4956/3743 
f 4045/4956/3743 4044/4955/3742 4051/4965/3748 
f 4045/4956/3743 4052/4966/3749 3586/4967/3434 
f 3586/4967/3434 3641/4957/3463 4045/4956/3743 
f 3516/4968/3368 3573/4959/3425 4046/4958/3744 
f 4046/4958/3744 4053/4969/3750 3516/4968/3368 
f 4053/4969/3750 4046/4958/3744 4047/4960/3745 
f 4047/4960/3745 4054/4970/3751 4053/4969/3750 
f 4048/4961/3746 4055/4971/3752 4054/4970/3751 
f 4054/4970/3751 4047/4960/3745 4048/4961/3746 
f 4055/4971/3752 4048/4961/3746 4049/4962/3467 
f 4049/4962/3467 4056/4972/3466 4055/4971/3752 
f 3514/4655/3366 3834/4654/3560 4050/4964/3747 
f 4050/4964/3747 3515/4963/3367 3514/4655/3366 
f 3834/4654/3560 3836/4658/3562 4051/4965/3748 
f 4051/4965/3748 4050/4964/3747 3834/4654/3560 
f 3836/4658/3562 3838/4660/3564 4052/4966/3749 
f 4052/4966/3749 4051/4965/3748 3836/4658/3562 
f 3586/4967/3434 4052/4966/3749 3838/4660/3564 
f 3838/4660/3564 3578/4662/3430 3586/4967/3434 
f 3516/4968/3368 4053/4969/3750 3839/4665/3565 
f 3839/4665/3565 3513/4664/3365 3516/4968/3368 
f 3839/4665/3565 4053/4969/3750 4054/4970/3751 
f 4054/4970/3751 3841/4667/3567 3839/4665/3565 
f 3841/4667/3567 4054/4970/3751 4055/4971/3752 
f 4055/4971/3752 3843/4669/3569 3841/4667/3567 
f 3843/4669/3569 4055/4971/3752 4056/4972/3466 
f 4056/4972/3466 3845/4671/3465 3843/4669/3569 
f 4057/4973/3565 4058/4974/3566 3831/4975/3427 
f 3831/4975/3427 3770/4976/3365 4057/4973/3565 
f 4059/4977/3567 4060/4978/3568 4058/4974/3566 
f 4058/4974/3566 4057/4973/3565 4059/4977/3567 
f 4060/4978/3568 4059/4977/3567 4061/4979/3569 
f 4061/4979/3569 4062/4980/3570 4060/4978/3568 
f 4062/4980/3570 4061/4979/3569 3644/4981/3465 
f 3644/4981/3465 3643/4982/3464 4062/4980/3570 
f 3831/4975/3427 4058/4974/3566 4063/4983/3574 
f 4063/4983/3574 3774/4984/3370 3831/4975/3427 
f 4063/4983/3574 4058/4974/3566 4060/4978/3568 
f 4060/4978/3568 4064/4985/3575 4063/4983/3574 
f 4060/4978/3568 4062/4980/3570 4065/4986/3576 
f 4065/4986/3576 4064/4985/3575 4060/4978/3568 
f 4062/4980/3570 3643/4982/3464 3674/4987/3495 
f 3674/4987/3495 4065/4986/3576 4062/4980/3570 
f 3775/4988/3371 3774/4984/3370 4063/4983/3574 
f 4063/4983/3574 4066/4989/3580 3775/4988/3371 
f 4066/4989/3580 4063/4983/3574 4064/4985/3575 
f 4064/4985/3575 4067/4990/3581 4066/4989/3580 
f 4064/4985/3575 4065/4986/3576 4068/4991/3582 
f 4068/4991/3582 4067/4990/3581 4064/4985/3575 
f 3674/4987/3495 3673/4992/3494 4068/4991/3582 
f 4068/4991/3582 4065/4986/3576 3674/4987/3495 
f 4066/4989/3580 4069/4993/3586 3777/4994/3373 
f 3777/4994/3373 3775/4988/3371 4066/4989/3580 
f 4066/4989/3580 4067/4990/3581 4070/4995/3587 
f 4070/4995/3587 4069/4993/3586 4066/4989/3580 
f 4067/4990/3581 4068/4991/3582 4071/4996/3588 
f 4071/4996/3588 4070/4995/3587 4067/4990/3581 
f 3673/4992/3494 3672/4997/3493 4071/4996/3588 
f 4071/4996/3588 4068/4991/3582 3673/4992/3494 
f 4069/4993/3586 4072/4998/3592 3779/4999/3375 
f 3779/4999/3375 3777/4994/3373 4069/4993/3586 
f 4069/4993/3586 4070/4995/3587 4073/5000/3593 
f 4073/5000/3593 4072/4998/3592 4069/4993/3586 
f 4073/5000/3593 4070/4995/3587 4071/4996/3588 
f 4071/4996/3588 4074/5001/3594 4073/5000/3593 
f 3672/4997/3493 3671/5002/3492 4074/5001/3594 
f 4074/5001/3594 4071/4996/3588 3672/4997/3493 
f 3781/5003/3377 3779/4999/3375 4072/4998/3592 
f 4072/4998/3592 4075/5004/3598 3781/5003/3377 
f 4075/5004/3598 4072/4998/3592 4073/5000/3593 
f 4073/5000/3593 4076/5005/3599 4075/5004/3598 
f 4076/5005/3599 4073/5000/3593 4074/5001/3594 
f 4074/5001/3594 4077/5006/3600 4076/5005/3599 
f 4077/5006/3600 4074/5001/3594 3671/5002/3492 
f 3671/5002/3492 3670/5007/3491 4077/5006/3600 
f 3783/5008/3379 3781/5003/3377 4075/5004/3598 
f 4075/5004/3598 4078/5009/3604 3783/5008/3379 
f 4075/5004/3598 4076/5005/3599 4079/5010/3605 
f 4079/5010/3605 4078/5009/3604 4075/5004/3598 
f 4076/5005/3599 4077/5006/3600 4080/5011/3606 
f 4080/5011/3606 4079/5010/3605 4076/5005/3599 
f 3670/5007/3491 3669/5012/3490 4080/5011/3606 
f 4080/5011/3606 4077/5006/3600 3670/5007/3491 
f 3783/5008/3379 4078/5009/3604 4081/5013/3610 
f 4081/5013/3610 3785/5014/3381 3783/5008/3379 
f 4078/5009/3604 4079/5010/3605 4082/5015/3611 
f 4082/5015/3611 4081/5013/3610 4078/5009/3604 
f 4079/5010/3605 4080/5011/3606 4083/5016/3612 
f 4083/5016/3612 4082/5015/3611 4079/5010/3605 
f 4080/5011/3606 3669/5012/3490 3668/5017/3489 
f 3668/5017/3489 4083/5016/3612 4080/5011/3606 
f 3785/5014/3381 4081/5013/3610 4084/5018/3616 
f 4084/5018/3616 3787/5019/3383 3785/5014/3381 
f 4084/5018/3616 4081/5013/3610 4082/5015/3611 
f 4082/5015/3611 4085/5020/3617 4084/5018/3616 
f 4082/5015/3611 4083/5016/3612 4086/5021/3618 
f 4086/5021/3618 4085/5020/3617 4082/5015/3611 
f 4083/5016/3612 3668/5017/3489 3667/5022/3488 
f 3667/5022/3488 4086/5021/3618 4083/5016/3612 
f 4084/5018/3616 4087/5023/3622 3789/5024/3385 
f 3789/5024/3385 3787/5019/3383 4084/5018/3616 
f 4087/5023/3622 4084/5018/3616 4085/5020/3617 
f 4085/5020/3617 4088/5025/3623 4087/5023/3622 
f 4086/5021/3618 4089/5026/3624 4088/5025/3623 
f 4088/5025/3623 4085/5020/3617 4086/5021/3618 
f 3667/5022/3488 3666/5027/3487 4089/5026/3624 
f 4089/5026/3624 4086/5021/3618 3667/5022/3488 
f 3791/5028/3387 3789/5024/3385 4087/5023/3622 
f 4087/5023/3622 4090/5029/3628 3791/5028/3387 
f 4088/5025/3623 4091/5030/3629 4090/5029/3628 
f 4090/5029/3628 4087/5023/3622 4088/5025/3623 
f 4091/5030/3629 4088/5025/3623 4089/5026/3624 
f 4089/5026/3624 4092/5031/3630 4091/5030/3629 
f 3666/5027/3487 3665/5032/3486 4092/5031/3630 
f 4092/5031/3630 4089/5026/3624 3666/5027/3487 
f 3793/5033/3389 3791/5028/3387 4090/5029/3628 
f 4090/5029/3628 4093/5034/3634 3793/5033/3389 
f 4090/5029/3628 4091/5030/3629 4094/5035/3635 
f 4094/5035/3635 4093/5034/3634 4090/5029/3628 
f 4091/5030/3629 4092/5031/3630 4095/5036/3636 
f 4095/5036/3636 4094/5035/3635 4091/5030/3629 
f 3665/5032/3486 3664/5037/3485 4095/5036/3636 
f 4095/5036/3636 4092/5031/3630 3665/5032/3486 
f 3793/5033/3389 4093/5034/3634 4096/5038/3641 
f 4096/5038/3641 3795/5039/3391 3793/5033/3389 
f 4093/5034/3634 4094/5035/3635 4097/5040/3642 
f 4097/5040/3642 4096/5038/3641 4093/5034/3634 
f 4094/5035/3635 4095/5036/3636 4098/5041/3643 
f 4098/5041/3643 4097/5040/3642 4094/5035/3635 
f 3663/5042/3484 4098/5041/3643 4095/5036/3636 
f 4095/5036/3636 3664/5037/3485 3663/5042/3484 
f 3797/5043/3393 3795/5039/3391 4096/5038/3641 
f 4096/5038/3641 4099/5044/3647 3797/5043/3393 
f 4096/5038/3641 4097/5040/3642 4100/5045/3648 
f 4100/5045/3648 4099/5044/3647 4096/5038/3641 
f 4097/5040/3642 4098/5041/3643 4101/5046/3649 
f 4101/5046/3649 4100/5045/3648 4097/5040/3642 
f 3663/5042/3484 3662/5047/3483 4101/5046/3649 
f 4101/5046/3649 4098/5041/3643 3663/5042/3484 
f 4099/5044/3647 4102/5048/3653 3799/5049/3395 
f 3799/5049/3395 3797/5043/3393 4099/5044/3647 
f 4100/5045/3648 4103/5050/3654 4102/5048/3653 
f 4102/5048/3653 4099/5044/3647 4100/5045/3648 
f 4101/5046/3649 4104/5051/3655 4103/5050/3654 
f 4103/5050/3654 4100/5045/3648 4101/5046/3649 
f 4104/5051/3655 4101/5046/3649 3662/5047/3483 
f 3662/5047/3483 3660/5052/3481 4104/5051/3655 
f 3801/5053/3397 3799/5049/3395 4102/5048/3653 
f 4102/5048/3653 4105/5054/3659 3801/5053/3397 
f 4105/5054/3659 4102/5048/3653 4103/5050/3654 
f 4103/5050/3654 4106/5055/3660 4105/5054/3659 
f 4104/5051/3655 4107/5056/3661 4106/5055/3660 
f 4106/5055/3660 4103/5050/3654 4104/5051/3655 
f 4107/5056/3661 4104/5051/3655 3660/5052/3481 
f 3660/5052/3481 3659/5057/3480 4107/5056/3661 
f 4105/5054/3659 4108/5058/3665 3803/5059/3399 
f 3803/5059/3399 3801/5053/3397 4105/5054/3659 
f 4105/5054/3659 4106/5055/3660 4109/5060/3666 
f 4109/5060/3666 4108/5058/3665 4105/5054/3659 
f 4106/5055/3660 4107/5056/3661 4110/5061/3667 
f 4110/5061/3667 4109/5060/3666 4106/5055/3660 
f 3659/5057/3480 3658/5062/3479 4110/5061/3667 
f 4110/5061/3667 4107/5056/3661 3659/5057/3480 
f 4108/5058/3665 4111/5063/3671 3805/5064/3402 
f 3805/5064/3402 3803/5059/3399 4108/5058/3665 
f 4108/5058/3665 4109/5060/3666 4112/5065/3672 
f 4112/5065/3672 4111/5063/3671 4108/5058/3665 
f 4109/5060/3666 4110/5061/3667 4113/5066/3673 
f 4113/5066/3673 4112/5065/3672 4109/5060/3666 
f 3658/5062/3479 3661/5067/3482 4113/5066/3673 
f 4113/5066/3673 4110/5061/3667 3658/5062/3479 
f 4114/5068/3677 3807/5069/3403 3805/5064/3402 
f 3805/5064/3402 4111/5063/3671 4114/5068/3677 
f 4111/5063/3671 4112/5065/3672 4115/5070/3678 
f 4115/5070/3678 4114/5068/3677 4111/5063/3671 
f 4115/5070/3678 4112/5065/3672 4113/5066/3673 
f 4113/5066/3673 4116/5071/3679 4115/5070/3678 
f 3661/5067/3482 3657/5072/3478 4116/5071/3679 
f 4116/5071/3679 4113/5066/3673 3661/5067/3482 
f 3809/5073/3405 3807/5069/3403 4114/5068/3677 
f 4114/5068/3677 4117/5074/3683 3809/5073/3405 
f 4115/5070/3678 4118/5075/3684 4117/5074/3683 
f 4117/5074/3683 4114/5068/3677 4115/5070/3678 
f 4116/5071/3679 4119/5076/3685 4118/5075/3684 
f 4118/5075/3684 4115/5070/3678 4116/5071/3679 
f 4119/5076/3685 4116/5071/3679 3657/5072/3478 
f 3657/5072/3478 3656/5077/3477 4119/5076/3685 
f 3809/5073/3405 4117/5074/3683 4120/5078/3689 
f 4120/5078/3689 3811/5079/3407 3809/5073/3405 
f 4118/5075/3684 4121/5080/3690 4120/5078/3689 
f 4120/5078/3689 4117/5074/3683 4118/5075/3684 
f 4121/5080/3690 4118/5075/3684 4119/5076/3685 
f 4119/5076/3685 4122/5081/3691 4121/5080/3690 
f 4122/5081/3691 4119/5076/3685 3656/5077/3477 
f 3656/5077/3477 3655/5082/3476 4122/5081/3691 
f 4120/5078/3689 4123/5083/3696 3813/5084/3409 
f 3813/5084/3409 3811/5079/3407 4120/5078/3689 
f 4120/5078/3689 4121/5080/3690 4124/5085/3697 
f 4124/5085/3697 4123/5083/3696 4120/5078/3689 
f 4122/5081/3691 4125/5086/3698 4124/5085/3697 
f 4124/5085/3697 4121/5080/3690 4122/5081/3691 
f 3655/5082/3476 3654/5087/3475 4125/5086/3698 
f 4125/5086/3698 4122/5081/3691 3655/5082/3476 
f 4123/5083/3696 4126/5088/3702 3815/5089/3411 
f 3815/5089/3411 3813/5084/3409 4123/5083/3696 
f 4123/5083/3696 4124/5085/3697 4127/5090/3703 
f 4127/5090/3703 4126/5088/3702 4123/5083/3696 
f 4128/5091/3704 4127/5090/3703 4124/5085/3697 
f 4124/5085/3697 4125/5086/3698 4128/5091/3704 
f 4125/5086/3698 3654/5087/3475 3653/5092/3474 
f 3653/5092/3474 4128/5091/3704 4125/5086/3698 
f 4129/5093/3708 3817/5094/3413 3815/5089/3411 
f 3815/5089/3411 4126/5088/3702 4129/5093/3708 
f 4129/5093/3708 4126/5088/3702 4127/5090/3703 
f 4127/5090/3703 4130/5095/3709 4129/5093/3708 
f 4128/5091/3704 4131/5096/3710 4130/5095/3709 
f 4130/5095/3709 4127/5090/3703 4128/5091/3704 
f 4128/5091/3704 3653/5092/3474 3652/5097/3473 
f 3652/5097/3473 4131/5096/3710 4128/5091/3704 
f 3819/5098/3415 3817/5094/3413 4129/5093/3708 
f 4129/5093/3708 4132/5099/3714 3819/5098/3415 
f 4130/5095/3709 4133/5100/3715 4132/5099/3714 
f 4132/5099/3714 4129/5093/3708 4130/5095/3709 
f 4133/5100/3715 4130/5095/3709 4131/5096/3710 
f 4131/5096/3710 4134/5101/3716 4133/5100/3715 
f 4134/5101/3716 4131/5096/3710 3652/5097/3473 
f 3652/5097/3473 3651/5102/3472 4134/5101/3716 
f 3819/5098/3415 4132/5099/3714 4135/5103/3720 
f 4135/5103/3720 3821/5104/3417 3819/5098/3415 
f 4135/5103/3720 4132/5099/3714 4133/5100/3715 
f 4133/5100/3715 4136/5105/3721 4135/5103/3720 
f 4136/5105/3721 4133/5100/3715 4134/5101/3716 
f 4134/5101/3716 4137/5106/3722 4136/5105/3721 
f 3651/5102/3472 3650/5107/3471 4137/5106/3722 
f 4137/5106/3722 4134/5101/3716 3651/5102/3472 
f 4135/5103/3720 4138/5108/3726 3823/5109/3420 
f 3823/5109/3420 3821/5104/3417 4135/5103/3720 
f 4136/5105/3721 4139/5110/3727 4138/5108/3726 
f 4138/5108/3726 4135/5103/3720 4136/5105/3721 
f 4137/5106/3722 4140/5111/3728 4139/5110/3727 
f 4139/5110/3727 4136/5105/3721 4137/5106/3722 
f 4140/5111/3728 4137/5106/3722 3650/5107/3471 
f 3650/5107/3471 3649/5112/3470 4140/5111/3728 
f 4138/5108/3726 4141/5113/3732 3825/5114/3421 
f 3825/5114/3421 3823/5109/3420 4138/5108/3726 
f 4139/5110/3727 4142/5115/3733 4141/5113/3732 
f 4141/5113/3732 4138/5108/3726 4139/5110/3727 
f 4139/5110/3727 4140/5111/3728 4143/5116/3734 
f 4143/5116/3734 4142/5115/3733 4139/5110/3727 
f 4140/5111/3728 3649/5112/3470 3648/5117/3469 
f 3648/5117/3469 4143/5116/3734 4140/5111/3728 
f 4144/5118/3738 3827/5119/3423 3825/5114/3421 
f 3825/5114/3421 4141/5113/3732 4144/5118/3738 
f 4144/5118/3738 4141/5113/3732 4142/5115/3733 
f 4142/5115/3733 4145/5120/3739 4144/5118/3738 
f 4142/5115/3733 4143/5116/3734 4146/5121/3740 
f 4146/5121/3740 4145/5120/3739 4142/5115/3733 
f 4146/5121/3740 4143/5116/3734 3648/5117/3469 
f 3648/5117/3469 3647/5122/3468 4146/5121/3740 
f 4144/5118/3738 4147/5123/3744 3829/5124/3425 
f 3829/5124/3425 3827/5119/3423 4144/5118/3738 
f 4147/5123/3744 4144/5118/3738 4145/5120/3739 
f 4145/5120/3739 4148/5125/3745 4147/5123/3744 
f 4145/5120/3739 4146/5121/3740 4149/5126/3746 
f 4149/5126/3746 4148/5125/3745 4145/5120/3739 
f 4149/5126/3746 4146/5121/3740 3647/5122/3468 
f 3647/5122/3468 3646/5127/3467 4149/5126/3746 
f 4147/5123/3744 4150/5128/3750 3769/5129/3368 
f 3769/5129/3368 3829/5124/3425 4147/5123/3744 
f 4151/5130/3751 4150/5128/3750 4147/5123/3744 
f 4147/5123/3744 4148/5125/3745 4151/5130/3751 
f 4148/5125/3745 4149/5126/3746 4152/5131/3752 
f 4152/5131/3752 4151/5130/3751 4148/5125/3745 
f 3646/5127/3467 3645/5132/3466 4152/5131/3752 
f 4152/5131/3752 4149/5126/3746 3646/5127/3467 
f 3769/5129/3368 4150/5128/3750 4057/4973/3565 
f 4057/4973/3565 3770/4976/3365 3769/5129/3368 
f 4057/4973/3565 4150/5128/3750 4151/5130/3751 
f 4151/5130/3751 4059/4977/3567 4057/4973/3565 
f 4152/5131/3752 4061/4979/3569 4059/4977/3567 
f 4059/4977/3567 4151/5130/3751 4152/5131/3752 
f 3645/5132/3466 3644/4981/3465 4061/4979/3569 
f 4061/4979/3569 4152/5131/3752 3645/5132/3466 
f 3845/5133/3465 4056/5134/3466 4049/5135/3467 
f 4049/5135/3467 4042/5136/3468 4035/5137/3469 
f 4035/5137/3469 4028/5138/3470 4021/5139/3471 
f 4049/5135/3467 4035/5137/3469 4021/5139/3471 
f 4021/5139/3471 4014/5140/3472 4007/5141/3473 
f 4007/5141/3473 4000/5142/3474 3993/5143/3475 
f 4021/5139/3471 4007/5141/3473 3993/5143/3475 
f 3993/5143/3475 3986/5144/3692 3979/5145/3477 
f 3979/5145/3477 3972/5146/3478 3965/5147/3482 
f 3993/5143/3475 3979/5145/3477 3965/5147/3482 
f 4021/5139/3471 3993/5143/3475 3965/5147/3482 
f 3965/5147/3482 3958/5148/3479 3951/5149/3480 
f 3951/5149/3480 3944/5150/3481 3937/5151/3483 
f 3965/5147/3482 3951/5149/3480 3937/5151/3483 
f 3937/5151/3483 3930/5152/3484 3923/5153/3637 
f 3923/5153/3637 3916/5154/3486 3909/5155/3487 
f 3937/5151/3483 3923/5153/3637 3909/5155/3487 
f 3965/5147/3482 3937/5151/3483 3909/5155/3487 
f 3909/5155/3487 3902/5156/3488 3895/5157/3489 
f 3895/5157/3489 3888/5158/3490 3881/5159/3491 
f 3909/5155/3487 3895/5157/3489 3881/5159/3491 
f 3881/5159/3491 3874/5160/3492 3867/5161/3493 
f 3867/5161/3493 3860/5162/3494 3853/5163/3495 
f 3881/5159/3491 3867/5161/3493 3853/5163/3495 
f 3909/5155/3487 3881/5159/3491 3853/5163/3495 
f 3965/5147/3482 3909/5155/3487 3853/5163/3495 
f 4021/5139/3471 3965/5147/3482 3853/5163/3495 
f 4049/5135/3467 4021/5139/3471 3853/5163/3495 
f 3845/5133/3465 4049/5135/3467 3853/5163/3495 
f 3846/5164/3464 3845/5133/3465 3853/5163/3495 
# 1268 faces

#
# object Window_Cylinder_007
#

v  12.7026 37.5291 -1.7638
v  12.7026 38.6391 2.0633
v  14.0836 38.2082 2.1768
v  14.0836 37.0981 -1.6504
v  13.8943 37.8780 2.7830
v  12.6060 38.2800 2.6771
v  12.4296 37.3674 2.9174
v  13.5481 37.0183 3.0093
v  15.0816 37.2252 2.9548
v  14.5790 36.4515 3.1586
v  16.1222 36.3466 3.1861
v  15.4826 35.6887 3.3594
v  16.2242 34.7591 3.6041
v  16.9763 35.2761 3.4680
v  16.7752 33.6986 3.8833
v  17.6109 34.0547 3.7896
v  17.1145 32.5480 4.1863
v  18.0016 32.7295 4.1385
v  18.1336 31.3513 4.5013
v  17.2290 31.3513 4.5013
v  18.0016 29.9731 4.8642
v  17.1145 30.1546 4.8164
v  17.6109 28.6478 5.2131
v  16.7752 29.0039 5.1193
v  16.9763 27.4264 5.5346
v  16.2242 27.9434 5.3985
v  15.4826 27.0139 5.6432
v  16.1222 26.3559 5.8165
v  14.5790 26.2510 5.8441
v  15.0816 25.4773 6.0478
v  13.5481 25.6842 5.9933
v  13.8943 24.8245 6.2197
v  12.4296 25.3351 6.0852
v  12.6060 24.4225 6.3255
v  11.2663 24.2867 6.3612
v  11.2663 25.2173 6.1162
v  9.9266 24.4225 6.3255
v  10.1030 25.3351 6.0852
v  8.6383 24.8245 6.2197
v  8.9845 25.6842 5.9933
v  7.4510 25.4773 6.0478
v  7.9536 26.2510 5.8441
v  7.0500 27.0139 5.6432
v  6.4104 26.3559 5.8165
v  6.3085 27.9434 5.3985
v  5.5564 27.4264 5.5346
v  5.7574 29.0039 5.1193
v  4.9218 28.6478 5.2131
v  4.5310 29.9731 4.8642
v  5.4181 30.1546 4.8164
v  4.3990 31.3513 4.5013
v  5.3036 31.3513 4.5013
v  4.5310 32.7295 4.1385
v  5.4181 32.5480 4.1863
v  4.9218 34.0547 3.7896
v  5.7574 33.6986 3.8833
v  6.3085 34.7591 3.6041
v  5.5564 35.2761 3.4680
v  7.0500 35.6887 3.3594
v  6.4104 36.3466 3.1861
v  7.9536 36.4515 3.1586
v  7.4510 37.2252 2.9548
v  8.9845 37.0183 3.0093
v  8.6383 37.8780 2.7830
v  17.1145 29.8165 3.6508
v  16.7752 28.6658 3.9538
v  10.1030 37.3674 2.9174
v  9.9266 38.2800 2.6771
v  11.2663 37.4852 2.8864
v  11.2663 38.4158 2.6414
v  11.2663 37.6746 -1.8021
v  11.2663 38.7847 2.0250
v  9.8301 37.5291 -1.7638
v  9.8301 38.6391 2.0633
v  15.3564 36.3983 -1.4661
v  15.3564 37.5083 2.3610
v  16.4720 36.5665 2.6090
v  16.4720 35.4564 -1.2182
v  17.3875 35.4189 2.9111
v  17.3875 34.3088 -0.9160
v  18.0678 34.1095 3.2559
v  18.0678 32.9995 -0.5713
v  18.4868 32.6888 3.6299
v  18.4868 31.5788 -0.1973
v  18.6282 31.2113 4.0189
v  18.6282 30.1013 0.1917
v  18.4868 29.7339 4.4079
v  18.4868 28.6238 0.5807
v  18.0678 28.3132 4.7819
v  18.0678 27.2031 0.9547
v  17.3875 27.0038 5.1266
v  17.3875 25.8938 1.2995
v  16.4720 25.8562 5.4288
v  16.4720 24.7461 1.6016
v  15.3564 24.9144 5.6767
v  15.3564 23.8043 1.8496
v  14.0836 24.2145 5.8610
v  14.0836 23.1045 2.0338
v  12.7026 23.7835 5.9744
v  12.7026 22.6735 2.1473
v  11.2663 23.6380 6.0128
v  11.2663 22.5280 2.1856
v  9.8301 23.7835 5.9744
v  9.8301 22.6735 2.1473
v  8.4490 24.2145 5.8610
v  8.4490 23.1045 2.0338
v  7.1763 24.9144 5.6767
v  7.1763 23.8043 1.8496
v  6.0607 25.8562 5.4288
v  6.0607 24.7461 1.6016
v  5.1451 27.0038 5.1266
v  5.1451 25.8938 1.2995
v  4.4648 28.3132 4.7819
v  4.4648 27.2031 0.9547
v  4.0459 29.7339 4.4079
v  4.0459 28.6238 0.5807
v  3.9044 31.2113 4.0189
v  3.9044 30.1013 0.1917
v  4.0459 32.6888 3.6299
v  4.0459 31.5788 -0.1973
v  4.4648 34.1095 3.2559
v  4.4648 32.9995 -0.5713
v  5.1451 35.4189 2.9111
v  5.1451 34.3088 -0.9160
v  6.0607 36.5665 2.6090
v  6.0607 35.4564 -1.2182
v  7.1763 37.5083 2.3610
v  7.1763 36.3983 -1.4661
v  8.4490 38.2082 2.1768
v  8.4490 37.0981 -1.6504
v  5.4181 29.8165 3.6508
v  5.3036 31.0132 3.3358
v  16.2242 27.6053 4.2330
v  5.4181 32.2099 3.0207
v  15.4826 26.6758 4.4777
v  5.7574 33.3606 2.7178
v  14.5790 25.9130 4.6785
v  6.3085 34.4211 2.4386
v  13.5481 25.3461 4.8278
v  11.2663 37.1472 1.7208
v  12.4296 37.0293 1.7519
v  7.0500 35.3506 2.1938
v  12.4296 24.9971 4.9197
v  13.5481 36.6803 1.8438
v  7.9536 36.1134 1.9930
v  11.2663 24.8792 4.9507
v  14.5790 36.1134 1.9930
v  8.9845 36.6803 1.8438
v  10.1030 24.9971 4.9197
v  15.4826 35.3506 2.1938
v  10.1030 37.0293 1.7519
v  8.9845 25.3461 4.8278
v  16.2242 34.4211 2.4386
v  7.9536 25.9130 4.6785
v  16.7752 33.3606 2.7178
v  7.0500 26.6758 4.4777
v  17.1145 32.2099 3.0207
v  6.3085 27.6053 4.2330
v  17.2290 31.0132 3.3358
v  5.7574 28.6658 3.9538
v  11.2663 38.7995 2.2198
v  12.6952 38.6547 2.2579
v  11.2663 38.7346 2.4054
v  12.6743 38.5919 2.4429
v  11.2663 38.5998 2.5534
v  12.6430 38.4604 2.5901
v  14.0692 38.2259 2.3708
v  14.0282 38.1694 2.5542
v  13.9667 38.0473 2.6989
v  15.3354 37.5297 2.5541
v  15.2759 37.4834 2.7348
v  15.1867 37.3764 2.8755
v  16.4453 36.5927 2.8008
v  16.3695 36.5601 2.9779
v  16.2561 36.4737 3.1132
v  17.3562 35.4509 3.1014
v  17.2671 35.4350 3.2741
v  17.1336 35.3736 3.4028
v  18.0330 34.1482 3.4444
v  17.9340 34.1514 3.6120
v  17.7857 34.1186 3.7332
v  18.4498 32.7348 3.8165
v  18.3447 32.7587 3.9787
v  18.1873 32.7568 4.0917
v  18.5906 31.2649 4.2035
v  18.4833 31.3103 4.3600
v  18.3229 31.3406 4.4646
v  18.4498 29.7950 4.5905
v  18.3447 29.8619 4.7414
v  18.1873 29.9244 4.8374
v  18.0330 28.3815 4.9626
v  17.9340 28.4691 5.1080
v  17.7857 28.5626 5.1960
v  17.3562 27.0789 5.3056
v  17.2671 27.1855 5.4460
v  17.1336 27.3076 5.5264
v  16.4453 25.9371 5.6062
v  16.3695 26.0605 5.7421
v  16.2561 26.2076 5.8160
v  15.3354 25.0001 5.8529
v  15.2759 25.1372 5.9852
v  15.1867 25.3048 6.0537
v  14.0692 24.3038 6.0362
v  14.0282 24.4511 6.1659
v  13.9667 24.6340 6.2303
v  12.6952 23.8751 6.1490
v  12.6743 24.0286 6.2771
v  12.6430 24.2209 6.3391
v  11.2663 23.7303 6.1872
v  11.2663 23.8860 6.3147
v  11.2663 24.0814 6.3758
v  9.8374 23.8751 6.1490
v  9.8583 24.0286 6.2771
v  9.8896 24.2209 6.3391
v  8.4634 24.3038 6.0362
v  8.5045 24.4511 6.1659
v  8.5659 24.6340 6.2303
v  7.1972 25.0001 5.8529
v  7.2567 25.1372 5.9852
v  7.3459 25.3048 6.0537
v  6.0873 25.9371 5.6062
v  6.1631 26.0605 5.7421
v  6.2766 26.2076 5.8160
v  5.1764 27.0789 5.3056
v  5.2656 27.1855 5.4460
v  5.3990 27.3076 5.5264
v  4.4996 28.3815 4.9626
v  4.5986 28.4691 5.1080
v  4.7469 28.5626 5.1960
v  4.0828 29.7950 4.5905
v  4.1880 29.8619 4.7414
v  4.3453 29.9244 4.8374
v  3.9421 31.2649 4.2035
v  4.0493 31.3103 4.3600
v  4.2097 31.3406 4.4646
v  4.0828 32.7348 3.8165
v  4.1880 32.7587 3.9787
v  4.3453 32.7568 4.0917
v  4.4996 34.1482 3.4444
v  4.5986 34.1514 3.6120
v  4.7469 34.1186 3.7332
v  5.1764 35.4509 3.1014
v  5.2656 35.4350 3.2741
v  5.3990 35.3736 3.4028
v  6.0873 36.5927 2.8008
v  6.1631 36.5601 2.9779
v  6.2766 36.4737 3.1132
v  7.1972 37.5297 2.5541
v  7.2567 37.4834 2.7348
v  7.3459 37.3764 2.8755
v  8.4634 38.2259 2.3708
v  8.5045 38.1694 2.5542
v  8.5659 38.0473 2.6989
v  9.8374 38.6547 2.2579
v  9.8583 38.5919 2.4429
v  9.8896 38.4604 2.5901
# 256 vertices

vn 0.1951 0.9454 -0.2612
vn 0.1942 0.9669 -0.1656
vn 0.3808 0.9123 -0.1505
vn 0.3827 0.8905 -0.2461
vn 0.0396 0.3572 0.9332
vn 0.0202 0.3628 0.9316
vn 0.0000 0.2664 0.9639
vn 0.0576 0.3479 0.9357
vn 0.0733 0.3355 0.9392
vn 0.0861 0.3204 0.9434
vn 0.0957 0.3031 0.9481
vn 0.1016 0.2844 0.9533
vn 0.1036 0.2649 0.9587
vn 0.1016 0.2454 0.9641
vn 0.0957 0.2267 0.9692
vn 0.0861 0.2094 0.9740
vn 0.0733 0.1943 0.9782
vn 0.0576 0.1819 0.9816
vn 0.0396 0.1727 0.9842
vn 0.0202 0.1670 0.9858
vn 0.0000 0.1651 0.9863
vn -0.0202 0.1670 0.9858
vn -0.0396 0.1727 0.9842
vn -0.0576 0.1819 0.9816
vn -0.0732 0.1943 0.9782
vn -0.0861 0.2094 0.9740
vn -0.0957 0.2267 0.9692
vn -0.1016 0.2454 0.9641
vn -0.1036 0.2649 0.9587
vn -0.1016 0.2844 0.9533
vn -0.0957 0.3031 0.9481
vn -0.0861 0.3204 0.9434
vn -0.0732 0.3355 0.9392
vn -0.0576 0.3479 0.9357
vn -0.0396 0.3572 0.9332
vn -0.9239 0.3689 -0.1019
vn -0.9808 0.1880 -0.0520
vn -0.0202 0.3628 0.9316
vn 0.0000 0.3648 0.9311
vn 0.0000 0.9639 -0.2664
vn 0.0000 0.9853 -0.1707
vn -0.1951 0.9454 -0.2612
vn -0.1942 0.9669 -0.1656
vn 0.5556 0.8014 -0.2215
vn 0.5529 0.8237 -0.1260
vn 0.7037 0.7044 -0.0931
vn 0.7071 0.6816 -0.1883
vn 0.8275 0.5590 -0.0529
vn 0.8315 0.5355 -0.1480
vn 0.9194 0.3932 -0.0071
vn 0.9239 0.3689 -0.1019
vn 0.9761 0.2132 0.0426
vn 0.9808 0.1880 -0.0520
vn 0.9952 0.0261 0.0943
vn 1.0000 0.0000 -0.0000
vn 0.9761 -0.1611 0.1461
vn 0.9808 -0.1880 0.0520
vn 0.9194 -0.3410 0.1958
vn 0.9239 -0.3689 0.1019
vn 0.8275 -0.5069 0.2416
vn 0.8315 -0.5355 0.1480
vn 0.7037 -0.6522 0.2818
vn 0.7071 -0.6816 0.1883
vn 0.5529 -0.7715 0.3147
vn 0.5556 -0.8014 0.2215
vn 0.3808 -0.8602 0.3392
vn 0.3827 -0.8905 0.2461
vn 0.1942 -0.9147 0.3543
vn 0.1951 -0.9454 0.2612
vn 0.0000 -0.9332 0.3594
vn 0.0000 -0.9639 0.2664
vn -0.1942 -0.9147 0.3543
vn -0.1951 -0.9454 0.2612
vn -0.3808 -0.8602 0.3392
vn -0.3827 -0.8905 0.2461
vn -0.5529 -0.7715 0.3147
vn -0.5556 -0.8014 0.2215
vn -0.7037 -0.6522 0.2818
vn -0.7071 -0.6816 0.1883
vn -0.8275 -0.5069 0.2416
vn -0.8315 -0.5355 0.1480
vn -0.9194 -0.3410 0.1958
vn -0.9239 -0.3689 0.1019
vn -0.9761 -0.1611 0.1461
vn -0.9808 -0.1880 0.0520
vn -0.9952 0.0261 0.0943
vn -1.0000 0.0000 -0.0000
vn -0.9761 0.2132 0.0426
vn -0.9194 0.3932 -0.0071
vn -0.8275 0.5590 -0.0529
vn -0.8315 0.5355 -0.1480
vn -0.7037 0.7044 -0.0931
vn -0.7071 0.6816 -0.1883
vn -0.5529 0.8237 -0.1260
vn -0.5556 0.8014 -0.2215
vn -0.3808 0.9123 -0.1505
vn -0.3827 0.8905 -0.2461
vn 0.0000 0.9928 0.1198
vn 0.1805 0.9757 0.1245
vn 0.0000 0.8730 0.4877
vn 0.1388 0.8598 0.4914
vn 0.0000 0.6225 0.7826
vn 0.0764 0.6152 0.7847
vn 0.3540 0.9249 0.1385
vn 0.2723 0.8208 0.5022
vn 0.1498 0.5937 0.7906
vn 0.5139 0.8425 0.1613
vn 0.3953 0.7574 0.5197
vn 0.2175 0.5589 0.8002
vn 0.6541 0.7317 0.1919
vn 0.5031 0.6721 0.5432
vn 0.2768 0.5119 0.8132
vn 0.7691 0.5965 0.2293
vn 0.5916 0.5682 0.5720
vn 0.3255 0.4547 0.8290
vn 0.8546 0.4424 0.2719
vn 0.6574 0.4496 0.6047
vn 0.3617 0.3895 0.8470
vn 0.9073 0.2751 0.3181
vn 0.6979 0.3210 0.6403
vn 0.3840 0.3187 0.8666
vn 0.9250 0.1012 0.3662
vn 0.7115 0.1872 0.6773
vn 0.3915 0.2451 0.8869
vn 0.9073 -0.0728 0.4142
vn 0.6979 0.0534 0.7142
vn 0.3840 0.1715 0.9073
vn 0.8546 -0.2400 0.4604
vn 0.6574 -0.0753 0.7498
vn 0.3617 0.1007 0.9268
vn 0.7691 -0.3942 0.5030
vn 0.5916 -0.1939 0.7826
vn 0.3255 0.0354 0.9449
vn 0.6541 -0.5293 0.5404
vn 0.5031 -0.2978 0.8113
vn 0.2768 -0.0218 0.9607
vn 0.5139 -0.6402 0.5710
vn 0.3953 -0.3831 0.8348
vn 0.2175 -0.0687 0.9736
vn 0.3540 -0.7226 0.5938
vn 0.2723 -0.4465 0.8524
vn 0.1498 -0.1036 0.9833
vn 0.1805 -0.7733 0.6078
vn 0.1388 -0.4855 0.8631
vn 0.0764 -0.1250 0.9892
vn 0.0000 -0.7904 0.6125
vn 0.0000 -0.4987 0.8668
vn 0.0000 -0.1323 0.9912
vn -0.1805 -0.7733 0.6078
vn -0.1388 -0.4855 0.8631
vn -0.0764 -0.1250 0.9892
vn -0.3540 -0.7226 0.5938
vn -0.2723 -0.4465 0.8524
vn -0.1498 -0.1036 0.9833
vn -0.5139 -0.6402 0.5710
vn -0.3953 -0.3831 0.8348
vn -0.2175 -0.0687 0.9736
vn -0.6541 -0.5293 0.5404
vn -0.5031 -0.2978 0.8113
vn -0.2768 -0.0218 0.9607
vn -0.7691 -0.3942 0.5030
vn -0.5916 -0.1939 0.7825
vn -0.3255 0.0354 0.9449
vn -0.8546 -0.2400 0.4604
vn -0.6574 -0.0753 0.7498
vn -0.3617 0.1007 0.9268
vn -0.9073 -0.0728 0.4142
vn -0.6979 0.0533 0.7142
vn -0.3840 0.1715 0.9073
vn -0.9250 0.1012 0.3662
vn -0.7115 0.1872 0.6773
vn -0.3915 0.2451 0.8869
vn -0.9073 0.2751 0.3181
vn -0.6979 0.3210 0.6403
vn -0.3840 0.3187 0.8666
vn -0.8546 0.4424 0.2719
vn -0.6574 0.4496 0.6047
vn -0.3617 0.3895 0.8470
vn -0.7691 0.5965 0.2293
vn -0.5916 0.5682 0.5720
vn -0.3255 0.4547 0.8290
vn -0.6541 0.7317 0.1919
vn -0.5031 0.6721 0.5432
vn -0.2768 0.5119 0.8132
vn -0.5139 0.8425 0.1613
vn -0.3953 0.7574 0.5197
vn -0.2175 0.5589 0.8002
vn -0.3540 0.9249 0.1385
vn -0.2723 0.8208 0.5022
vn -0.1498 0.5937 0.7906
vn -0.1805 0.9757 0.1245
vn -0.1388 0.8598 0.4914
vn -0.0764 0.6152 0.7847
# 193 vertex normals

vt 0.9804 0.3462 0.0000
vt 0.9521 0.3462 0.0000
vt 0.9521 0.3357 0.0000
vt 0.9804 0.3357 0.0000
vt 0.8888 0.0626 0.0000
vt 0.8907 0.0721 0.0000
vt 0.8841 0.0728 0.0000
vt 0.8825 0.0645 0.0000
vt 0.8850 0.0535 0.0000
vt 0.8792 0.0566 0.0000
vt 0.8796 0.0454 0.0000
vt 0.8745 0.0496 0.0000
vt 0.8686 0.0436 0.0000
vt 0.8727 0.0385 0.0000
vt 0.8615 0.0389 0.0000
vt 0.8646 0.0331 0.0000
vt 0.8537 0.0357 0.0000
vt 0.8556 0.0294 0.0000
vt 0.8460 0.0275 0.0000
vt 0.8454 0.0340 0.0000
vt 0.8363 0.0275 0.0000
vt 0.8369 0.0340 0.0000
vt 0.8267 0.0294 0.0000
vt 0.8286 0.0357 0.0000
vt 0.8177 0.0331 0.0000
vt 0.8208 0.0389 0.0000
vt 0.8138 0.0436 0.0000
vt 0.8096 0.0385 0.0000
vt 0.8078 0.0496 0.0000
vt 0.8027 0.0454 0.0000
vt 0.8031 0.0566 0.0000
vt 0.7973 0.0535 0.0000
vt 0.7998 0.0645 0.0000
vt 0.7936 0.0626 0.0000
vt 0.7917 0.0721 0.0000
vt 0.7982 0.0728 0.0000
vt 0.7917 0.0819 0.0000
vt 0.7982 0.0812 0.0000
vt 0.7936 0.0914 0.0000
vt 0.7998 0.0895 0.0000
vt 0.7973 0.1004 0.0000
vt 0.8031 0.0973 0.0000
vt 0.8078 0.1044 0.0000
vt 0.8027 0.1085 0.0000
vt 0.8138 0.1104 0.0000
vt 0.8096 0.1154 0.0000
vt 0.8208 0.1151 0.0000
vt 0.8177 0.1208 0.0000
vt 0.8267 0.1246 0.0000
vt 0.8286 0.1183 0.0000
vt 0.8363 0.1265 0.0000
vt 0.8369 0.1200 0.0000
vt 0.8460 0.1265 0.0000
vt 0.8454 0.1200 0.0000
vt 0.8556 0.1246 0.0000
vt 0.8537 0.1183 0.0000
vt 0.8615 0.1151 0.0000
vt 0.8646 0.1208 0.0000
vt 0.8686 0.1104 0.0000
vt 0.8727 0.1154 0.0000
vt 0.8745 0.1044 0.0000
vt 0.8796 0.1085 0.0000
vt 0.8792 0.0973 0.0000
vt 0.8850 0.1004 0.0000
vt 0.1667 0.7360 0.0000
vt 0.1667 0.7275 0.0000
vt 0.1753 0.7275 0.0000
vt 0.1753 0.7360 0.0000
vt 0.8825 0.0895 0.0000
vt 0.8888 0.0914 0.0000
vt 0.8841 0.0812 0.0000
vt 0.8907 0.0819 0.0000
vt 0.9804 0.3566 0.0000
vt 0.9521 0.3566 0.0000
vt 0.9804 0.3671 0.0000
vt 0.9521 0.3671 0.0000
vt 0.9804 0.3253 0.0000
vt 0.9521 0.3253 0.0000
vt 0.9521 0.3148 0.0000
vt 0.9804 0.3148 0.0000
vt 0.9521 0.3044 0.0000
vt 0.9804 0.3044 0.0000
vt 0.9521 0.2939 0.0000
vt 0.9804 0.2939 0.0000
vt 0.9521 0.2835 0.0000
vt 0.9804 0.2835 0.0000
vt 0.9521 0.2730 0.0000
vt 0.9804 0.2730 0.0000
vt 0.9521 0.2626 0.0000
vt 0.9804 0.2626 0.0000
vt 0.9521 0.2521 0.0000
vt 0.9804 0.2521 0.0000
vt 0.9521 0.2417 0.0000
vt 0.9804 0.2417 0.0000
vt 0.9521 0.2312 0.0000
vt 0.9804 0.2312 0.0000
vt 0.9521 0.2208 0.0000
vt 0.9804 0.2208 0.0000
vt 0.9521 0.2103 0.0000
vt 0.9804 0.2103 0.0000
vt 0.9521 0.1999 0.0000
vt 0.9804 0.1999 0.0000
vt 0.9521 0.1894 0.0000
vt 0.9804 0.1894 0.0000
vt 0.9804 0.5239 0.0000
vt 0.9521 0.5239 0.0000
vt 0.9521 0.5134 0.0000
vt 0.9804 0.5134 0.0000
vt 0.9521 0.5030 0.0000
vt 0.9804 0.5030 0.0000
vt 0.9521 0.4925 0.0000
vt 0.9804 0.4925 0.0000
vt 0.9521 0.4821 0.0000
vt 0.9804 0.4821 0.0000
vt 0.9521 0.4716 0.0000
vt 0.9804 0.4716 0.0000
vt 0.9521 0.4612 0.0000
vt 0.9804 0.4612 0.0000
vt 0.9521 0.4507 0.0000
vt 0.9804 0.4507 0.0000
vt 0.9521 0.4403 0.0000
vt 0.9804 0.4403 0.0000
vt 0.9521 0.4298 0.0000
vt 0.9804 0.4298 0.0000
vt 0.9521 0.4193 0.0000
vt 0.9804 0.4193 0.0000
vt 0.9521 0.4089 0.0000
vt 0.9804 0.4089 0.0000
vt 0.9521 0.3984 0.0000
vt 0.9804 0.3984 0.0000
vt 0.9521 0.3880 0.0000
vt 0.9804 0.3880 0.0000
vt 0.9521 0.3775 0.0000
vt 0.9804 0.3775 0.0000
vt 0.1667 0.8545 0.0000
vt 0.1667 0.8460 0.0000
vt 0.1753 0.8460 0.0000
vt 0.1753 0.8545 0.0000
vt 0.1667 0.7444 0.0000
vt 0.1753 0.7444 0.0000
vt 0.1667 0.8629 0.0000
vt 0.1753 0.8629 0.0000
vt 0.1667 0.7529 0.0000
vt 0.1753 0.7529 0.0000
vt 0.1667 0.8714 0.0000
vt 0.1753 0.8714 0.0000
vt 0.1667 0.7614 0.0000
vt 0.1753 0.7614 0.0000
vt 0.1667 0.8799 0.0000
vt 0.1753 0.8799 0.0000
vt 0.1753 0.7698 0.0000
vt 0.1667 0.7698 0.0000
vt 0.1667 0.6513 0.0000
vt 0.1753 0.6513 0.0000
vt 0.1753 0.6598 0.0000
vt 0.1667 0.6598 0.0000
vt 0.1667 0.8883 0.0000
vt 0.1753 0.8883 0.0000
vt 0.1667 0.7783 0.0000
vt 0.1753 0.7783 0.0000
vt 0.1667 0.6682 0.0000
vt 0.1753 0.6682 0.0000
vt 0.1753 0.8968 0.0000
vt 0.1667 0.8968 0.0000
vt 0.1753 0.7868 0.0000
vt 0.1667 0.7868 0.0000
vt 0.1667 0.6767 0.0000
vt 0.1753 0.6767 0.0000
vt 0.1753 0.9053 0.0000
vt 0.1667 0.9053 0.0000
vt 0.1667 0.7952 0.0000
vt 0.1753 0.7952 0.0000
vt 0.1667 0.6852 0.0000
vt 0.1753 0.6852 0.0000
vt 0.1667 0.9137 0.0000
vt 0.1753 0.9137 0.0000
vt 0.1667 0.8037 0.0000
vt 0.1753 0.8037 0.0000
vt 0.1667 0.6936 0.0000
vt 0.1753 0.6936 0.0000
vt 0.1753 0.9222 0.0000
vt 0.1667 0.9222 0.0000
vt 0.1667 0.8121 0.0000
vt 0.1753 0.8121 0.0000
vt 0.1667 0.7021 0.0000
vt 0.1753 0.7021 0.0000
vt 0.1667 0.8206 0.0000
vt 0.1753 0.8206 0.0000
vt 0.1667 0.7106 0.0000
vt 0.1753 0.7106 0.0000
vt 0.1667 0.8291 0.0000
vt 0.1753 0.8291 0.0000
vt 0.1667 0.7190 0.0000
vt 0.1753 0.7190 0.0000
vt 0.1753 0.8375 0.0000
vt 0.1667 0.8375 0.0000
vt 0.4119 0.8026 0.0000
vt 0.4015 0.8006 0.0000
vt 0.4017 0.7991 0.0000
vt 0.4123 0.8013 0.0000
vt 0.4115 0.8040 0.0000
vt 0.4014 0.8020 0.0000
vt 0.4111 0.8053 0.0000
vt 0.4012 0.8034 0.0000
vt 0.4106 0.8067 0.0000
vt 0.4011 0.8048 0.0000
vt 0.3910 0.8006 0.0000
vt 0.3908 0.7991 0.0000
vt 0.3911 0.8020 0.0000
vt 0.3912 0.8034 0.0000
vt 0.3914 0.8048 0.0000
vt 0.3802 0.8013 0.0000
vt 0.3806 0.8026 0.0000
vt 0.3810 0.8040 0.0000
vt 0.3814 0.8053 0.0000
vt 0.3818 0.8067 0.0000
vt 0.3702 0.8054 0.0000
vt 0.3709 0.8067 0.0000
vt 0.3715 0.8079 0.0000
vt 0.3722 0.8092 0.0000
vt 0.3729 0.8104 0.0000
vt 0.3621 0.8125 0.0000
vt 0.3612 0.8114 0.0000
vt 0.3630 0.8136 0.0000
vt 0.3639 0.8147 0.0000
vt 0.3648 0.8158 0.0000
vt 0.3535 0.8191 0.0000
vt 0.3546 0.8200 0.0000
vt 0.3557 0.8209 0.0000
vt 0.3568 0.8218 0.0000
vt 0.3579 0.8227 0.0000
vt 0.3475 0.8281 0.0000
vt 0.3488 0.8288 0.0000
vt 0.3500 0.8294 0.0000
vt 0.3513 0.8301 0.0000
vt 0.3525 0.8307 0.0000
vt 0.3433 0.8381 0.0000
vt 0.3447 0.8385 0.0000
vt 0.3461 0.8389 0.0000
vt 0.3474 0.8393 0.0000
vt 0.3488 0.8397 0.0000
vt 0.3412 0.8487 0.0000
vt 0.3427 0.8489 0.0000
vt 0.3441 0.8490 0.0000
vt 0.3455 0.8491 0.0000
vt 0.3469 0.8493 0.0000
vt 0.3427 0.8594 0.0000
vt 0.3412 0.8595 0.0000
vt 0.3441 0.8593 0.0000
vt 0.3455 0.8591 0.0000
vt 0.3469 0.8590 0.0000
vt 0.3447 0.8698 0.0000
vt 0.3433 0.8702 0.0000
vt 0.3461 0.8693 0.0000
vt 0.3474 0.8689 0.0000
vt 0.3488 0.8685 0.0000
vt 0.3488 0.8795 0.0000
vt 0.3475 0.8802 0.0000
vt 0.3500 0.8788 0.0000
vt 0.3512 0.8782 0.0000
vt 0.3525 0.8775 0.0000
vt 0.3546 0.8883 0.0000
vt 0.3535 0.8892 0.0000
vt 0.3557 0.8874 0.0000
vt 0.3568 0.8865 0.0000
vt 0.3579 0.8856 0.0000
vt 0.3621 0.8957 0.0000
vt 0.3612 0.8968 0.0000
vt 0.3630 0.8946 0.0000
vt 0.3639 0.8935 0.0000
vt 0.3648 0.8925 0.0000
vt 0.3709 0.9016 0.0000
vt 0.3702 0.9029 0.0000
vt 0.3715 0.9003 0.0000
vt 0.3722 0.8991 0.0000
vt 0.3729 0.8979 0.0000
vt 0.3806 0.9056 0.0000
vt 0.3802 0.9070 0.0000
vt 0.3810 0.9043 0.0000
vt 0.3814 0.9029 0.0000
vt 0.3818 0.9016 0.0000
vt 0.3910 0.9077 0.0000
vt 0.3908 0.9091 0.0000
vt 0.3911 0.9063 0.0000
vt 0.3912 0.9049 0.0000
vt 0.3914 0.9035 0.0000
vt 0.4017 0.9091 0.0000
vt 0.4015 0.9077 0.0000
vt 0.4014 0.9063 0.0000
vt 0.4012 0.9049 0.0000
vt 0.4011 0.9035 0.0000
vt 0.4119 0.9056 0.0000
vt 0.4123 0.9070 0.0000
vt 0.4115 0.9043 0.0000
vt 0.4110 0.9029 0.0000
vt 0.4106 0.9016 0.0000
vt 0.4216 0.9016 0.0000
vt 0.4223 0.9029 0.0000
vt 0.4210 0.9003 0.0000
vt 0.4203 0.8991 0.0000
vt 0.4196 0.8979 0.0000
vt 0.4304 0.8957 0.0000
vt 0.4313 0.8969 0.0000
vt 0.4295 0.8946 0.0000
vt 0.4286 0.8936 0.0000
vt 0.4277 0.8925 0.0000
vt 0.4379 0.8883 0.0000
vt 0.4390 0.8892 0.0000
vt 0.4368 0.8874 0.0000
vt 0.4357 0.8865 0.0000
vt 0.4346 0.8856 0.0000
vt 0.4450 0.8802 0.0000
vt 0.4437 0.8795 0.0000
vt 0.4425 0.8788 0.0000
vt 0.4412 0.8782 0.0000
vt 0.4400 0.8775 0.0000
vt 0.4478 0.8698 0.0000
vt 0.4491 0.8702 0.0000
vt 0.4464 0.8694 0.0000
vt 0.4451 0.8690 0.0000
vt 0.4437 0.8685 0.0000
vt 0.4498 0.8594 0.0000
vt 0.4513 0.8596 0.0000
vt 0.4484 0.8593 0.0000
vt 0.4470 0.8591 0.0000
vt 0.4456 0.8590 0.0000
vt 0.4513 0.8487 0.0000
vt 0.4498 0.8489 0.0000
vt 0.4484 0.8490 0.0000
vt 0.4470 0.8492 0.0000
vt 0.4456 0.8493 0.0000
vt 0.4478 0.8385 0.0000
vt 0.4491 0.8381 0.0000
vt 0.4464 0.8389 0.0000
vt 0.4451 0.8393 0.0000
vt 0.4437 0.8398 0.0000
vt 0.4437 0.8288 0.0000
vt 0.4450 0.8281 0.0000
vt 0.4425 0.8294 0.0000
vt 0.4412 0.8301 0.0000
vt 0.4400 0.8308 0.0000
vt 0.4390 0.8191 0.0000
vt 0.4379 0.8200 0.0000
vt 0.4368 0.8209 0.0000
vt 0.4357 0.8218 0.0000
vt 0.4346 0.8227 0.0000
vt 0.4313 0.8114 0.0000
vt 0.4304 0.8125 0.0000
vt 0.4295 0.8136 0.0000
vt 0.4286 0.8147 0.0000
vt 0.4277 0.8158 0.0000
vt 0.4216 0.8067 0.0000
vt 0.4223 0.8054 0.0000
vt 0.4210 0.8079 0.0000
vt 0.4203 0.8092 0.0000
vt 0.4196 0.8104 0.0000
# 356 texture coords

o Window_Cylinder_007
g Window_Cylinder_007
usemtl Material__25
s 1
f 4153/5165/3753 4154/5166/3754 4155/5167/3755 
f 4155/5167/3755 4156/5168/3756 4153/5165/3753 
f 4157/5169/3757 4158/5170/3758 4159/5171/3759 
f 4159/5171/3759 4160/5172/3759 4157/5169/3757 
f 4161/5173/3760 4157/5169/3757 4160/5172/3759 
f 4160/5172/3759 4162/5174/3759 4161/5173/3760 
f 4163/5175/3761 4161/5173/3760 4162/5174/3759 
f 4162/5174/3759 4164/5176/3759 4163/5175/3761 
f 4164/5176/3759 4165/5177/3759 4166/5178/3762 
f 4166/5178/3762 4163/5175/3761 4164/5176/3759 
f 4167/5179/3759 4168/5180/3763 4166/5178/3762 
f 4166/5178/3762 4165/5177/3759 4167/5179/3759 
f 4169/5181/3759 4170/5182/3764 4168/5180/3763 
f 4168/5180/3763 4167/5179/3759 4169/5181/3759 
f 4171/5183/3765 4170/5182/3764 4169/5181/3759 
f 4169/5181/3759 4172/5184/3759 4171/5183/3765 
f 4173/5185/3766 4171/5183/3765 4172/5184/3759 
f 4172/5184/3759 4174/5186/3759 4173/5185/3766 
f 4175/5187/3767 4173/5185/3766 4174/5186/3759 
f 4174/5186/3759 4176/5188/3759 4175/5187/3767 
f 4177/5189/3768 4175/5187/3767 4176/5188/3759 
f 4176/5188/3759 4178/5190/3759 4177/5189/3768 
f 4178/5190/3759 4179/5191/3759 4180/5192/3769 
f 4180/5192/3769 4177/5189/3768 4178/5190/3759 
f 4179/5191/3759 4181/5193/3759 4182/5194/3770 
f 4182/5194/3770 4180/5192/3769 4179/5191/3759 
f 4183/5195/3759 4184/5196/3771 4182/5194/3770 
f 4182/5194/3770 4181/5193/3759 4183/5195/3759 
f 4185/5197/3759 4186/5198/3772 4184/5196/3771 
f 4184/5196/3771 4183/5195/3759 4185/5197/3759 
f 4187/5199/3773 4186/5198/3772 4185/5197/3759 
f 4185/5197/3759 4188/5200/3759 4187/5199/3773 
f 4189/5201/3774 4187/5199/3773 4188/5200/3759 
f 4188/5200/3759 4190/5202/3759 4189/5201/3774 
f 4191/5203/3775 4189/5201/3774 4190/5202/3759 
f 4190/5202/3759 4192/5204/3759 4191/5203/3775 
f 4193/5205/3776 4191/5203/3775 4192/5204/3759 
f 4192/5204/3759 4194/5206/3759 4193/5205/3776 
f 4194/5206/3759 4195/5207/3759 4196/5208/3777 
f 4196/5208/3777 4193/5205/3776 4194/5206/3759 
f 4197/5209/3759 4198/5210/3778 4196/5208/3777 
f 4196/5208/3777 4195/5207/3759 4197/5209/3759 
f 4199/5211/3759 4200/5212/3779 4198/5210/3778 
f 4198/5210/3778 4197/5209/3759 4199/5211/3759 
f 4201/5213/3780 4200/5212/3779 4199/5211/3759 
f 4199/5211/3759 4202/5214/3759 4201/5213/3780 
f 4203/5215/3781 4201/5213/3780 4202/5214/3759 
f 4202/5214/3759 4204/5216/3759 4203/5215/3781 
f 4205/5217/3782 4203/5215/3781 4204/5216/3759 
f 4204/5216/3759 4206/5218/3759 4205/5217/3782 
f 4207/5219/3783 4205/5217/3782 4206/5218/3759 
f 4206/5218/3759 4208/5220/3759 4207/5219/3783 
f 4208/5220/3759 4209/5221/3759 4210/5222/3784 
f 4210/5222/3784 4207/5219/3783 4208/5220/3759 
f 4209/5221/3759 4211/5223/3759 4212/5224/3785 
f 4212/5224/3785 4210/5222/3784 4209/5221/3759 
f 4213/5225/3759 4214/5226/3786 4212/5224/3785 
f 4212/5224/3785 4211/5223/3759 4213/5225/3759 
f 4215/5227/3759 4216/5228/3787 4214/5226/3786 
f 4214/5226/3786 4213/5225/3759 4215/5227/3759 
f 4176/5229/3788 4174/5230/3789 4217/5231/3789 
f 4217/5231/3789 4218/5232/3788 4176/5229/3788 
f 4219/5233/3759 4220/5234/3790 4216/5228/3787 
f 4216/5228/3787 4215/5227/3759 4219/5233/3759 
f 4219/5233/3759 4221/5235/3759 4222/5236/3791 
f 4222/5236/3791 4220/5234/3790 4219/5233/3759 
f 4223/5237/3792 4224/5238/3793 4154/5166/3754 
f 4154/5166/3754 4153/5165/3753 4223/5237/3792 
f 4225/5239/3794 4226/5240/3795 4224/5238/3793 
f 4224/5238/3793 4223/5237/3792 4225/5239/3794 
f 4227/5241/3796 4228/5242/3797 4229/5243/3798 
f 4229/5243/3798 4230/5244/3799 4227/5241/3796 
f 4230/5244/3799 4229/5243/3798 4231/5245/3800 
f 4231/5245/3800 4232/5246/3801 4230/5244/3799 
f 4231/5245/3800 4233/5247/3802 4234/5248/3803 
f 4234/5248/3803 4232/5246/3801 4231/5245/3800 
f 4233/5247/3802 4235/5249/3804 4236/5250/3805 
f 4236/5250/3805 4234/5248/3803 4233/5247/3802 
f 4236/5250/3805 4235/5249/3804 4237/5251/3806 
f 4237/5251/3806 4238/5252/3807 4236/5250/3805 
f 4238/5252/3807 4237/5251/3806 4239/5253/3808 
f 4239/5253/3808 4240/5254/3809 4238/5252/3807 
f 4240/5254/3809 4239/5253/3808 4241/5255/3810 
f 4241/5255/3810 4242/5256/3811 4240/5254/3809 
f 4243/5257/3812 4244/5258/3813 4242/5256/3811 
f 4242/5256/3811 4241/5255/3810 4243/5257/3812 
f 4244/5258/3813 4243/5257/3812 4245/5259/3814 
f 4245/5259/3814 4246/5260/3815 4244/5258/3813 
f 4245/5259/3814 4247/5261/3816 4248/5262/3817 
f 4248/5262/3817 4246/5260/3815 4245/5259/3814 
f 4247/5261/3816 4249/5263/3818 4250/5264/3819 
f 4250/5264/3819 4248/5262/3817 4247/5261/3816 
f 4250/5264/3819 4249/5263/3818 4251/5265/3820 
f 4251/5265/3820 4252/5266/3821 4250/5264/3819 
f 4252/5266/3821 4251/5265/3820 4253/5267/3822 
f 4253/5267/3822 4254/5268/3823 4252/5266/3821 
f 4254/5269/3823 4253/5270/3822 4255/5271/3824 
f 4255/5271/3824 4256/5272/3825 4254/5269/3823 
f 4256/5272/3825 4255/5271/3824 4257/5273/3826 
f 4257/5273/3826 4258/5274/3827 4256/5272/3825 
f 4258/5274/3827 4257/5273/3826 4259/5275/3828 
f 4259/5275/3828 4260/5276/3829 4258/5274/3827 
f 4260/5276/3829 4259/5275/3828 4261/5277/3830 
f 4261/5277/3830 4262/5278/3831 4260/5276/3829 
f 4261/5277/3830 4263/5279/3832 4264/5280/3833 
f 4264/5280/3833 4262/5278/3831 4261/5277/3830 
f 4263/5279/3832 4265/5281/3834 4266/5282/3835 
f 4266/5282/3835 4264/5280/3833 4263/5279/3832 
f 4266/5282/3835 4265/5281/3834 4267/5283/3836 
f 4267/5283/3836 4268/5284/3837 4266/5282/3835 
f 4268/5284/3837 4267/5283/3836 4269/5285/3838 
f 4269/5285/3838 4270/5286/3839 4268/5284/3837 
f 4270/5286/3839 4269/5285/3838 4271/5287/3840 
f 4271/5287/3840 4272/5288/3789 4270/5286/3839 
f 4272/5288/3789 4271/5287/3840 4273/5289/3841 
f 4273/5289/3841 4274/5290/3788 4272/5288/3789 
f 4274/5290/3788 4273/5289/3841 4275/5291/3842 
f 4275/5291/3842 4276/5292/3843 4274/5290/3788 
f 4276/5292/3843 4275/5291/3842 4277/5293/3844 
f 4277/5293/3844 4278/5294/3845 4276/5292/3843 
f 4277/5293/3844 4279/5295/3846 4280/5296/3847 
f 4280/5296/3847 4278/5294/3845 4277/5293/3844 
f 4279/5295/3846 4281/5297/3848 4282/5298/3849 
f 4282/5298/3849 4280/5296/3847 4279/5295/3846 
f 4281/5297/3848 4226/5240/3795 4225/5239/3794 
f 4225/5239/3794 4282/5298/3849 4281/5297/3848 
f 4156/5168/3756 4155/5167/3755 4228/5242/3797 
f 4228/5242/3797 4227/5241/3796 4156/5168/3756 
f 4204/5299/3807 4202/5300/3805 4283/5301/3805 
f 4283/5301/3805 4284/5302/3807 4204/5299/3807 
f 4178/5303/3843 4176/5229/3788 4218/5232/3788 
f 4218/5232/3788 4285/5304/3843 4178/5303/3843 
f 4206/5305/3809 4204/5299/3807 4284/5302/3807 
f 4284/5302/3807 4286/5306/3809 4206/5305/3809 
f 4179/5307/3845 4178/5303/3843 4285/5304/3843 
f 4285/5304/3843 4287/5308/3845 4179/5307/3845 
f 4208/5309/3811 4206/5305/3809 4286/5306/3809 
f 4286/5306/3809 4288/5310/3811 4208/5309/3811 
f 4181/5311/3847 4179/5307/3845 4287/5308/3845 
f 4287/5308/3845 4289/5312/3847 4181/5311/3847 
f 4209/5313/3813 4208/5309/3811 4288/5310/3811 
f 4288/5310/3811 4290/5314/3813 4209/5313/3813 
f 4291/5315/3849 4183/5316/3849 4181/5311/3847 
f 4181/5311/3847 4289/5312/3847 4291/5315/3849 
f 4221/5317/3823 4292/5318/3823 4293/5319/3825 
f 4293/5319/3825 4159/5320/3825 4221/5317/3823 
f 4211/5321/3815 4209/5313/3813 4290/5314/3813 
f 4290/5314/3813 4294/5322/3815 4211/5321/3815 
f 4185/5323/3794 4183/5316/3849 4291/5315/3849 
f 4291/5315/3849 4295/5324/3794 4185/5323/3794 
f 4160/5325/3827 4159/5320/3825 4293/5319/3825 
f 4293/5319/3825 4296/5326/3827 4160/5325/3827 
f 4297/5327/3817 4213/5328/3817 4211/5321/3815 
f 4211/5321/3815 4294/5322/3815 4297/5327/3817 
f 4295/5324/3794 4298/5329/3792 4188/5330/3792 
f 4188/5330/3792 4185/5323/3794 4295/5324/3794 
f 4162/5331/3829 4160/5325/3827 4296/5326/3827 
f 4296/5326/3827 4299/5332/3829 4162/5331/3829 
f 4297/5327/3817 4300/5333/3819 4215/5334/3819 
f 4215/5334/3819 4213/5328/3817 4297/5327/3817 
f 4190/5335/3753 4188/5330/3792 4298/5329/3792 
f 4298/5329/3792 4301/5336/3753 4190/5335/3753 
f 4164/5337/3831 4162/5331/3829 4299/5332/3829 
f 4299/5332/3829 4302/5338/3831 4164/5337/3831 
f 4219/5339/3821 4215/5334/3819 4300/5333/3819 
f 4300/5333/3819 4303/5340/3821 4219/5339/3821 
f 4192/5341/3756 4190/5335/3753 4301/5336/3753 
f 4301/5336/3753 4304/5342/3756 4192/5341/3756 
f 4165/5343/3833 4164/5337/3831 4302/5338/3831 
f 4302/5338/3831 4305/5344/3833 4165/5343/3833 
f 4219/5339/3821 4303/5340/3821 4292/5345/3823 
f 4292/5345/3823 4221/5346/3823 4219/5339/3821 
f 4194/5347/3796 4192/5341/3756 4304/5342/3756 
f 4304/5342/3756 4306/5348/3796 4194/5347/3796 
f 4167/5349/3835 4165/5343/3833 4305/5344/3833 
f 4305/5344/3833 4307/5350/3835 4167/5349/3835 
f 4195/5351/3799 4194/5347/3796 4306/5348/3796 
f 4306/5348/3796 4308/5352/3799 4195/5351/3799 
f 4169/5353/3837 4167/5349/3835 4307/5350/3835 
f 4307/5350/3835 4309/5354/3837 4169/5353/3837 
f 4197/5355/3801 4195/5351/3799 4308/5352/3799 
f 4308/5352/3799 4310/5356/3801 4197/5355/3801 
f 4172/5357/3839 4169/5353/3837 4309/5354/3837 
f 4309/5354/3837 4311/5358/3839 4172/5357/3839 
f 4310/5356/3801 4312/5359/3803 4199/5360/3803 
f 4199/5360/3803 4197/5355/3801 4310/5356/3801 
f 4174/5230/3789 4172/5357/3839 4311/5358/3839 
f 4311/5358/3839 4217/5231/3789 4174/5230/3789 
f 4312/5359/3803 4283/5301/3805 4202/5300/3805 
f 4202/5300/3805 4199/5360/3803 4312/5359/3803 
f 4313/5361/3850 4314/5362/3851 4154/5363/3754 
f 4154/5363/3754 4224/5364/3793 4313/5361/3850 
f 4313/5361/3850 4315/5365/3852 4316/5366/3853 
f 4316/5366/3853 4314/5362/3851 4313/5361/3850 
f 4315/5365/3852 4317/5367/3854 4318/5368/3855 
f 4318/5368/3855 4316/5366/3853 4315/5365/3852 
f 4318/5368/3855 4317/5367/3854 4222/5369/3791 
f 4222/5369/3791 4158/5370/3758 4318/5368/3855 
f 4314/5362/3851 4319/5371/3856 4155/5372/3755 
f 4155/5372/3755 4154/5363/3754 4314/5362/3851 
f 4316/5366/3853 4320/5373/3857 4319/5371/3856 
f 4319/5371/3856 4314/5362/3851 4316/5366/3853 
f 4318/5368/3855 4321/5374/3858 4320/5373/3857 
f 4320/5373/3857 4316/5366/3853 4318/5368/3855 
f 4158/5370/3758 4157/5375/3757 4321/5374/3858 
f 4321/5374/3858 4318/5368/3855 4158/5370/3758 
f 4228/5376/3797 4155/5372/3755 4319/5371/3856 
f 4319/5371/3856 4322/5377/3859 4228/5376/3797 
f 4322/5377/3859 4319/5371/3856 4320/5373/3857 
f 4320/5373/3857 4323/5378/3860 4322/5377/3859 
f 4323/5378/3860 4320/5373/3857 4321/5374/3858 
f 4321/5374/3858 4324/5379/3861 4323/5378/3860 
f 4157/5375/3757 4161/5380/3760 4324/5379/3861 
f 4324/5379/3861 4321/5374/3858 4157/5375/3757 
f 4229/5381/3798 4228/5376/3797 4322/5377/3859 
f 4322/5377/3859 4325/5382/3862 4229/5381/3798 
f 4322/5377/3859 4323/5378/3860 4326/5383/3863 
f 4326/5383/3863 4325/5382/3862 4322/5377/3859 
f 4323/5378/3860 4324/5379/3861 4327/5384/3864 
f 4327/5384/3864 4326/5383/3863 4323/5378/3860 
f 4161/5380/3760 4163/5385/3761 4327/5384/3864 
f 4327/5384/3864 4324/5379/3861 4161/5380/3760 
f 4325/5382/3862 4328/5386/3865 4231/5387/3800 
f 4231/5387/3800 4229/5381/3798 4325/5382/3862 
f 4328/5386/3865 4325/5382/3862 4326/5383/3863 
f 4326/5383/3863 4329/5388/3866 4328/5386/3865 
f 4327/5384/3864 4330/5389/3867 4329/5388/3866 
f 4329/5388/3866 4326/5383/3863 4327/5384/3864 
f 4330/5389/3867 4327/5384/3864 4163/5385/3761 
f 4163/5385/3761 4166/5390/3762 4330/5389/3867 
f 4233/5391/3802 4231/5387/3800 4328/5386/3865 
f 4328/5386/3865 4331/5392/3868 4233/5391/3802 
f 4331/5392/3868 4328/5386/3865 4329/5388/3866 
f 4329/5388/3866 4332/5393/3869 4331/5392/3868 
f 4332/5393/3869 4329/5388/3866 4330/5389/3867 
f 4330/5389/3867 4333/5394/3870 4332/5393/3869 
f 4166/5390/3762 4168/5395/3763 4333/5394/3870 
f 4333/5394/3870 4330/5389/3867 4166/5390/3762 
f 4235/5396/3804 4233/5391/3802 4331/5392/3868 
f 4331/5392/3868 4334/5397/3871 4235/5396/3804 
f 4334/5397/3871 4331/5392/3868 4332/5393/3869 
f 4332/5393/3869 4335/5398/3872 4334/5397/3871 
f 4335/5398/3872 4332/5393/3869 4333/5394/3870 
f 4333/5394/3870 4336/5399/3873 4335/5398/3872 
f 4168/5395/3763 4170/5400/3764 4336/5399/3873 
f 4336/5399/3873 4333/5394/3870 4168/5395/3763 
f 4237/5401/3806 4235/5396/3804 4334/5397/3871 
f 4334/5397/3871 4337/5402/3874 4237/5401/3806 
f 4337/5402/3874 4334/5397/3871 4335/5398/3872 
f 4335/5398/3872 4338/5403/3875 4337/5402/3874 
f 4338/5403/3875 4335/5398/3872 4336/5399/3873 
f 4336/5399/3873 4339/5404/3876 4338/5403/3875 
f 4170/5400/3764 4171/5405/3765 4339/5404/3876 
f 4339/5404/3876 4336/5399/3873 4170/5400/3764 
f 4239/5406/3808 4237/5401/3806 4337/5402/3874 
f 4337/5402/3874 4340/5407/3877 4239/5406/3808 
f 4340/5407/3877 4337/5402/3874 4338/5403/3875 
f 4338/5403/3875 4341/5408/3878 4340/5407/3877 
f 4341/5408/3878 4338/5403/3875 4339/5404/3876 
f 4339/5404/3876 4342/5409/3879 4341/5408/3878 
f 4171/5405/3765 4173/5410/3766 4342/5409/3879 
f 4342/5409/3879 4339/5404/3876 4171/5405/3765 
f 4340/5407/3877 4343/5411/3880 4241/5412/3810 
f 4241/5412/3810 4239/5406/3808 4340/5407/3877 
f 4343/5411/3880 4340/5407/3877 4341/5408/3878 
f 4341/5408/3878 4344/5413/3881 4343/5411/3880 
f 4344/5413/3881 4341/5408/3878 4342/5409/3879 
f 4342/5409/3879 4345/5414/3882 4344/5413/3881 
f 4175/5415/3767 4345/5414/3882 4342/5409/3879 
f 4342/5409/3879 4173/5410/3766 4175/5415/3767 
f 4343/5411/3880 4346/5416/3883 4243/5417/3812 
f 4243/5417/3812 4241/5412/3810 4343/5411/3880 
f 4344/5413/3881 4347/5418/3884 4346/5416/3883 
f 4346/5416/3883 4343/5411/3880 4344/5413/3881 
f 4347/5418/3884 4344/5413/3881 4345/5414/3882 
f 4345/5414/3882 4348/5419/3885 4347/5418/3884 
f 4175/5415/3767 4177/5420/3768 4348/5419/3885 
f 4348/5419/3885 4345/5414/3882 4175/5415/3767 
f 4346/5416/3883 4349/5421/3886 4245/5422/3814 
f 4245/5422/3814 4243/5417/3812 4346/5416/3883 
f 4349/5421/3886 4346/5416/3883 4347/5418/3884 
f 4347/5418/3884 4350/5423/3887 4349/5421/3886 
f 4350/5423/3887 4347/5418/3884 4348/5419/3885 
f 4348/5419/3885 4351/5424/3888 4350/5423/3887 
f 4177/5420/3768 4180/5425/3769 4351/5424/3888 
f 4351/5424/3888 4348/5419/3885 4177/5420/3768 
f 4349/5421/3886 4352/5426/3889 4247/5427/3816 
f 4247/5427/3816 4245/5422/3814 4349/5421/3886 
f 4350/5423/3887 4353/5428/3890 4352/5426/3889 
f 4352/5426/3889 4349/5421/3886 4350/5423/3887 
f 4353/5428/3890 4350/5423/3887 4351/5424/3888 
f 4351/5424/3888 4354/5429/3891 4353/5428/3890 
f 4180/5425/3769 4182/5430/3770 4354/5429/3891 
f 4354/5429/3891 4351/5424/3888 4180/5425/3769 
f 4352/5426/3889 4355/5431/3892 4249/5432/3818 
f 4249/5432/3818 4247/5427/3816 4352/5426/3889 
f 4353/5428/3890 4356/5433/3893 4355/5431/3892 
f 4355/5431/3892 4352/5426/3889 4353/5428/3890 
f 4356/5433/3893 4353/5428/3890 4354/5429/3891 
f 4354/5429/3891 4357/5434/3894 4356/5433/3893 
f 4182/5430/3770 4184/5435/3771 4357/5434/3894 
f 4357/5434/3894 4354/5429/3891 4182/5430/3770 
f 4355/5431/3892 4358/5436/3895 4251/5437/3820 
f 4251/5437/3820 4249/5432/3818 4355/5431/3892 
f 4358/5436/3895 4355/5431/3892 4356/5433/3893 
f 4356/5433/3893 4359/5438/3896 4358/5436/3895 
f 4359/5438/3896 4356/5433/3893 4357/5434/3894 
f 4357/5434/3894 4360/5439/3897 4359/5438/3896 
f 4184/5435/3771 4186/5440/3772 4360/5439/3897 
f 4360/5439/3897 4357/5434/3894 4184/5435/3771 
f 4358/5436/3895 4361/5441/3898 4253/5442/3822 
f 4253/5442/3822 4251/5437/3820 4358/5436/3895 
f 4362/5443/3899 4361/5441/3898 4358/5436/3895 
f 4358/5436/3895 4359/5438/3896 4362/5443/3899 
f 4363/5444/3900 4362/5443/3899 4359/5438/3896 
f 4359/5438/3896 4360/5439/3897 4363/5444/3900 
f 4187/5445/3773 4363/5444/3900 4360/5439/3897 
f 4360/5439/3897 4186/5440/3772 4187/5445/3773 
f 4361/5441/3898 4364/5446/3901 4255/5447/3824 
f 4255/5447/3824 4253/5442/3822 4361/5441/3898 
f 4364/5446/3901 4361/5441/3898 4362/5443/3899 
f 4362/5443/3899 4365/5448/3902 4364/5446/3901 
f 4363/5444/3900 4366/5449/3903 4365/5448/3902 
f 4365/5448/3902 4362/5443/3899 4363/5444/3900 
f 4366/5449/3903 4363/5444/3900 4187/5445/3773 
f 4187/5445/3773 4189/5450/3774 4366/5449/3903 
f 4257/5451/3826 4255/5447/3824 4364/5446/3901 
f 4364/5446/3901 4367/5452/3904 4257/5451/3826 
f 4367/5452/3904 4364/5446/3901 4365/5448/3902 
f 4365/5448/3902 4368/5453/3905 4367/5452/3904 
f 4366/5449/3903 4369/5454/3906 4368/5453/3905 
f 4368/5453/3905 4365/5448/3902 4366/5449/3903 
f 4369/5454/3906 4366/5449/3903 4189/5450/3774 
f 4189/5450/3774 4191/5455/3775 4369/5454/3906 
f 4367/5452/3904 4370/5456/3907 4259/5457/3828 
f 4259/5457/3828 4257/5451/3826 4367/5452/3904 
f 4368/5453/3905 4371/5458/3908 4370/5456/3907 
f 4370/5456/3907 4367/5452/3904 4368/5453/3905 
f 4371/5458/3908 4368/5453/3905 4369/5454/3906 
f 4369/5454/3906 4372/5459/3909 4371/5458/3908 
f 4191/5455/3775 4193/5460/3776 4372/5459/3909 
f 4372/5459/3909 4369/5454/3906 4191/5455/3775 
f 4370/5456/3907 4373/5461/3910 4261/5462/3830 
f 4261/5462/3830 4259/5457/3828 4370/5456/3907 
f 4373/5461/3910 4370/5456/3907 4371/5458/3908 
f 4371/5458/3908 4374/5463/3911 4373/5461/3910 
f 4372/5459/3909 4375/5464/3912 4374/5463/3911 
f 4374/5463/3911 4371/5458/3908 4372/5459/3909 
f 4375/5464/3912 4372/5459/3909 4193/5460/3776 
f 4193/5460/3776 4196/5465/3777 4375/5464/3912 
f 4373/5461/3910 4376/5466/3913 4263/5467/3832 
f 4263/5467/3832 4261/5462/3830 4373/5461/3910 
f 4376/5466/3913 4373/5461/3910 4374/5463/3911 
f 4374/5463/3911 4377/5468/3914 4376/5466/3913 
f 4375/5464/3912 4378/5469/3915 4377/5468/3914 
f 4377/5468/3914 4374/5463/3911 4375/5464/3912 
f 4378/5469/3915 4375/5464/3912 4196/5465/3777 
f 4196/5465/3777 4198/5470/3778 4378/5469/3915 
f 4376/5466/3913 4379/5471/3916 4265/5472/3834 
f 4265/5472/3834 4263/5467/3832 4376/5466/3913 
f 4379/5471/3916 4376/5466/3913 4377/5468/3914 
f 4377/5468/3914 4380/5473/3917 4379/5471/3916 
f 4380/5473/3917 4377/5468/3914 4378/5469/3915 
f 4378/5469/3915 4381/5474/3918 4380/5473/3917 
f 4198/5470/3778 4200/5475/3779 4381/5474/3918 
f 4381/5474/3918 4378/5469/3915 4198/5470/3778 
f 4267/5476/3836 4265/5472/3834 4379/5471/3916 
f 4379/5471/3916 4382/5477/3919 4267/5476/3836 
f 4380/5473/3917 4383/5478/3920 4382/5477/3919 
f 4382/5477/3919 4379/5471/3916 4380/5473/3917 
f 4383/5478/3920 4380/5473/3917 4381/5474/3918 
f 4381/5474/3918 4384/5479/3921 4383/5478/3920 
f 4201/5480/3780 4384/5479/3921 4381/5474/3918 
f 4381/5474/3918 4200/5475/3779 4201/5480/3780 
f 4382/5477/3919 4385/5481/3922 4269/5482/3838 
f 4269/5482/3838 4267/5476/3836 4382/5477/3919 
f 4383/5478/3920 4386/5483/3923 4385/5481/3922 
f 4385/5481/3922 4382/5477/3919 4383/5478/3920 
f 4384/5479/3921 4387/5484/3924 4386/5483/3923 
f 4386/5483/3923 4383/5478/3920 4384/5479/3921 
f 4387/5484/3924 4384/5479/3921 4201/5480/3780 
f 4201/5480/3780 4203/5485/3781 4387/5484/3924 
f 4385/5481/3922 4388/5486/3925 4271/5487/3840 
f 4271/5487/3840 4269/5482/3838 4385/5481/3922 
f 4386/5483/3923 4389/5488/3926 4388/5486/3925 
f 4388/5486/3925 4385/5481/3922 4386/5483/3923 
f 4390/5489/3927 4389/5488/3926 4386/5483/3923 
f 4386/5483/3923 4387/5484/3924 4390/5489/3927 
f 4203/5485/3781 4205/5490/3782 4390/5489/3927 
f 4390/5489/3927 4387/5484/3924 4203/5485/3781 
f 4273/5491/3841 4271/5487/3840 4388/5486/3925 
f 4388/5486/3925 4391/5492/3928 4273/5491/3841 
f 4391/5492/3928 4388/5486/3925 4389/5488/3926 
f 4389/5488/3926 4392/5493/3929 4391/5492/3928 
f 4392/5493/3929 4389/5488/3926 4390/5489/3927 
f 4390/5489/3927 4393/5494/3930 4392/5493/3929 
f 4205/5490/3782 4207/5495/3783 4393/5494/3930 
f 4393/5494/3930 4390/5489/3927 4205/5490/3782 
f 4391/5492/3928 4394/5496/3931 4275/5497/3842 
f 4275/5497/3842 4273/5491/3841 4391/5492/3928 
f 4392/5493/3929 4395/5498/3932 4394/5496/3931 
f 4394/5496/3931 4391/5492/3928 4392/5493/3929 
f 4395/5498/3932 4392/5493/3929 4393/5494/3930 
f 4393/5494/3930 4396/5499/3933 4395/5498/3932 
f 4396/5499/3933 4393/5494/3930 4207/5495/3783 
f 4207/5495/3783 4210/5500/3784 4396/5499/3933 
f 4394/5496/3931 4397/5501/3934 4277/5502/3844 
f 4277/5502/3844 4275/5497/3842 4394/5496/3931 
f 4394/5496/3931 4395/5498/3932 4398/5503/3935 
f 4398/5503/3935 4397/5501/3934 4394/5496/3931 
f 4396/5499/3933 4399/5504/3936 4398/5503/3935 
f 4398/5503/3935 4395/5498/3932 4396/5499/3933 
f 4399/5504/3936 4396/5499/3933 4210/5500/3784 
f 4210/5500/3784 4212/5505/3785 4399/5504/3936 
f 4279/5506/3846 4277/5502/3844 4397/5501/3934 
f 4397/5501/3934 4400/5507/3937 4279/5506/3846 
f 4400/5507/3937 4397/5501/3934 4398/5503/3935 
f 4398/5503/3935 4401/5508/3938 4400/5507/3937 
f 4398/5503/3935 4399/5504/3936 4402/5509/3939 
f 4402/5509/3939 4401/5508/3938 4398/5503/3935 
f 4214/5510/3786 4402/5509/3939 4399/5504/3936 
f 4399/5504/3936 4212/5505/3785 4214/5510/3786 
f 4281/5511/3848 4279/5506/3846 4400/5507/3937 
f 4400/5507/3937 4403/5512/3940 4281/5511/3848 
f 4401/5508/3938 4404/5513/3941 4403/5512/3940 
f 4403/5512/3940 4400/5507/3937 4401/5508/3938 
f 4404/5513/3941 4401/5508/3938 4402/5509/3939 
f 4402/5509/3939 4405/5514/3942 4404/5513/3941 
f 4405/5514/3942 4402/5509/3939 4214/5510/3786 
f 4214/5510/3786 4216/5515/3787 4405/5514/3942 
f 4403/5512/3940 4406/5516/3943 4226/5517/3795 
f 4226/5517/3795 4281/5511/3848 4403/5512/3940 
f 4404/5513/3941 4407/5518/3944 4406/5516/3943 
f 4406/5516/3943 4403/5512/3940 4404/5513/3941 
f 4407/5518/3944 4404/5513/3941 4405/5514/3942 
f 4405/5514/3942 4408/5519/3945 4407/5518/3944 
f 4216/5515/3787 4220/5520/3790 4408/5519/3945 
f 4408/5519/3945 4405/5514/3942 4216/5515/3787 
f 4224/5364/3793 4226/5517/3795 4406/5516/3943 
f 4406/5516/3943 4313/5361/3850 4224/5364/3793 
f 4407/5518/3944 4315/5365/3852 4313/5361/3850 
f 4313/5361/3850 4406/5516/3943 4407/5518/3944 
f 4408/5519/3945 4317/5367/3854 4315/5365/3852 
f 4315/5365/3852 4407/5518/3944 4408/5519/3945 
f 4408/5519/3945 4220/5520/3790 4222/5369/3791 
f 4222/5369/3791 4317/5367/3854 4408/5519/3945 
f 4221/5235/3759 4159/5171/3759 4158/5170/3758 
f 4158/5170/3758 4222/5236/3791 4221/5235/3759 
# 448 faces

#
# object Window_001_Cylinder_008
#

v  12.2747 36.7656 3.8140
v  11.2663 36.8677 3.7871
v  11.2663 36.1658 4.3186
v  12.1239 36.0789 4.3415
v  11.2663 37.3522 3.2642
v  12.3868 37.2386 3.2940
v  12.4558 37.4799 2.8014
v  11.2663 37.6005 2.7697
v  12.4792 37.4802 2.3551
v  11.2663 37.6031 2.3228
v  11.2663 33.0599 5.7623
v  11.2663 31.8241 6.1316
v  11.5029 33.0360 5.7686
v  11.2663 34.2246 5.3255
v  11.7304 34.1776 5.3379
v  11.9401 35.2050 4.8560
v  11.2663 35.2733 4.8380
v  12.5880 35.0029 4.9092
v  12.9486 35.8216 4.4092
v  13.2444 36.4630 3.8937
v  13.4643 36.9024 3.3826
v  13.5997 37.1230 2.8954
v  13.6454 37.1163 2.4509
v  11.7304 32.9650 5.7873
v  12.1767 34.0383 5.3745
v  14.7202 36.5253 2.6065
v  14.6538 36.5434 3.0480
v  11.9401 32.8497 5.8176
v  12.5880 33.8121 5.4341
v  13.1852 34.6745 4.9957
v  13.7086 35.4037 4.5192
v  14.1381 35.9716 4.0231
v  14.4573 36.3564 3.5263
v  14.3747 34.8413 4.6673
v  13.7086 34.2326 5.1120
v  14.9214 35.3103 4.1972
v  15.3276 35.6216 3.7198
v  15.5778 35.7633 3.2534
v  15.6623 35.7299 2.8159
v  12.1239 32.6945 5.8585
v  12.9486 33.5078 5.5142
v  16.3361 34.8128 3.5036
v  16.4354 34.7608 3.0710
v  12.2747 32.5055 5.9083
v  13.2444 33.1369 5.6119
v  14.1381 33.6942 5.2537
v  14.9214 34.1560 4.8477
v  15.5643 34.5045 4.4094
v  16.0419 34.7262 3.9555
v  15.3276 33.3741 5.0536
v  16.0419 33.5851 4.6514
v  16.5727 33.7047 4.2244
v  16.8996 33.7284 3.7891
v  17.0099 33.6551 3.3621
v  12.3868 32.2897 5.9651
v  13.4643 32.7138 5.7233
v  14.4573 33.0799 5.4155
v  12.4558 32.0557 6.0267
v  13.5997 32.2547 5.8441
v  14.6538 32.4134 5.5910
v  15.5778 32.5258 5.2769
v  16.3361 32.5876 4.9140
v  16.8996 32.5963 4.5163
v  17.2465 32.5517 4.0989
v  17.3637 32.4554 3.6780
v  17.0099 31.4436 4.8197
v  16.4354 31.5502 5.1871
v  17.3637 31.3280 4.4211
v  17.4831 31.2077 4.0065
v  12.4792 31.8123 6.0908
v  13.6454 31.7772 5.9698
v  14.7202 31.7202 5.7735
v  15.6623 31.6436 5.5092
v  12.4558 31.5689 6.1548
v  13.5997 31.2997 6.0955
v  14.6538 31.0271 5.9559
v  15.5778 30.7613 5.7414
v  16.3361 30.5128 5.4603
v  16.8996 30.2909 5.1232
v  17.2465 30.1043 4.7432
v  17.3637 29.9601 4.3350
v  16.0419 29.5152 5.7229
v  16.5727 29.1825 5.4150
v  16.8996 28.9276 5.0530
v  17.0099 28.7603 4.6508
v  12.3868 31.3348 6.2165
v  13.4643 30.8406 6.2164
v  14.4573 30.3605 6.1314
v  15.3276 29.9130 5.9648
v  13.2444 30.4175 6.3278
v  14.1381 29.7463 6.2932
v  14.9214 29.1312 6.1706
v  15.5643 28.5959 5.9649
v  16.0419 28.1610 5.6840
v  16.3361 27.8432 5.3385
v  16.4354 27.6547 4.9419
v  12.2747 31.1191 6.2732
v  15.5778 26.8927 5.5888
v  15.3276 27.2656 5.9197
v  15.6623 26.6855 5.1971
v  12.1239 30.9300 6.3230
v  12.9486 30.0466 6.4255
v  13.7086 29.2078 6.4349
v  14.3747 28.4459 6.3510
v  14.9214 27.7901 6.1771
v  12.5880 29.7422 6.5056
v  13.1852 28.7660 6.5512
v  13.7086 27.8835 6.4991
v  14.1381 27.1288 6.3512
v  14.4573 26.5308 6.1131
v  14.6538 26.1126 5.7941
v  14.7202 25.8902 5.4065
v  11.9401 30.7749 6.3639
v  13.4643 25.9848 6.2569
v  13.5997 25.5330 5.9468
v  13.6454 25.2992 5.5621
v  11.7304 30.6596 6.3942
v  12.1767 29.5161 6.5651
v  12.5880 28.4376 6.6377
v  12.9486 27.4656 6.6091
v  13.2444 26.6374 6.4805
v  12.1239 27.2083 6.6769
v  11.9401 28.2354 6.6909
v  12.2747 26.3348 6.5602
v  12.3868 25.6486 6.3454
v  12.4558 25.1760 6.0407
v  12.4792 24.9353 5.6579
v  11.5029 30.5886 6.4129
v  11.7304 29.3768 6.6018
v  11.2663 25.0555 6.0725
v  11.2663 24.8124 5.6902
v  11.2663 30.5646 6.4192
v  11.2663 29.3298 6.6142
v  11.2663 28.1672 6.7089
v  11.2663 27.1214 6.6997
v  11.2663 26.2326 6.5871
v  11.2663 25.5351 6.3753
v  10.2579 26.3348 6.5602
v  10.4087 27.2083 6.6769
v  10.1458 25.6486 6.3454
v  10.0768 25.1760 6.0407
v  10.0535 24.9353 5.6579
v  11.0297 30.5886 6.4129
v  10.8022 29.3768 6.6018
v  10.5925 28.2354 6.6909
v  10.8022 30.6596 6.3942
v  10.3559 29.5161 6.5651
v  9.9446 28.4376 6.6377
v  9.5841 27.4656 6.6091
v  9.2882 26.6374 6.4805
v  9.0683 25.9848 6.2569
v  8.9329 25.5330 5.9468
v  8.8872 25.2992 5.5621
v  8.8240 27.8835 6.4991
v  8.3945 27.1288 6.3512
v  8.0753 26.5308 6.1131
v  7.8788 26.1126 5.7941
v  7.8124 25.8902 5.4065
v  10.5925 30.7749 6.3639
v  9.9446 29.7422 6.5056
v  9.3474 28.7660 6.5512
v  9.5841 30.0466 6.4255
v  10.4087 30.9300 6.3230
v  8.8240 29.2078 6.4349
v  8.1579 28.4459 6.3510
v  7.6112 27.7901 6.1771
v  7.2050 27.2656 5.9197
v  6.9548 26.8927 5.5888
v  6.8703 26.6855 5.1971
v  6.9684 28.5959 5.9649
v  6.4907 28.1610 5.6840
v  6.1965 27.8432 5.3385
v  6.0972 27.6547 4.9419
v  10.2579 31.1191 6.2732
v  9.2882 30.4175 6.3278
v  8.3945 29.7463 6.2932
v  7.6112 29.1312 6.1706
v  9.0683 30.8406 6.2164
v  10.1458 31.3348 6.2165
v  8.0753 30.3605 6.1314
v  7.2050 29.9130 5.9648
v  6.4907 29.5152 5.7229
v  5.9599 29.1825 5.4150
v  5.6331 28.9276 5.0530
v  5.5227 28.7603 4.6508
v  6.1965 30.5128 5.4603
v  5.6331 30.2909 5.1232
v  5.2861 30.1043 4.7432
v  5.1689 29.9601 4.3350
v  10.0768 31.5689 6.1548
v  8.9329 31.2997 6.0955
v  7.8788 31.0271 5.9559
v  6.9548 30.7613 5.7414
v  8.8872 31.7772 5.9698
v  7.8124 31.7202 5.7735
v  6.8703 31.6436 5.5092
v  6.0972 31.5502 5.1871
v  5.5227 31.4436 4.8197
v  5.1689 31.3280 4.4211
v  5.0495 31.2077 4.0065
v  10.0535 31.8123 6.0908
v  5.6331 32.5963 4.5163
v  5.2861 32.5517 4.0989
v  5.1689 32.4554 3.6780
v  10.0768 32.0557 6.0267
v  8.9329 32.2547 5.8441
v  7.8788 32.4134 5.5910
v  6.9548 32.5258 5.2769
v  6.1965 32.5876 4.9140
v  7.2050 33.3741 5.0536
v  8.0753 33.0799 5.4155
v  6.4907 33.5851 4.6514
v  5.9599 33.7047 4.2244
v  5.6331 33.7284 3.7891
v  5.5227 33.6551 3.3621
v  10.1458 32.2897 5.9651
v  9.0683 32.7138 5.7233
v  6.1965 34.8128 3.5036
v  6.0972 34.7608 3.0710
v  10.2579 32.5055 5.9083
v  9.2882 33.1369 5.6119
v  8.3945 33.6942 5.2537
v  7.6112 34.1560 4.8477
v  6.9684 34.5045 4.4094
v  6.4907 34.7262 3.9555
v  8.8240 34.2326 5.1120
v  8.1579 34.8413 4.6673
v  7.6112 35.3103 4.1972
v  7.2050 35.6216 3.7198
v  6.9548 35.7633 3.2534
v  6.8703 35.7299 2.8159
v  10.4087 32.6945 5.8585
v  9.5841 33.5078 5.5142
v  7.8788 36.5433 3.0480
v  7.8124 36.5253 2.6065
v  10.5925 32.8497 5.8176
v  9.9446 33.8121 5.4341
v  9.3474 34.6745 4.9957
v  8.8240 35.4037 4.5192
v  8.3945 35.9716 4.0231
v  8.0753 36.3564 3.5263
v  9.2882 36.4630 3.8937
v  9.5841 35.8216 4.4092
v  9.0683 36.9024 3.3826
v  8.9329 37.1230 2.8954
v  8.8872 37.1163 2.4509
v  10.8022 32.9650 5.7873
v  10.3559 34.0383 5.3745
v  9.9446 35.0029 4.9092
v  11.0297 33.0360 5.7686
v  10.8022 34.1776 5.3379
v  10.5925 35.2050 4.8560
v  10.4087 36.0789 4.3415
v  10.2579 36.7656 3.8140
v  10.1458 37.2386 3.2940
v  10.0768 37.4799 2.8014
v  10.0535 37.4802 2.3551
# 257 vertices

vn 0.0926 0.6833 0.7242
vn 0.0000 0.6921 0.7218
vn 0.0000 0.5758 0.8176
vn 0.0658 0.5695 0.8193
vn 0.0000 0.8374 0.5465
vn 0.1291 0.8252 0.5499
vn 0.1722 0.9596 0.2223
vn 0.0000 0.9760 0.2178
vn 0.1877 0.9822 0.0105
vn 0.0000 1.0000 0.0056
vn 0.0000 0.3351 0.9422
vn 0.0000 0.2664 0.9639
vn 0.0140 0.3338 0.9426
vn 0.0000 0.4049 0.9143
vn 0.0286 0.4022 0.9151
vn 0.0453 0.4786 0.8768
vn 0.0000 0.4829 0.8756
vn 0.0889 0.4659 0.8804
vn 0.1290 0.5510 0.8245
vn 0.1817 0.6573 0.7314
vn 0.2532 0.7889 0.5599
vn 0.3378 0.9112 0.2357
vn 0.3683 0.9294 0.0251
vn 0.0276 0.3298 0.9436
vn 0.0562 0.3942 0.9173
vn 0.5347 0.8437 0.0488
vn 0.4904 0.8326 0.2574
vn 0.0400 0.3234 0.9454
vn 0.0815 0.3811 0.9209
vn 0.1290 0.4452 0.8861
vn 0.1873 0.5210 0.8328
vn 0.2638 0.6150 0.7431
vn 0.3676 0.7300 0.5762
vn 0.2384 0.4806 0.8439
vn 0.1642 0.4174 0.8938
vn 0.3358 0.5581 0.7588
vn 0.4678 0.6507 0.5981
vn 0.6242 0.7268 0.2867
vn 0.6805 0.7283 0.0807
vn 0.0509 0.3148 0.9478
vn 0.1038 0.3635 0.9258
vn 0.7340 0.5979 0.3223
vn 0.8002 0.5877 0.1195
vn 0.0599 0.3042 0.9507
vn 0.1220 0.3421 0.9317
vn 0.1931 0.3835 0.9031
vn 0.2804 0.4313 0.8575
vn 0.3949 0.4887 0.7780
vn 0.5501 0.5540 0.6248
vn 0.3115 0.3751 0.8731
vn 0.4387 0.4096 0.7999
vn 0.6113 0.4438 0.6553
vn 0.8155 0.4508 0.3629
vn 0.8891 0.4274 0.1639
vn 0.0665 0.2922 0.9540
vn 0.1356 0.3176 0.9385
vn 0.2146 0.3447 0.9138
vn 0.0706 0.2792 0.9576
vn 0.1439 0.2911 0.9458
vn 0.2278 0.3027 0.9254
vn 0.3307 0.3142 0.8899
vn 0.4658 0.3237 0.8236
vn 0.6489 0.3241 0.6884
vn 0.8658 0.2911 0.4070
vn 0.9439 0.2534 0.2119
vn 0.6616 0.1997 0.7227
vn 0.4749 0.2344 0.8483
vn 0.8827 0.1252 0.4529
vn 0.9624 0.0724 0.2619
vn 0.0720 0.2657 0.9614
vn 0.1468 0.2635 0.9534
vn 0.2323 0.2591 0.9375
vn 0.3372 0.2508 0.9074
vn 0.0706 0.2521 0.9651
vn 0.1439 0.2359 0.9611
vn 0.2278 0.2154 0.9496
vn 0.3307 0.1873 0.9249
vn 0.4658 0.1451 0.8729
vn 0.6489 0.0753 0.7571
vn 0.8658 -0.0408 0.4988
vn 0.9439 -0.1086 0.3120
vn 0.4387 0.0592 0.8967
vn 0.6113 -0.0443 0.7902
vn 0.8155 -0.2004 0.5429
vn 0.8891 -0.2826 0.3600
vn 0.0665 0.2391 0.9687
vn 0.1356 0.2093 0.9684
vn 0.2146 0.1734 0.9612
vn 0.3115 0.1264 0.9418
vn 0.1220 0.1849 0.9752
vn 0.1931 0.1347 0.9719
vn 0.2804 0.0702 0.9573
vn 0.3949 -0.0199 0.9185
vn 0.5501 -0.1546 0.8207
vn 0.7340 -0.3475 0.5835
vn 0.8002 -0.4430 0.4044
vn 0.0599 0.2271 0.9720
vn 0.6242 -0.4765 0.6192
vn 0.4678 -0.2512 0.8474
vn 0.6805 -0.5835 0.4432
vn 0.0509 0.2166 0.9749
vn 0.1038 0.1634 0.9811
vn 0.1642 0.1008 0.9813
vn 0.2384 0.0209 0.9709
vn 0.3358 -0.0893 0.9377
vn 0.0815 0.1458 0.9859
vn 0.1290 0.0729 0.9890
vn 0.1873 -0.0195 0.9821
vn 0.2638 -0.1462 0.9534
vn 0.3676 -0.3305 0.8693
vn 0.4904 -0.5823 0.6484
vn 0.5347 -0.6989 0.4751
vn 0.0400 0.2079 0.9773
vn 0.2532 -0.3895 0.8856
vn 0.3378 -0.6609 0.6701
vn 0.3683 -0.7846 0.4988
vn 0.0276 0.2015 0.9791
vn 0.0562 0.1328 0.9896
vn 0.0889 0.0522 0.9947
vn 0.1290 -0.0495 0.9904
vn 0.1817 -0.1885 0.9651
vn 0.0658 -0.0680 0.9955
vn 0.0453 0.0395 0.9982
vn 0.0926 -0.2145 0.9723
vn 0.1291 -0.4258 0.8956
vn 0.1722 -0.7093 0.6835
vn 0.1877 -0.8374 0.5134
vn 0.0141 0.1976 0.9802
vn 0.0286 0.1247 0.9918
vn 0.0000 -0.7257 0.6880
vn 0.0000 -0.8552 0.5183
vn 0.0000 0.1962 0.9806
vn 0.0000 0.1220 0.9925
vn 0.0000 0.0352 0.9994
vn 0.0000 -0.0743 0.9972
vn 0.0000 -0.2233 0.9747
vn 0.0000 -0.4380 0.8990
vn -0.0926 -0.2145 0.9723
vn -0.0658 -0.0680 0.9955
vn -0.1291 -0.4258 0.8956
vn -0.1722 -0.7093 0.6835
vn -0.1877 -0.8374 0.5133
vn -0.0141 0.1976 0.9802
vn -0.0286 0.1247 0.9918
vn -0.0453 0.0395 0.9982
vn -0.0276 0.2015 0.9791
vn -0.0562 0.1328 0.9896
vn -0.0889 0.0522 0.9947
vn -0.1290 -0.0495 0.9904
vn -0.1817 -0.1885 0.9651
vn -0.2532 -0.3895 0.8856
vn -0.3378 -0.6609 0.6701
vn -0.3683 -0.7846 0.4988
vn -0.1873 -0.0195 0.9821
vn -0.2638 -0.1462 0.9534
vn -0.3676 -0.3305 0.8693
vn -0.4904 -0.5823 0.6484
vn -0.5347 -0.6989 0.4751
vn -0.0400 0.2079 0.9773
vn -0.0815 0.1458 0.9859
vn -0.1290 0.0729 0.9890
vn -0.1038 0.1634 0.9811
vn -0.0509 0.2166 0.9749
vn -0.1642 0.1008 0.9813
vn -0.2384 0.0209 0.9709
vn -0.3358 -0.0893 0.9377
vn -0.4678 -0.2512 0.8474
vn -0.6242 -0.4765 0.6192
vn -0.6805 -0.5835 0.4432
vn -0.3949 -0.0199 0.9185
vn -0.5501 -0.1546 0.8207
vn -0.7340 -0.3475 0.5835
vn -0.8002 -0.4430 0.4043
vn -0.0599 0.2271 0.9720
vn -0.1220 0.1849 0.9752
vn -0.1931 0.1347 0.9719
vn -0.2804 0.0702 0.9573
vn -0.1356 0.2093 0.9684
vn -0.0665 0.2391 0.9687
vn -0.2146 0.1734 0.9612
vn -0.3115 0.1264 0.9418
vn -0.4387 0.0592 0.8967
vn -0.6113 -0.0443 0.7902
vn -0.8155 -0.2004 0.5429
vn -0.8891 -0.2826 0.3600
vn -0.4658 0.1451 0.8729
vn -0.6489 0.0753 0.7571
vn -0.8658 -0.0408 0.4988
vn -0.9439 -0.1086 0.3119
vn -0.0706 0.2521 0.9651
vn -0.1439 0.2359 0.9611
vn -0.2278 0.2154 0.9496
vn -0.3307 0.1873 0.9249
vn -0.1468 0.2635 0.9534
vn -0.2323 0.2591 0.9375
vn -0.3372 0.2508 0.9074
vn -0.4749 0.2344 0.8483
vn -0.6616 0.1997 0.7227
vn -0.8827 0.1252 0.4529
vn -0.9624 0.0724 0.2619
vn -0.0720 0.2657 0.9614
vn -0.6489 0.3241 0.6884
vn -0.8658 0.2911 0.4070
vn -0.9439 0.2534 0.2119
vn -0.0706 0.2792 0.9576
vn -0.1439 0.2911 0.9458
vn -0.2278 0.3027 0.9254
vn -0.3307 0.3142 0.8899
vn -0.4658 0.3237 0.8236
vn -0.3115 0.3751 0.8731
vn -0.2146 0.3447 0.9138
vn -0.4387 0.4096 0.7999
vn -0.6113 0.4438 0.6553
vn -0.8155 0.4508 0.3629
vn -0.8891 0.4274 0.1638
vn -0.0665 0.2922 0.9540
vn -0.1356 0.3176 0.9385
vn -0.7340 0.5979 0.3223
vn -0.8002 0.5877 0.1195
vn -0.0599 0.3042 0.9507
vn -0.1220 0.3421 0.9317
vn -0.1931 0.3835 0.9031
vn -0.2804 0.4313 0.8575
vn -0.3949 0.4887 0.7780
vn -0.5501 0.5540 0.6248
vn -0.1642 0.4174 0.8938
vn -0.2384 0.4806 0.8439
vn -0.3358 0.5581 0.7588
vn -0.4678 0.6507 0.5981
vn -0.6242 0.7268 0.2867
vn -0.6805 0.7283 0.0807
vn -0.0509 0.3148 0.9478
vn -0.1038 0.3635 0.9258
vn -0.4904 0.8326 0.2574
vn -0.5347 0.8437 0.0488
vn -0.0400 0.3234 0.9454
vn -0.0815 0.3811 0.9209
vn -0.1290 0.4452 0.8861
vn -0.1873 0.5210 0.8328
vn -0.2638 0.6150 0.7431
vn -0.3676 0.7300 0.5762
vn -0.1817 0.6573 0.7314
vn -0.1290 0.5510 0.8245
vn -0.2532 0.7889 0.5599
vn -0.3378 0.9112 0.2357
vn -0.3683 0.9294 0.0251
vn -0.0276 0.3298 0.9436
vn -0.0562 0.3942 0.9173
vn -0.0889 0.4659 0.8804
vn -0.0140 0.3338 0.9426
vn -0.0286 0.4022 0.9151
vn -0.0453 0.4786 0.8768
vn -0.0658 0.5695 0.8193
vn -0.0926 0.6833 0.7242
vn -0.1291 0.8252 0.5499
vn -0.1722 0.9596 0.2223
vn -0.1877 0.9822 0.0105
# 257 vertex normals

vt 0.6796 0.8383 0.0000
vt 0.6861 0.8370 0.0000
vt 0.6866 0.8424 0.0000
vt 0.6811 0.8435 0.0000
vt 0.6857 0.8325 0.0000
vt 0.6784 0.8339 0.0000
vt 0.6773 0.8304 0.0000
vt 0.6853 0.8289 0.0000
vt 0.6765 0.8275 0.0000
vt 0.6850 0.8258 0.0000
vt 0.6885 0.8631 0.0000
vt 0.6892 0.8708 0.0000
vt 0.6870 0.8634 0.0000
vt 0.6878 0.8556 0.0000
vt 0.6849 0.8562 0.0000
vt 0.6829 0.8495 0.0000
vt 0.6872 0.8487 0.0000
vt 0.6789 0.8511 0.0000
vt 0.6760 0.8456 0.0000
vt 0.6735 0.8407 0.0000
vt 0.6714 0.8367 0.0000
vt 0.6698 0.8334 0.0000
vt 0.6684 0.8307 0.0000
vt 0.6856 0.8639 0.0000
vt 0.6821 0.8573 0.0000
vt 0.6610 0.8354 0.0000
vt 0.6629 0.8379 0.0000
vt 0.6843 0.8648 0.0000
vt 0.6796 0.8590 0.0000
vt 0.6753 0.8535 0.0000
vt 0.6713 0.8486 0.0000
vt 0.6679 0.8443 0.0000
vt 0.6651 0.8408 0.0000
vt 0.6673 0.8525 0.0000
vt 0.6722 0.8565 0.0000
vt 0.6632 0.8489 0.0000
vt 0.6597 0.8460 0.0000
vt 0.6569 0.8436 0.0000
vt 0.6546 0.8415 0.0000
vt 0.6833 0.8658 0.0000
vt 0.6775 0.8610 0.0000
vt 0.6522 0.8503 0.0000
vt 0.6495 0.8488 0.0000
vt 0.6824 0.8671 0.0000
vt 0.6758 0.8635 0.0000
vt 0.6697 0.8601 0.0000
vt 0.6642 0.8571 0.0000
vt 0.6594 0.8544 0.0000
vt 0.6554 0.8522 0.0000
vt 0.6620 0.8622 0.0000
vt 0.6567 0.8605 0.0000
vt 0.6524 0.8591 0.0000
vt 0.6489 0.8579 0.0000
vt 0.6459 0.8569 0.0000
vt 0.6818 0.8685 0.0000
vt 0.6747 0.8662 0.0000
vt 0.6680 0.8641 0.0000
vt 0.6815 0.8700 0.0000
vt 0.6741 0.8692 0.0000
vt 0.6671 0.8684 0.0000
vt 0.6608 0.8677 0.0000
vt 0.6553 0.8670 0.0000
vt 0.6507 0.8665 0.0000
vt 0.6471 0.8660 0.0000
vt 0.6439 0.8656 0.0000
vt 0.6506 0.8741 0.0000
vt 0.6552 0.8737 0.0000
vt 0.6469 0.8744 0.0000
vt 0.6437 0.8746 0.0000
vt 0.6815 0.8715 0.0000
vt 0.6740 0.8721 0.0000
vt 0.6670 0.8728 0.0000
vt 0.6607 0.8733 0.0000
vt 0.6818 0.8730 0.0000
vt 0.6746 0.8751 0.0000
vt 0.6678 0.8771 0.0000
vt 0.6617 0.8788 0.0000
vt 0.6564 0.8804 0.0000
vt 0.6519 0.8816 0.0000
vt 0.6483 0.8826 0.0000
vt 0.6452 0.8835 0.0000
vt 0.6589 0.8866 0.0000
vt 0.6548 0.8888 0.0000
vt 0.6514 0.8905 0.0000
vt 0.6485 0.8920 0.0000
vt 0.6824 0.8744 0.0000
vt 0.6757 0.8779 0.0000
vt 0.6695 0.8811 0.0000
vt 0.6638 0.8841 0.0000
vt 0.6774 0.8804 0.0000
vt 0.6719 0.8848 0.0000
vt 0.6669 0.8888 0.0000
vt 0.6626 0.8923 0.0000
vt 0.6590 0.8952 0.0000
vt 0.6561 0.8975 0.0000
vt 0.6536 0.8996 0.0000
vt 0.6832 0.8756 0.0000
vt 0.6620 0.9035 0.0000
vt 0.6644 0.9006 0.0000
vt 0.6600 0.9060 0.0000
vt 0.6843 0.8767 0.0000
vt 0.6795 0.8825 0.0000
vt 0.6750 0.8879 0.0000
vt 0.6709 0.8928 0.0000
vt 0.6673 0.8971 0.0000
vt 0.6819 0.8842 0.0000
vt 0.6786 0.8904 0.0000
vt 0.6756 0.8960 0.0000
vt 0.6729 0.9008 0.0000
vt 0.6707 0.9049 0.0000
vt 0.6689 0.9082 0.0000
vt 0.6674 0.9110 0.0000
vt 0.6855 0.8776 0.0000
vt 0.6778 0.9078 0.0000
vt 0.6767 0.9114 0.0000
vt 0.6758 0.9144 0.0000
vt 0.6869 0.8782 0.0000
vt 0.6847 0.8853 0.0000
vt 0.6826 0.8920 0.0000
vt 0.6808 0.8981 0.0000
vt 0.6791 0.9034 0.0000
vt 0.6863 0.8992 0.0000
vt 0.6869 0.8929 0.0000
vt 0.6857 0.9047 0.0000
vt 0.6852 0.9093 0.0000
vt 0.6849 0.9130 0.0000
vt 0.6846 0.9162 0.0000
vt 0.6884 0.8785 0.0000
vt 0.6876 0.8859 0.0000
vt 0.6932 0.9130 0.0000
vt 0.6935 0.9162 0.0000
vt 0.6899 0.8785 0.0000
vt 0.6906 0.8859 0.0000
vt 0.6913 0.8929 0.0000
vt 0.6919 0.8992 0.0000
vt 0.6924 0.9047 0.0000
vt 0.6929 0.9093 0.0000
vt 0.6990 0.9034 0.0000
vt 0.6974 0.8982 0.0000
vt 0.7003 0.9078 0.0000
vt 0.7014 0.9114 0.0000
vt 0.7023 0.9144 0.0000
vt 0.6914 0.8782 0.0000
vt 0.6936 0.8853 0.0000
vt 0.6956 0.8921 0.0000
vt 0.6928 0.8776 0.0000
vt 0.6963 0.8842 0.0000
vt 0.6996 0.8904 0.0000
vt 0.7026 0.8960 0.0000
vt 0.7052 0.9009 0.0000
vt 0.7073 0.9049 0.0000
vt 0.7091 0.9082 0.0000
vt 0.7106 0.9110 0.0000
vt 0.7073 0.8929 0.0000
vt 0.7107 0.8972 0.0000
vt 0.7136 0.9007 0.0000
vt 0.7160 0.9036 0.0000
vt 0.7180 0.9060 0.0000
vt 0.6941 0.8768 0.0000
vt 0.6988 0.8826 0.0000
vt 0.7033 0.8880 0.0000
vt 0.7009 0.8805 0.0000
vt 0.6952 0.8757 0.0000
vt 0.7063 0.8849 0.0000
vt 0.7112 0.8889 0.0000
vt 0.7155 0.8924 0.0000
vt 0.7190 0.8954 0.0000
vt 0.7219 0.8977 0.0000
vt 0.7243 0.8997 0.0000
vt 0.7192 0.8869 0.0000
vt 0.7232 0.8891 0.0000
vt 0.7265 0.8908 0.0000
vt 0.7293 0.8923 0.0000
vt 0.6960 0.8744 0.0000
vt 0.7026 0.8780 0.0000
vt 0.7088 0.8813 0.0000
vt 0.7143 0.8843 0.0000
vt 0.7037 0.8752 0.0000
vt 0.6966 0.8730 0.0000
vt 0.7104 0.8773 0.0000
vt 0.7165 0.8791 0.0000
vt 0.7217 0.8807 0.0000
vt 0.7261 0.8821 0.0000
vt 0.7296 0.8832 0.0000
vt 0.7327 0.8841 0.0000
vt 0.7230 0.8742 0.0000
vt 0.7276 0.8746 0.0000
vt 0.7313 0.8750 0.0000
vt 0.7344 0.8753 0.0000
vt 0.6969 0.8715 0.0000
vt 0.7043 0.8723 0.0000
vt 0.7113 0.8730 0.0000
vt 0.7176 0.8736 0.0000
vt 0.7043 0.8693 0.0000
vt 0.7113 0.8686 0.0000
vt 0.7176 0.8680 0.0000
vt 0.7230 0.8675 0.0000
vt 0.7276 0.8671 0.0000
vt 0.7313 0.8667 0.0000
vt 0.7344 0.8664 0.0000
vt 0.6969 0.8700 0.0000
vt 0.7261 0.8597 0.0000
vt 0.7297 0.8586 0.0000
vt 0.7327 0.8577 0.0000
vt 0.6966 0.8685 0.0000
vt 0.7038 0.8664 0.0000
vt 0.7104 0.8644 0.0000
vt 0.7165 0.8626 0.0000
vt 0.7217 0.8610 0.0000
vt 0.7144 0.8574 0.0000
vt 0.7088 0.8604 0.0000
vt 0.7192 0.8548 0.0000
vt 0.7232 0.8527 0.0000
vt 0.7265 0.8509 0.0000
vt 0.7292 0.8494 0.0000
vt 0.6960 0.8671 0.0000
vt 0.7026 0.8636 0.0000
vt 0.7219 0.8441 0.0000
vt 0.7243 0.8421 0.0000
vt 0.6952 0.8659 0.0000
vt 0.7010 0.8612 0.0000
vt 0.7064 0.8568 0.0000
vt 0.7113 0.8528 0.0000
vt 0.7155 0.8493 0.0000
vt 0.7190 0.8464 0.0000
vt 0.7033 0.8537 0.0000
vt 0.7073 0.8488 0.0000
vt 0.7108 0.8446 0.0000
vt 0.7137 0.8411 0.0000
vt 0.7160 0.8382 0.0000
vt 0.7180 0.8358 0.0000
vt 0.6941 0.8648 0.0000
vt 0.6989 0.8591 0.0000
vt 0.7092 0.8337 0.0000
vt 0.7107 0.8309 0.0000
vt 0.6929 0.8640 0.0000
vt 0.6964 0.8574 0.0000
vt 0.6997 0.8513 0.0000
vt 0.7027 0.8457 0.0000
vt 0.7053 0.8409 0.0000
vt 0.7074 0.8369 0.0000
vt 0.6992 0.8384 0.0000
vt 0.6976 0.8436 0.0000
vt 0.7005 0.8340 0.0000
vt 0.7016 0.8305 0.0000
vt 0.7025 0.8275 0.0000
vt 0.6915 0.8634 0.0000
vt 0.6937 0.8563 0.0000
vt 0.6957 0.8496 0.0000
vt 0.6900 0.8631 0.0000
vt 0.6908 0.8557 0.0000
vt 0.6915 0.8487 0.0000
vt 0.6921 0.8425 0.0000
vt 0.6927 0.8371 0.0000
vt 0.6932 0.8326 0.0000
vt 0.6935 0.8289 0.0000
vt 0.6938 0.8258 0.0000
# 257 texture coords

o Window_001_Cylinder_008
g Window_001_Cylinder_008
usemtl Material__25
s 1
f 4409/5521/3946 4410/5522/3947 4411/5523/3948 
f 4411/5523/3948 4412/5524/3949 4409/5521/3946 
f 4413/5525/3950 4410/5522/3947 4409/5521/3946 
f 4409/5521/3946 4414/5526/3951 4413/5525/3950 
f 4415/5527/3952 4416/5528/3953 4413/5525/3950 
f 4413/5525/3950 4414/5526/3951 4415/5527/3952 
f 4416/5528/3953 4415/5527/3952 4417/5529/3954 
f 4417/5529/3954 4418/5530/3955 4416/5528/3953 
f 4419/5531/3956 4420/5532/3957 4421/5533/3958 
f 4422/5534/3959 4419/5531/3956 4421/5533/3958 
f 4421/5533/3958 4423/5535/3960 4422/5534/3959 
f 4424/5536/3961 4425/5537/3962 4422/5534/3959 
f 4422/5534/3959 4423/5535/3960 4424/5536/3961 
f 4411/5523/3948 4425/5537/3962 4424/5536/3961 
f 4424/5536/3961 4412/5524/3949 4411/5523/3948 
f 4412/5524/3949 4424/5536/3961 4426/5538/3963 
f 4426/5538/3963 4427/5539/3964 4412/5524/3949 
f 4412/5524/3949 4427/5539/3964 4428/5540/3965 
f 4428/5540/3965 4409/5521/3946 4412/5524/3949 
f 4414/5526/3951 4409/5521/3946 4428/5540/3965 
f 4428/5540/3965 4429/5541/3966 4414/5526/3951 
f 4414/5526/3951 4429/5541/3966 4430/5542/3967 
f 4430/5542/3967 4415/5527/3952 4414/5526/3951 
f 4417/5529/3954 4415/5527/3952 4430/5542/3967 
f 4430/5542/3967 4431/5543/3968 4417/5529/3954 
f 4421/5533/3958 4420/5532/3957 4432/5544/3969 
f 4423/5535/3960 4421/5533/3958 4432/5544/3969 
f 4432/5544/3969 4433/5545/3970 4423/5535/3960 
f 4423/5535/3960 4433/5545/3970 4426/5538/3963 
f 4426/5538/3963 4424/5536/3961 4423/5535/3960 
f 4434/5546/3971 4431/5543/3968 4430/5542/3967 
f 4430/5542/3967 4435/5547/3972 4434/5546/3971 
f 4432/5544/3969 4420/5532/3957 4436/5548/3973 
f 4433/5545/3970 4432/5544/3969 4436/5548/3973 
f 4436/5548/3973 4437/5549/3974 4433/5545/3970 
f 4433/5545/3970 4437/5549/3974 4438/5550/3975 
f 4438/5550/3975 4426/5538/3963 4433/5545/3970 
f 4427/5539/3964 4426/5538/3963 4438/5550/3975 
f 4438/5550/3975 4439/5551/3976 4427/5539/3964 
f 4427/5539/3964 4439/5551/3976 4440/5552/3977 
f 4440/5552/3977 4428/5540/3965 4427/5539/3964 
f 4429/5541/3966 4428/5540/3965 4440/5552/3977 
f 4440/5552/3977 4441/5553/3978 4429/5541/3966 
f 4430/5542/3967 4429/5541/3966 4441/5553/3978 
f 4441/5553/3978 4435/5547/3972 4430/5542/3967 
f 4442/5554/3979 4439/5551/3976 4438/5550/3975 
f 4438/5550/3975 4443/5555/3980 4442/5554/3979 
f 4440/5552/3977 4439/5551/3976 4442/5554/3979 
f 4442/5554/3979 4444/5556/3981 4440/5552/3977 
f 4441/5553/3978 4440/5552/3977 4444/5556/3981 
f 4444/5556/3981 4445/5557/3982 4441/5553/3978 
f 4435/5547/3972 4441/5553/3978 4445/5557/3982 
f 4445/5557/3982 4446/5558/3983 4435/5547/3972 
f 4435/5547/3972 4446/5558/3983 4447/5559/3984 
f 4447/5559/3984 4434/5546/3971 4435/5547/3972 
f 4436/5548/3973 4420/5532/3957 4448/5560/3985 
f 4449/5561/3986 4437/5549/3974 4436/5548/3973 
f 4436/5548/3973 4448/5560/3985 4449/5561/3986 
f 4438/5550/3975 4437/5549/3974 4449/5561/3986 
f 4449/5561/3986 4443/5555/3980 4438/5550/3975 
f 4446/5558/3983 4450/5562/3987 4451/5563/3988 
f 4451/5563/3988 4447/5559/3984 4446/5558/3983 
f 4448/5560/3985 4420/5532/3957 4452/5564/3989 
f 4448/5560/3985 4452/5564/3989 4453/5565/3990 
f 4453/5565/3990 4449/5561/3986 4448/5560/3985 
f 4443/5555/3980 4449/5561/3986 4453/5565/3990 
f 4453/5565/3990 4454/5566/3991 4443/5555/3980 
f 4443/5555/3980 4454/5566/3991 4455/5567/3992 
f 4455/5567/3992 4442/5554/3979 4443/5555/3980 
f 4444/5556/3981 4442/5554/3979 4455/5567/3992 
f 4455/5567/3992 4456/5568/3993 4444/5556/3981 
f 4444/5556/3981 4456/5568/3993 4457/5569/3994 
f 4457/5569/3994 4445/5557/3982 4444/5556/3981 
f 4446/5558/3983 4445/5557/3982 4457/5569/3994 
f 4457/5569/3994 4450/5562/3987 4446/5558/3983 
f 4456/5568/3993 4455/5567/3992 4458/5570/3995 
f 4458/5570/3995 4459/5571/3996 4456/5568/3993 
f 4456/5568/3993 4459/5571/3996 4460/5572/3997 
f 4460/5572/3997 4457/5569/3994 4456/5568/3993 
f 4450/5562/3987 4457/5569/3994 4460/5572/3997 
f 4460/5572/3997 4461/5573/3998 4450/5562/3987 
f 4450/5562/3987 4461/5573/3998 4462/5574/3999 
f 4462/5574/3999 4451/5563/3988 4450/5562/3987 
f 4452/5564/3989 4420/5532/3957 4463/5575/4000 
f 4452/5564/3989 4463/5575/4000 4464/5576/4001 
f 4464/5576/4001 4453/5565/3990 4452/5564/3989 
f 4454/5566/3991 4453/5565/3990 4464/5576/4001 
f 4464/5576/4001 4465/5577/4002 4454/5566/3991 
f 4454/5566/3991 4465/5577/4002 4458/5570/3995 
f 4458/5570/3995 4455/5567/3992 4454/5566/3991 
f 4463/5575/4000 4466/5578/4003 4467/5579/4004 
f 4467/5579/4004 4464/5576/4001 4463/5575/4000 
f 4465/5577/4002 4464/5576/4001 4467/5579/4004 
f 4467/5579/4004 4468/5580/4005 4465/5577/4002 
f 4465/5577/4002 4468/5580/4005 4469/5581/4006 
f 4469/5581/4006 4458/5570/3995 4465/5577/4002 
f 4459/5571/3996 4458/5570/3995 4469/5581/4006 
f 4469/5581/4006 4470/5582/4007 4459/5571/3996 
f 4460/5572/3997 4459/5571/3996 4470/5582/4007 
f 4470/5582/4007 4471/5583/4008 4460/5572/3997 
f 4472/5584/4009 4461/5573/3998 4460/5572/3997 
f 4460/5572/3997 4471/5583/4008 4472/5584/4009 
f 4462/5574/3999 4461/5573/3998 4472/5584/4009 
f 4472/5584/4009 4473/5585/4010 4462/5574/3999 
f 4463/5575/4000 4420/5532/3957 4466/5578/4003 
f 4474/5586/4011 4471/5583/4008 4470/5582/4007 
f 4470/5582/4007 4475/5587/4012 4474/5586/4011 
f 4474/5586/4011 4476/5588/4013 4472/5584/4009 
f 4472/5584/4009 4471/5583/4008 4474/5586/4011 
f 4476/5588/4013 4477/5589/4014 4473/5585/4010 
f 4473/5585/4010 4472/5584/4009 4476/5588/4013 
f 4466/5578/4003 4420/5532/3957 4478/5590/4015 
f 4467/5579/4004 4466/5578/4003 4478/5590/4015 
f 4478/5590/4015 4479/5591/4016 4467/5579/4004 
f 4480/5592/4017 4468/5580/4005 4467/5579/4004 
f 4467/5579/4004 4479/5591/4016 4480/5592/4017 
f 4469/5581/4006 4468/5580/4005 4480/5592/4017 
f 4480/5592/4017 4481/5593/4018 4469/5581/4006 
f 4475/5587/4012 4470/5582/4007 4469/5581/4006 
f 4469/5581/4006 4481/5593/4018 4475/5587/4012 
f 4482/5594/4019 4483/5595/4020 4479/5591/4016 
f 4479/5591/4016 4478/5590/4015 4482/5594/4019 
f 4483/5595/4020 4484/5596/4021 4480/5592/4017 
f 4480/5592/4017 4479/5591/4016 4483/5595/4020 
f 4485/5597/4022 4481/5593/4018 4480/5592/4017 
f 4480/5592/4017 4484/5596/4021 4485/5597/4022 
f 4486/5598/4023 4475/5587/4012 4481/5593/4018 
f 4481/5593/4018 4485/5597/4022 4486/5598/4023 
f 4486/5598/4023 4487/5599/4024 4474/5586/4011 
f 4474/5586/4011 4475/5587/4012 4486/5598/4023 
f 4488/5600/4025 4476/5588/4013 4474/5586/4011 
f 4474/5586/4011 4487/5599/4024 4488/5600/4025 
f 4489/5601/4026 4477/5589/4014 4476/5588/4013 
f 4476/5588/4013 4488/5600/4025 4489/5601/4026 
f 4478/5590/4015 4420/5532/3957 4482/5594/4019 
f 4490/5602/4027 4491/5603/4028 4487/5599/4024 
f 4487/5599/4024 4486/5598/4023 4490/5602/4027 
f 4492/5604/4029 4488/5600/4025 4487/5599/4024 
f 4487/5599/4024 4491/5603/4028 4492/5604/4029 
f 4493/5605/4030 4489/5601/4026 4488/5600/4025 
f 4488/5600/4025 4492/5604/4029 4493/5605/4030 
f 4482/5594/4019 4420/5532/3957 4494/5606/4031 
f 4494/5606/4031 4495/5607/4032 4483/5595/4020 
f 4483/5595/4020 4482/5594/4019 4494/5606/4031 
f 4496/5608/4033 4484/5596/4021 4483/5595/4020 
f 4483/5595/4020 4495/5607/4032 4496/5608/4033 
f 4497/5609/4034 4485/5597/4022 4484/5596/4021 
f 4484/5596/4021 4496/5608/4033 4497/5609/4034 
f 4490/5602/4027 4486/5598/4023 4485/5597/4022 
f 4485/5597/4022 4497/5609/4034 4490/5602/4027 
f 4498/5610/4035 4499/5611/4036 4496/5608/4033 
f 4496/5608/4033 4495/5607/4032 4498/5610/4035 
f 4499/5611/4036 4500/5612/4037 4497/5609/4034 
f 4497/5609/4034 4496/5608/4033 4499/5611/4036 
f 4500/5612/4037 4501/5613/4038 4490/5602/4027 
f 4490/5602/4027 4497/5609/4034 4500/5612/4037 
f 4501/5613/4038 4502/5614/4039 4491/5603/4028 
f 4491/5603/4028 4490/5602/4027 4501/5613/4038 
f 4502/5614/4039 4503/5615/4040 4492/5604/4029 
f 4492/5604/4029 4491/5603/4028 4502/5614/4039 
f 4493/5605/4030 4492/5604/4029 4503/5615/4040 
f 4503/5615/4040 4504/5616/4041 4493/5605/4030 
f 4494/5606/4031 4420/5532/3957 4505/5617/4042 
f 4498/5610/4035 4495/5607/4032 4494/5606/4031 
f 4494/5606/4031 4505/5617/4042 4498/5610/4035 
f 4506/5618/4043 4503/5615/4040 4502/5614/4039 
f 4502/5614/4039 4507/5619/4044 4506/5618/4043 
f 4506/5618/4043 4508/5620/4045 4504/5616/4041 
f 4504/5616/4041 4503/5615/4040 4506/5618/4043 
f 4505/5617/4042 4420/5532/3957 4509/5621/4046 
f 4509/5621/4046 4510/5622/4047 4498/5610/4035 
f 4498/5610/4035 4505/5617/4042 4509/5621/4046 
f 4511/5623/4048 4499/5611/4036 4498/5610/4035 
f 4498/5610/4035 4510/5622/4047 4511/5623/4048 
f 4511/5623/4048 4512/5624/4049 4500/5612/4037 
f 4500/5612/4037 4499/5611/4036 4511/5623/4048 
f 4513/5625/4050 4501/5613/4038 4500/5612/4037 
f 4500/5612/4037 4512/5624/4049 4513/5625/4050 
f 4513/5625/4050 4507/5619/4044 4502/5614/4039 
f 4502/5614/4039 4501/5613/4038 4513/5625/4050 
f 4514/5626/4051 4515/5627/4052 4511/5623/4048 
f 4511/5623/4048 4510/5622/4047 4514/5626/4051 
f 4516/5628/4053 4512/5624/4049 4511/5623/4048 
f 4511/5623/4048 4515/5627/4052 4516/5628/4053 
f 4517/5629/4054 4513/5625/4050 4512/5624/4049 
f 4512/5624/4049 4516/5628/4053 4517/5629/4054 
f 4517/5629/4054 4518/5630/4055 4507/5619/4044 
f 4507/5619/4044 4513/5625/4050 4517/5629/4054 
f 4518/5630/4055 4519/5631/4056 4506/5618/4043 
f 4506/5618/4043 4507/5619/4044 4518/5630/4055 
f 4519/5631/4056 4520/5632/4057 4508/5620/4045 
f 4508/5620/4045 4506/5618/4043 4519/5631/4056 
f 4509/5621/4046 4420/5532/3957 4521/5633/4058 
f 4514/5626/4051 4510/5622/4047 4509/5621/4046 
f 4509/5621/4046 4521/5633/4058 4514/5626/4051 
f 4522/5634/4059 4523/5635/4060 4519/5631/4056 
f 4519/5631/4056 4518/5630/4055 4522/5634/4059 
f 4524/5636/4061 4520/5632/4057 4519/5631/4056 
f 4519/5631/4056 4523/5635/4060 4524/5636/4061 
f 4521/5633/4058 4420/5532/3957 4525/5637/4062 
f 4526/5638/4063 4514/5626/4051 4521/5633/4058 
f 4521/5633/4058 4525/5637/4062 4526/5638/4063 
f 4527/5639/4064 4515/5627/4052 4514/5626/4051 
f 4514/5626/4051 4526/5638/4063 4527/5639/4064 
f 4527/5639/4064 4528/5640/4065 4516/5628/4053 
f 4516/5628/4053 4515/5627/4052 4527/5639/4064 
f 4528/5640/4065 4529/5641/4066 4517/5629/4054 
f 4517/5629/4054 4516/5628/4053 4528/5640/4065 
f 4522/5634/4059 4518/5630/4055 4517/5629/4054 
f 4517/5629/4054 4529/5641/4066 4522/5634/4059 
f 4530/5642/4067 4528/5640/4065 4527/5639/4064 
f 4527/5639/4064 4531/5643/4068 4530/5642/4067 
f 4532/5644/4069 4529/5641/4066 4528/5640/4065 
f 4528/5640/4065 4530/5642/4067 4532/5644/4069 
f 4532/5644/4069 4533/5645/4070 4522/5634/4059 
f 4522/5634/4059 4529/5641/4066 4532/5644/4069 
f 4534/5646/4071 4523/5635/4060 4522/5634/4059 
f 4522/5634/4059 4533/5645/4070 4534/5646/4071 
f 4534/5646/4071 4535/5647/4072 4524/5636/4061 
f 4524/5636/4061 4523/5635/4060 4534/5646/4071 
f 4525/5637/4062 4420/5532/3957 4536/5648/4073 
f 4537/5649/4074 4526/5638/4063 4525/5637/4062 
f 4525/5637/4062 4536/5648/4073 4537/5649/4074 
f 4531/5643/4068 4527/5639/4064 4526/5638/4063 
f 4526/5638/4063 4537/5649/4074 4531/5643/4068 
f 4538/5650/4075 4539/5651/4076 4535/5647/4072 
f 4535/5647/4072 4534/5646/4071 4538/5650/4075 
f 4536/5648/4073 4420/5532/3957 4540/5652/4077 
f 4540/5652/4077 4541/5653/4078 4537/5649/4074 
f 4537/5649/4074 4536/5648/4073 4540/5652/4077 
f 4542/5654/4079 4531/5643/4068 4537/5649/4074 
f 4537/5649/4074 4541/5653/4078 4542/5654/4079 
f 4543/5655/4080 4530/5642/4067 4531/5643/4068 
f 4531/5643/4068 4542/5654/4079 4543/5655/4080 
f 4543/5655/4080 4544/5656/4081 4532/5644/4069 
f 4532/5644/4069 4530/5642/4067 4543/5655/4080 
f 4545/5657/4082 4533/5645/4070 4532/5644/4069 
f 4532/5644/4069 4544/5656/4081 4545/5657/4082 
f 4538/5650/4075 4534/5646/4071 4533/5645/4070 
f 4533/5645/4070 4545/5657/4082 4538/5650/4075 
f 4546/5658/4083 4544/5656/4081 4543/5655/4080 
f 4543/5655/4080 4547/5659/4084 4546/5658/4083 
f 4548/5660/4085 4545/5657/4082 4544/5656/4081 
f 4544/5656/4081 4546/5658/4083 4548/5660/4085 
f 4548/5660/4085 4549/5661/4086 4538/5650/4075 
f 4538/5650/4075 4545/5657/4082 4548/5660/4085 
f 4550/5662/4087 4539/5651/4076 4538/5650/4075 
f 4538/5650/4075 4549/5661/4086 4550/5662/4087 
f 4540/5652/4077 4420/5532/3957 4551/5663/4088 
f 4551/5663/4088 4552/5664/4089 4541/5653/4078 
f 4541/5653/4078 4540/5652/4077 4551/5663/4088 
f 4552/5664/4089 4553/5665/4090 4542/5654/4079 
f 4542/5654/4079 4541/5653/4078 4552/5664/4089 
f 4553/5665/4090 4547/5659/4084 4543/5655/4080 
f 4543/5655/4080 4542/5654/4079 4553/5665/4090 
f 4551/5663/4088 4420/5532/3957 4554/5666/4091 
f 4555/5667/4092 4552/5664/4089 4551/5663/4088 
f 4551/5663/4088 4554/5666/4091 4555/5667/4092 
f 4555/5667/4092 4556/5668/4093 4553/5665/4090 
f 4553/5665/4090 4552/5664/4089 4555/5667/4092 
f 4556/5668/4093 4557/5669/4094 4547/5659/4084 
f 4547/5659/4084 4553/5665/4090 4556/5668/4093 
f 4558/5670/4095 4546/5658/4083 4547/5659/4084 
f 4547/5659/4084 4557/5669/4094 4558/5670/4095 
f 4559/5671/4096 4548/5660/4085 4546/5658/4083 
f 4546/5658/4083 4558/5670/4095 4559/5671/4096 
f 4560/5672/4097 4549/5661/4086 4548/5660/4085 
f 4548/5660/4085 4559/5671/4096 4560/5672/4097 
f 4561/5673/4098 4550/5662/4087 4549/5661/4086 
f 4549/5661/4086 4560/5672/4097 4561/5673/4098 
f 4562/5674/4099 4563/5675/4100 4558/5670/4095 
f 4558/5670/4095 4557/5669/4094 4562/5674/4099 
f 4563/5675/4100 4564/5676/4101 4559/5671/4096 
f 4559/5671/4096 4558/5670/4095 4563/5675/4100 
f 4564/5676/4101 4565/5677/4102 4560/5672/4097 
f 4560/5672/4097 4559/5671/4096 4564/5676/4101 
f 4565/5677/4102 4566/5678/4103 4561/5673/4098 
f 4561/5673/4098 4560/5672/4097 4565/5677/4102 
f 4554/5666/4091 4420/5532/3957 4567/5679/4104 
f 4568/5680/4105 4555/5667/4092 4554/5666/4091 
f 4554/5666/4091 4567/5679/4104 4568/5680/4105 
f 4556/5668/4093 4555/5667/4092 4568/5680/4105 
f 4568/5680/4105 4569/5681/4106 4556/5668/4093 
f 4562/5674/4099 4557/5669/4094 4556/5668/4093 
f 4556/5668/4093 4569/5681/4106 4562/5674/4099 
f 4570/5682/4107 4568/5680/4105 4567/5679/4104 
f 4567/5679/4104 4571/5683/4108 4570/5682/4107 
f 4570/5682/4107 4572/5684/4109 4569/5681/4106 
f 4569/5681/4106 4568/5680/4105 4570/5682/4107 
f 4573/5685/4110 4562/5674/4099 4569/5681/4106 
f 4569/5681/4106 4572/5684/4109 4573/5685/4110 
f 4573/5685/4110 4574/5686/4111 4563/5675/4100 
f 4563/5675/4100 4562/5674/4099 4573/5685/4110 
f 4575/5687/4112 4564/5676/4101 4563/5675/4100 
f 4563/5675/4100 4574/5686/4111 4575/5687/4112 
f 4575/5687/4112 4576/5688/4113 4565/5677/4102 
f 4565/5677/4102 4564/5676/4101 4575/5687/4112 
f 4576/5688/4113 4577/5689/4114 4566/5678/4103 
f 4566/5678/4103 4565/5677/4102 4576/5688/4113 
f 4567/5679/4104 4420/5532/3957 4571/5683/4108 
f 4578/5690/4115 4579/5691/4116 4575/5687/4112 
f 4575/5687/4112 4574/5686/4111 4578/5690/4115 
f 4580/5692/4117 4576/5688/4113 4575/5687/4112 
f 4575/5687/4112 4579/5691/4116 4580/5692/4117 
f 4581/5693/4118 4577/5689/4114 4576/5688/4113 
f 4576/5688/4113 4580/5692/4117 4581/5693/4118 
f 4571/5683/4108 4420/5532/3957 4582/5694/4119 
f 4582/5694/4119 4583/5695/4120 4570/5682/4107 
f 4570/5682/4107 4571/5683/4108 4582/5694/4119 
f 4584/5696/4121 4572/5684/4109 4570/5682/4107 
f 4570/5682/4107 4583/5695/4120 4584/5696/4121 
f 4584/5696/4121 4585/5697/4122 4573/5685/4110 
f 4573/5685/4110 4572/5684/4109 4584/5696/4121 
f 4585/5697/4122 4578/5690/4115 4574/5686/4111 
f 4574/5686/4111 4573/5685/4110 4585/5697/4122 
f 4586/5698/4123 4583/5695/4120 4582/5694/4119 
f 4582/5694/4119 4587/5699/4124 4586/5698/4123 
f 4588/5700/4125 4584/5696/4121 4583/5695/4120 
f 4583/5695/4120 4586/5698/4123 4588/5700/4125 
f 4589/5701/4126 4585/5697/4122 4584/5696/4121 
f 4584/5696/4121 4588/5700/4125 4589/5701/4126 
f 4590/5702/4127 4578/5690/4115 4585/5697/4122 
f 4585/5697/4122 4589/5701/4126 4590/5702/4127 
f 4591/5703/4128 4579/5691/4116 4578/5690/4115 
f 4578/5690/4115 4590/5702/4127 4591/5703/4128 
f 4592/5704/4129 4580/5692/4117 4579/5691/4116 
f 4579/5691/4116 4591/5703/4128 4592/5704/4129 
f 4593/5705/4130 4581/5693/4118 4580/5692/4117 
f 4580/5692/4117 4592/5704/4129 4593/5705/4130 
f 4582/5694/4119 4420/5532/3957 4587/5699/4124 
f 4594/5706/4131 4595/5707/4132 4591/5703/4128 
f 4591/5703/4128 4590/5702/4127 4594/5706/4131 
f 4596/5708/4133 4592/5704/4129 4591/5703/4128 
f 4591/5703/4128 4595/5707/4132 4596/5708/4133 
f 4596/5708/4133 4597/5709/4134 4593/5705/4130 
f 4593/5705/4130 4592/5704/4129 4596/5708/4133 
f 4587/5699/4124 4420/5532/3957 4598/5710/4135 
f 4599/5711/4136 4586/5698/4123 4587/5699/4124 
f 4587/5699/4124 4598/5710/4135 4599/5711/4136 
f 4600/5712/4137 4588/5700/4125 4586/5698/4123 
f 4586/5698/4123 4599/5711/4136 4600/5712/4137 
f 4600/5712/4137 4601/5713/4138 4589/5701/4126 
f 4589/5701/4126 4588/5700/4125 4600/5712/4137 
f 4594/5706/4131 4590/5702/4127 4589/5701/4126 
f 4589/5701/4126 4601/5713/4138 4594/5706/4131 
f 4602/5714/4139 4603/5715/4140 4600/5712/4137 
f 4600/5712/4137 4599/5711/4136 4602/5714/4139 
f 4604/5716/4141 4601/5713/4138 4600/5712/4137 
f 4600/5712/4137 4603/5715/4140 4604/5716/4141 
f 4604/5716/4141 4605/5717/4142 4594/5706/4131 
f 4594/5706/4131 4601/5713/4138 4604/5716/4141 
f 4605/5717/4142 4606/5718/4143 4595/5707/4132 
f 4595/5707/4132 4594/5706/4131 4605/5717/4142 
f 4606/5718/4143 4607/5719/4144 4596/5708/4133 
f 4596/5708/4133 4595/5707/4132 4606/5718/4143 
f 4607/5719/4144 4608/5720/4145 4597/5709/4134 
f 4597/5709/4134 4596/5708/4133 4607/5719/4144 
f 4598/5710/4135 4420/5532/3957 4609/5721/4146 
f 4602/5714/4139 4599/5711/4136 4598/5710/4135 
f 4598/5710/4135 4609/5721/4146 4602/5714/4139 
f 4610/5722/4147 4611/5723/4148 4607/5719/4144 
f 4607/5719/4144 4606/5718/4143 4610/5722/4147 
f 4611/5723/4148 4612/5724/4149 4608/5720/4145 
f 4608/5720/4145 4607/5719/4144 4611/5723/4148 
f 4609/5721/4146 4420/5532/3957 4613/5725/4150 
f 4614/5726/4151 4602/5714/4139 4609/5721/4146 
f 4609/5721/4146 4613/5725/4150 4614/5726/4151 
f 4614/5726/4151 4615/5727/4152 4603/5715/4140 
f 4603/5715/4140 4602/5714/4139 4614/5726/4151 
f 4615/5727/4152 4616/5728/4153 4604/5716/4141 
f 4604/5716/4141 4603/5715/4140 4615/5727/4152 
f 4616/5728/4153 4617/5729/4154 4605/5717/4142 
f 4605/5717/4142 4604/5716/4141 4616/5728/4153 
f 4610/5722/4147 4606/5718/4143 4605/5717/4142 
f 4605/5717/4142 4617/5729/4154 4610/5722/4147 
f 4618/5730/4155 4616/5728/4153 4615/5727/4152 
f 4615/5727/4152 4619/5731/4156 4618/5730/4155 
f 4620/5732/4157 4617/5729/4154 4616/5728/4153 
f 4616/5728/4153 4618/5730/4155 4620/5732/4157 
f 4621/5733/4158 4610/5722/4147 4617/5729/4154 
f 4617/5729/4154 4620/5732/4157 4621/5733/4158 
f 4622/5734/4159 4611/5723/4148 4610/5722/4147 
f 4610/5722/4147 4621/5733/4158 4622/5734/4159 
f 4612/5724/4149 4611/5723/4148 4622/5734/4159 
f 4622/5734/4159 4623/5735/4160 4612/5724/4149 
f 4613/5725/4150 4420/5532/3957 4624/5736/4161 
f 4625/5737/4162 4614/5726/4151 4613/5725/4150 
f 4613/5725/4150 4624/5736/4161 4625/5737/4162 
f 4619/5731/4156 4615/5727/4152 4614/5726/4151 
f 4614/5726/4151 4625/5737/4162 4619/5731/4156 
f 4626/5738/4163 4627/5739/4164 4623/5735/4160 
f 4623/5735/4160 4622/5734/4159 4626/5738/4163 
f 4624/5736/4161 4420/5532/3957 4628/5740/4165 
f 4629/5741/4166 4625/5737/4162 4624/5736/4161 
f 4624/5736/4161 4628/5740/4165 4629/5741/4166 
f 4630/5742/4167 4619/5731/4156 4625/5737/4162 
f 4625/5737/4162 4629/5741/4166 4630/5742/4167 
f 4631/5743/4168 4618/5730/4155 4619/5731/4156 
f 4619/5731/4156 4630/5742/4167 4631/5743/4168 
f 4631/5743/4168 4632/5744/4169 4620/5732/4157 
f 4620/5732/4157 4618/5730/4155 4631/5743/4168 
f 4632/5744/4169 4633/5745/4170 4621/5733/4158 
f 4621/5733/4158 4620/5732/4157 4632/5744/4169 
f 4633/5745/4170 4626/5738/4163 4622/5734/4159 
f 4622/5734/4159 4621/5733/4158 4633/5745/4170 
f 4634/5746/4171 4635/5747/4172 4631/5743/4168 
f 4631/5743/4168 4630/5742/4167 4634/5746/4171 
f 4636/5748/4173 4632/5744/4169 4631/5743/4168 
f 4631/5743/4168 4635/5747/4172 4636/5748/4173 
f 4637/5749/4174 4633/5745/4170 4632/5744/4169 
f 4632/5744/4169 4636/5748/4173 4637/5749/4174 
f 4637/5749/4174 4638/5750/4175 4626/5738/4163 
f 4626/5738/4163 4633/5745/4170 4637/5749/4174 
f 4638/5750/4175 4639/5751/4176 4627/5739/4164 
f 4627/5739/4164 4626/5738/4163 4638/5750/4175 
f 4628/5740/4165 4420/5532/3957 4640/5752/4177 
f 4640/5752/4177 4641/5753/4178 4629/5741/4166 
f 4629/5741/4166 4628/5740/4165 4640/5752/4177 
f 4641/5753/4178 4634/5746/4171 4630/5742/4167 
f 4630/5742/4167 4629/5741/4166 4641/5753/4178 
f 4642/5754/4179 4643/5755/4180 4639/5751/4176 
f 4639/5751/4176 4638/5750/4175 4642/5754/4179 
f 4640/5752/4177 4420/5532/3957 4644/5756/4181 
f 4645/5757/4182 4641/5753/4178 4640/5752/4177 
f 4640/5752/4177 4644/5756/4181 4645/5757/4182 
f 4645/5757/4182 4646/5758/4183 4634/5746/4171 
f 4634/5746/4171 4641/5753/4178 4645/5757/4182 
f 4647/5759/4184 4635/5747/4172 4634/5746/4171 
f 4634/5746/4171 4646/5758/4183 4647/5759/4184 
f 4647/5759/4184 4648/5760/4185 4636/5748/4173 
f 4636/5748/4173 4635/5747/4172 4647/5759/4184 
f 4649/5761/4186 4637/5749/4174 4636/5748/4173 
f 4636/5748/4173 4648/5760/4185 4649/5761/4186 
f 4649/5761/4186 4642/5754/4179 4638/5750/4175 
f 4638/5750/4175 4637/5749/4174 4649/5761/4186 
f 4650/5762/4187 4648/5760/4185 4647/5759/4184 
f 4647/5759/4184 4651/5763/4188 4650/5762/4187 
f 4652/5764/4189 4649/5761/4186 4648/5760/4185 
f 4648/5760/4185 4650/5762/4187 4652/5764/4189 
f 4653/5765/4190 4642/5754/4179 4649/5761/4186 
f 4649/5761/4186 4652/5764/4189 4653/5765/4190 
f 4643/5755/4180 4642/5754/4179 4653/5765/4190 
f 4653/5765/4190 4654/5766/4191 4643/5755/4180 
f 4644/5756/4181 4420/5532/3957 4655/5767/4192 
f 4656/5768/4193 4645/5757/4182 4644/5756/4181 
f 4644/5756/4181 4655/5767/4192 4656/5768/4193 
f 4657/5769/4194 4646/5758/4183 4645/5757/4182 
f 4645/5757/4182 4656/5768/4193 4657/5769/4194 
f 4651/5763/4188 4647/5759/4184 4646/5758/4183 
f 4646/5758/4183 4657/5769/4194 4651/5763/4188 
f 4655/5767/4192 4420/5532/3957 4658/5770/4195 
f 4658/5770/4195 4659/5771/4196 4656/5768/4193 
f 4656/5768/4193 4655/5767/4192 4658/5770/4195 
f 4660/5772/4197 4657/5769/4194 4656/5768/4193 
f 4656/5768/4193 4659/5771/4196 4660/5772/4197 
f 4660/5772/4197 4661/5773/4198 4651/5763/4188 
f 4651/5763/4188 4657/5769/4194 4660/5772/4197 
f 4662/5774/4199 4650/5762/4187 4651/5763/4188 
f 4651/5763/4188 4661/5773/4198 4662/5774/4199 
f 4662/5774/4199 4663/5775/4200 4652/5764/4189 
f 4652/5764/4189 4650/5762/4187 4662/5774/4199 
f 4664/5776/4201 4653/5765/4190 4652/5764/4189 
f 4652/5764/4189 4663/5775/4200 4664/5776/4201 
f 4664/5776/4201 4665/5777/4202 4654/5766/4191 
f 4654/5766/4191 4653/5765/4190 4664/5776/4201 
f 4411/5523/3948 4410/5522/3947 4662/5774/4199 
f 4662/5774/4199 4661/5773/4198 4411/5523/3948 
f 4663/5775/4200 4662/5774/4199 4410/5522/3947 
f 4410/5522/3947 4413/5525/3950 4663/5775/4200 
f 4413/5525/3950 4416/5528/3953 4664/5776/4201 
f 4664/5776/4201 4663/5775/4200 4413/5525/3950 
f 4664/5776/4201 4416/5528/3953 4418/5530/3955 
f 4418/5530/3955 4665/5777/4202 4664/5776/4201 
f 4658/5770/4195 4420/5532/3957 4419/5531/3956 
f 4659/5771/4196 4658/5770/4195 4419/5531/3956 
f 4419/5531/3956 4422/5534/3959 4659/5771/4196 
f 4422/5534/3959 4425/5537/3962 4660/5772/4197 
f 4660/5772/4197 4659/5771/4196 4422/5534/3959 
f 4661/5773/4198 4660/5772/4197 4425/5537/3962 
f 4425/5537/3962 4411/5523/3948 4661/5773/4198 
# 480 faces

